AGN_name,RA,DEC,z,source,type,ALeRCE,prob_diff_top2,alert_offset,t0,te,tg,r0_g,r0_r,A_g,A_r,max_gap,peak_sigma_g,peak_sigma_r,excess_num_g,excess_num_r,delta_bic,flare_point_g,flare_point_r,flag_1,flag_2,flag_3,flag_4,flag_5,flag_6,flag_7,flag_8
J000202.63+085628.4,0.5109535,8.9412271,0.217,MDLQW,,SNII,0.573,0.062,60163.3,79.2,171.7,130.67,223.09,60.34,74.94,218.2,4.16,3.97,0.0,0.0,17.5,29.0,20.0,0.0,0.0,0.0,0.0,0.0,0.0,0.0,0.0
J000309.61+215736.9,0.7900422,21.9602647,0.022,M,,AGN,0.375,0.155,60230.5,20.6,6.5,1609.27,3424.67,1176.3,1360.9,215.2,6.83,5.17,0.0,1.0,87.5,8.0,8.0,0.0,0.0,0.0,0.0,0.0,0.0,0.0,0.0
J000315.35+331132.1,0.8139678,33.1922653,1.916,MQW,,QSO,0.046,0.926,59503.2,497.2,125.3,145.68,183.07,61.91,51.64,137.3,3.86,3.12,0.0,0.0,21.5,56.0,105.0,0.0,0.0,0.0,0.0,0.0,0.0,0.0,0.0
J000832.51-101656.8,2.1354611,-10.2824633,0.077,M,,,,,58435.4,0.4,1.5,208.39,483.56,104.22,143.22,245.2,4.24,5.22,1.0,1.0,24.8,2.0,1.0,0.0,0.0,0.0,0.0,0.0,0.0,0.0,0.0
J001004.79+222810.0,2.5199556,22.4694601,1.662,MDQ,,QSO,0.521,0.037,58741.0,0.2,1.8,56.55,63.96,24.58,50.61,205.2,3.28,3.48,0.0,2.0,46.4,1.0,1.0,0.0,0.0,0.0,0.0,0.0,0.0,0.0,0.0
J001030.21+224454.7,2.6258852,22.7485415,1.63,MDQW,,,,,58956.4,225.0,73.3,27.77,40.24,15.23,17.13,205.2,3.47,5.94,0.0,1.0,19.3,43.0,50.0,0.0,0.0,0.0,0.0,0.0,0.0,0.0,0.0
J001354.13-042352.3,3.4755538,-4.3978708,1.076,MQW,Blazar,Blazar,0.476,0.114,59507.9,13.8,11.8,30.06,47.64,787.6,944.52,337.1,5.99,7.04,0.0,0.0,261.8,3.0,4.0,0.0,0.0,0.0,0.0,0.0,0.0,0.0,0.0
J001507.47+110602.9,3.781144,11.1008145,0.703,MDQW,,,,,58833.7,94.8,25.6,85.93,100.73,37.7,33.98,218.2,4.21,3.76,1.0,0.0,12.5,10.0,9.0,0.0,0.0,0.0,0.0,0.0,0.0,0.0,0.0
J001617.22+050946.5,4.0717466,5.1629244,1.448,MQW,,QSO,0.663,0.142,59002.8,896.5,391.6,15.61,27.04,33.84,40.66,234.2,4.27,3.24,0.0,0.0,13.5,129.0,166.0,0.0,0.0,0.0,0.0,0.0,0.0,0.0,0.0
J001736.90+145101.8,4.4037609,14.8505197,0.303,MQW,Blazar,Blazar,0.805,0.1,60189.4,9.0,19.3,107.98,200.85,219.23,294.78,219.7,6.2,6.35,0.0,0.0,131.9,6.0,6.0,0.0,0.0,0.0,0.0,0.0,0.0,0.0,0.0
J001908.87+281753.7,4.7869386,28.2982742,0.687,MQW,,SN,0.175,0.02,58740.7,164.5,65.7,125.37,153.78,84.16,89.82,132.5,3.16,3.2,0.0,0.0,28.1,64.0,66.0,0.0,0.0,0.0,0.0,0.0,0.0,0.0,0.0
J001954.36+155740.3,4.9764839,15.961217,0.083,M,SN,Blazar,0.208,0.033,58775.2,40.0,9.3,221.4,405.41,161.43,154.31,141.8,5.1,4.47,0.0,0.0,52.6,14.0,16.0,0.0,0.0,0.0,0.0,0.0,0.0,0.0,0.0
J002232.44+060804.2,5.6351733,6.1345197,0.996,MQ,Blazar,Blazar,0.576,0.115,59055.7,35.8,20.9,96.53,146.06,530.82,820.02,207.2,5.28,5.04,0.0,0.0,57.4,15.0,15.0,0.0,0.0,0.0,0.0,0.0,0.0,0.0,0.0
J002332.34-011444.2,5.88474,-1.2456112,0.483,MDQW,,Blazar,0.023,0.17,60464.3,24.4,302.3,720.96,679.9,211.08,178.01,219.2,3.62,3.65,0.0,0.0,20.5,27.0,20.0,0.0,0.0,0.0,0.0,0.0,0.0,0.0,0.0
J002903.06-110348.4,7.2627531,-11.0634618,0.055,M,,,,,58434.4,1.3,0.7,433.44,880.4,103.66,296.49,232.2,4.97,4.67,0.0,1.0,12.9,2.0,1.0,0.0,0.0,0.0,0.0,0.0,0.0,0.0,0.0
J002922.44+335202.7,7.3435201,33.8674227,0.9,MQW,,QSO,0.577,0.265,59238.8,229.9,225.0,14.85,15.68,18.93,20.02,217.2,3.4,3.11,0.0,0.0,31.9,74.0,94.0,0.0,0.0,0.0,0.0,0.0,0.0,0.0,0.0
J002923.38+281826.6,7.3474282,28.3073877,1.4,MDQW,,,,,58769.7,2.8,3.3,26.66,40.01,18.18,24.51,198.4,3.85,4.45,1.0,1.0,32.8,1.0,2.0,0.0,0.0,0.0,0.0,0.0,0.0,0.0,0.0
J003036.72+284310.0,7.6530002,28.719446S4,1.433,MDQ,,AGN,0.052,0.255,60466.2,53.4,123.7,66.47,84.46,33.77,25.94,138.3,5.06,4.39,0.0,0.0,12.0,10.0,13.0,0.0,0.0,0.0,0.0,0.0,0.0,0.0,0.0
J003239.79-025456.6,8.16579,-2.91573,0.019,M,,bogus,0.791,0.538,58438.0,0.0,3.5,1418.19,3197.8,540.52,1466.57,275.2,5.39,6.29,1.0,1.0,51.4,1.0,2.0,0.0,0.0,0.0,0.0,0.0,0.0,0.0,0.0
J003637.71+161610.6,9.1571146,16.2696372,2.201,MDW,,QSO,0.682,0.193,60018.2,125.8,88.0,37.55,45.09,34.59,30.1,207.2,5.33,5.21,0.0,1.0,11.7,12.0,19.0,0.0,0.0,0.0,0.0,0.0,0.0,0.0,0.0
J003657.18-100810.7,9.2382476,-10.1363058,0.188,M,,AGN,0.787,0.279,59284.5,309.2,391.8,286.07,491.29,104.71,98.99,311.2,2.89,3.64,0.0,0.0,26.5,68.0,77.0,0.0,0.0,0.0,0.0,0.0,0.0,0.0,0.0
J003849.27-011722.4,9.7052924,-1.2895711,0.5,MW,,,,,58853.1,5.1,3.9,15.33,25.77,46.37,70.31,295.1,6.76,8.37,0.0,0.0,123.8,2.0,2.0,0.0,0.0,0.0,0.0,0.0,0.0,0.0,0.0
J003855.52+332759.9,9.7313174,33.4666385,1.292,M,,,,,58773.8,218.3,167.5,12.21,17.22,8.97,7.99,242.2,4.1,7.07,0.0,1.0,26.6,44.0,60.0,0.0,0.0,0.0,0.0,0.0,0.0,0.0,0.0
J003945.03-244150.3,9.9376251,-24.6973056,0.064,M,,,,,58432.9,5.2,1.9,250.92,607.81,230.52,340.99,289.1,6.28,3.9,0.0,0.0,38.5,3.0,3.0,0.0,0.0,0.0,0.0,0.0,0.0,0.0,0.0
J004013.53+012546.3,10.0563552,1.4295355,0.226,M,,SN,0.77,0.24,59848.7,3.6,1.9,88.25,213.71,68.54,119.95,215.2,6.25,6.38,0.0,1.0,63.3,1.0,2.0,0.0,0.0,0.0,0.0,0.0,0.0,0.0,0.0
J004048.75-054050.5,10.2031457,-5.6806994,0.097,M,,,,,58437.3,0.0,3.3,129.17,308.6,62.18,154.61,275.2,4.33,5.07,0.0,2.0,20.8,2.0,2.0,0.0,0.0,0.0,0.0,0.0,0.0,0.0,0.0
J004608.20+271526.2,11.5341815,27.2572816,0.37,MQW,,,,,58771.6,0.6,2.7,74.17,106.43,43.32,23.68,152.3,6.94,3.95,1.0,1.0,55.3,1.0,1.0,0.0,0.0,0.0,0.0,0.0,0.0,0.0,0.0
J004619.71+020231.2,11.5821215,2.0420242,0.373,MQW,,AGN,0.066,0.097,59959.3,90.9,66.7,48.2,71.15,58.82,45.93,223.2,4.88,5.6,0.0,0.0,19.6,13.0,15.0,0.0,0.0,0.0,0.0,0.0,0.0,0.0,0.0
J004804.82+091556.7,12.0200768,9.2657662,1.105,MQW,,QSO,0.175,0.091,58771.4,1.3,2.2,50.01,72.02,56.06,17.07,207.2,3.16,2.02,0.0,0.0,17.4,1.0,1.0,0.0,0.0,0.0,0.0,0.0,0.0,0.0,0.0
J005028.91+251847.6,12.6204382,25.3132451,0.274,MQW,,AGN,0.412,0.156,59129.8,128.9,30.7,103.14,153.97,55.07,57.65,141.3,3.69,3.65,0.0,0.0,17.6,37.0,36.0,0.0,0.0,0.0,0.0,0.0,0.0,0.0,0.0
J005108.21-065002.2,12.784208,-6.8339535,1.975,MQ,Blazar,Blazar,0.364,0.206,59479.8,0.5,8.4,49.12,62.25,180.75,313.93,234.3,7.57,7.52,0.0,0.0,306.7,2.0,1.0,0.0,0.0,0.0,0.0,0.0,0.0,0.0,0.0
J005354.45-240437.0,13.4768869,-24.076962,0.056,M,,Periodic-Other,0.728,0.035,58433.9,1.8,2.8,342.93,664.15,299.52,513.38,324.1,4.24,4.93,0.0,0.0,39.4,2.0,2.0,0.0,0.0,0.0,0.0,0.0,0.0,0.0,0.0
J005425.34+010400.7,13.6055962,1.0668662,0.706,M,,AGN,0.011,0.132,58831.8,191.8,109.0,11.35,16.59,14.98,23.05,219.2,2.57,3.55,1.0,0.0,33.5,23.0,30.0,0.0,0.0,0.0,0.0,0.0,0.0,0.0,0.0
J005528.39+250040.1,13.8682794,25.0111433,0.659,MQW,,QSO,0.594,0.021,59490.6,245.0,85.7,37.33,41.8,51.08,48.67,143.3,3.33,3.35,0.0,0.0,56.9,39.0,37.0,0.0,0.0,0.0,0.0,0.0,0.0,0.0,0.0
J005609.59+344020.8,14.0399688,34.6724518,1.288,MLQ,,QSO,0.48,0.068,59179.9,2.0,0.0,25.71,36.63,43.47,28.39,182.2,5.09,3.22,0.0,0.0,61.0,1.0,1.0,0.0,0.0,0.0,0.0,0.0,0.0,0.0,0.0
J005706.37+253457.3,14.27655,25.5825857,1.505,MW,,Blazar,0.082,0.091,58764.3,4.2,0.1,16.69,21.17,28.02,42.58,266.1,2.41,3.98,1.0,1.0,22.6,1.0,1.0,0.0,0.0,0.0,0.0,0.0,0.0,0.0,0.0
J005707.19+272032.0,14.2799471,27.3422349,1.246,MDQW,,AGN,0.526,0.283,59182.5,0.5,4.6,105.99,162.41,33.36,40.08,141.3,3.44,3.1,1.0,0.0,40.9,2.0,1.0,0.0,0.0,0.0,0.0,0.0,0.0,0.0,0.0
J005730.07+281420.7,14.3753083,28.2391002,0.9,M,,CV/Nova,0.066,0.127,58814.2,316.1,212.4,42.02,39.2,59.4,74.67,156.3,3.2,3.41,0.0,0.0,210.8,87.0,99.0,0.0,0.0,0.0,0.0,0.0,0.0,0.0,0.0
J005846.53-205024.1,14.6938591,-20.840049,0.018,M,,bogus,0.626,0.414,58431.7,3.2,0.4,2351.88,4142.25,1185.05,1911.32,260.3,4.36,4.79,1.0,0.0,36.5,1.0,1.0,0.0,0.0,0.0,0.0,0.0,0.0,0.0,0.0
J005852.35+344500.0,14.7181228,34.7500031,2.443,MQ,,,,,58902.0,357.3,464.9,15.17,14.12,11.7,9.64,215.2,3.95,4.21,1.0,0.0,16.9,99.0,113.0,0.0,0.0,0.0,0.0,0.0,0.0,0.0,0.0
J005927.89-193549.3,14.8662142,-19.5970429,0.99,MQW,,QSO,0.334,0.076,59523.2,160.3,105.2,75.15,88.69,39.29,40.39,245.2,3.46,3.13,0.0,0.0,22.8,28.0,28.0,0.0,0.0,0.0,0.0,0.0,0.0,0.0,0.0
J010205.83-220618.3,15.524298,-22.1050934,0.055,M,,,,,58431.5,2.8,0.2,186.31,329.74,325.46,592.99,253.2,4.85,6.02,2.0,0.0,65.4,1.0,1.0,0.0,0.0,0.0,0.0,0.0,0.0,0.0,0.0
J010233.65-213718.5,15.6402084,-21.6218056,0.094,M,,AGN,0.062,1.051,58432.9,3.3,2.0,148.72,350.64,139.86,239.16,253.2,2.82,5.17,1.0,0.0,25.9,2.0,2.0,0.0,0.0,0.0,0.0,0.0,0.0,0.0,0.0
J010504.89+234812.1,16.2703724,23.8033682,1.481,MDQW,,,,,58768.6,2.0,0.8,26.9,45.11,29.65,19.38,207.2,3.71,2.97,0.0,2.0,31.5,1.0,1.0,0.0,0.0,0.0,0.0,0.0,0.0,0.0,0.0
J010509.20+392815.3,16.288316,39.47092,0.083,MQ,Blazar,YSO,0.291,0.027,59875.8,0.8,2.0,43.31,73.11,504.96,550.74,182.3,11.11,17.15,1.0,0.0,1198.9,1.0,1.0,0.0,0.0,0.0,0.0,0.0,0.0,0.0,0.0
J010728.57+033348.6,16.8690437,3.5635052,1.438,MQW,,Blazar,0.604,0.037,58480.6,65.8,5.6,42.91,70.97,576.59,952.4,207.2,7.53,7.78,1.0,1.0,176.0,8.0,6.0,0.0,0.0,0.0,0.0,0.0,0.0,0.0,0.0
J010736.67-173219.1,16.9028,-17.53864,0.021,M,,,,,58482.2,20.7,0.0,488.87,953.81,517.17,282.93,255.2,6.6,3.42,1.0,0.0,44.2,2.0,3.0,0.0,0.0,0.0,0.0,0.0,0.0,0.0,0.0
J010747.56-173025.0,16.94818,-17.50697,0.02,M,,,,,58510.0,1.2,18.3,201.9,868.13,135.82,205.31,255.2,4.19,2.95,2.0,0.0,19.8,3.0,2.0,0.0,0.0,0.0,0.0,0.0,0.0,0.0,0.0
J010838.77+013500.3,17.161547,1.5834218,2.109,MLQ,Blazar,Blazar,0.626,0.092,59229.3,7.0,3.1,256.95,361.62,393.15,723.46,251.2,5.5,5.32,1.0,0.0,143.4,2.0,1.0,0.0,0.0,0.0,0.0,0.0,0.0,0.0,0.0
J010931.75-152040.3,17.3823056,-15.3445278,0.049,M,,,,,58510.4,0.4,39.2,60.05,73.73,63.64,25.87,299.2,4.97,3.32,0.0,1.0,26.3,4.0,5.0,0.0,0.0,0.0,0.0,0.0,0.0,0.0,0.0
J010939.01+005950.3,17.4125586,0.9973253,0.093,ML,,AGN,0.705,0.156,58513.1,223.3,130.3,207.03,417.41,110.69,99.94,287.2,4.54,5.17,0.0,0.0,65.1,37.0,32.0,0.0,0.0,0.0,0.0,0.0,0.0,0.0,0.0
J011106.35+404518.2,17.776444,40.7550595,0.385,MLQW,,QSO,0.482,0.034,59427.5,212.0,75.2,19.41,38.61,72.04,88.91,199.2,3.49,3.51,0.0,0.0,91.8,36.0,46.0,0.0,0.0,0.0,0.0,0.0,0.0,0.0,0.0
J011123.29+130936.8,17.8470231,13.1602211,0.019,M,SN,SNIbc,0.004,0.628,58854.1,21.9,6.3,277.19,665.32,216.46,569.19,164.3,7.86,7.44,0.0,0.0,231.3,6.0,5.0,0.0,0.0,0.0,0.0,0.0,0.0,0.0,0.0
J011144.94+093849.0,17.9372348,9.6469585,0.809,M,,QSO,0.356,0.037,59951.2,219.2,186.8,14.34,17.8,26.45,24.62,228.2,4.05,3.31,0.0,0.0,33.7,43.0,52.0,0.0,0.0,0.0,0.0,0.0,0.0,0.0,0.0
J011212.94+352219.3,18.0539354,35.3720365,0.45,MQW,Blazar,Blazar,0.693,0.044,59903.0,1.4,3.9,143.79,188.95,142.14,256.23,164.2,5.4,7.2,0.0,0.0,726.6,2.0,2.0,0.0,0.0,0.0,0.0,0.0,0.0,0.0,0.0
J011302.72-232838.3,18.2613334,-23.4773056,0.065,M,,,,,58433.6,2.1,2.9,236.75,482.74,214.63,368.21,286.3,5.53,5.38,0.0,0.0,53.6,2.0,2.0,0.0,0.0,0.0,0.0,0.0,0.0,0.0,0.0
J011452.78+132537.5,18.7199019,13.4270918,0.583,MQW,Blazar,Blazar,0.696,0.085,59780.4,80.8,216.8,506.42,709.74,906.43,1353.14,164.3,3.95,4.05,0.0,0.0,22.2,23.0,28.0,0.0,0.0,0.0,0.0,0.0,0.0,0.0,0.0
J011641.37+173936.4,19.1723909,17.6601141,0.875,MQ,,CV/Nova,0.274,0.189,58766.9,364.4,368.1,14.22,15.54,45.59,57.9,219.3,2.25,4.8,0.0,0.0,64.0,85.0,97.0,0.0,0.0,0.0,0.0,0.0,0.0,0.0,0.0
J011724.42-222759.9,19.3517418,-22.4666566,0.116,M,Blazar,,,,58433.4,1.5,2.5,126.58,271.87,174.92,407.52,257.2,5.82,3.28,1.0,1.0,35.4,2.0,2.0,0.0,0.0,0.0,0.0,0.0,0.0,0.0,0.0
J011748.43+082744.9,19.4518111,8.4624718,0.35,MW,,Blazar,0.002,0.166,58450.3,24.5,64.7,28.6,50.06,42.5,46.34,207.2,5.85,6.96,0.0,0.0,106.6,9.0,12.0,0.0,0.0,0.0,0.0,0.0,0.0,0.0,0.0
J011748.78-211106.6,19.4532545,-21.1851716,1.49,MQ,Blazar,Blazar,0.678,0.178,59199.2,40.7,16.3,35.68,52.97,174.5,297.88,315.1,2.85,3.29,0.0,0.0,37.0,9.0,10.0,0.0,0.0,0.0,0.0,0.0,0.0,0.0,0.0
J011806.24+132033.9,19.5260003,13.3427559,0.6,M,,SN,0.079,0.04,58364.2,0.6,10.1,17.81,24.09,25.66,21.68,230.3,4.64,4.36,1.0,1.0,24.6,1.0,3.0,0.0,0.0,0.0,0.0,0.0,0.0,0.0,0.0
J011857.26-214130.1,19.7385913,-21.6917069,1.165,MQ,Blazar,Blazar,0.634,0.021,58339.6,71.2,2.3,110.56,169.97,683.95,947.33,253.2,5.31,4.58,0.0,0.0,79.3,15.0,17.0,0.0,0.0,0.0,0.0,0.0,0.0,0.0,0.0
J011925.01-074132.4,19.8541898,-7.692358,0.7,MQ,,Blazar,0.187,0.244,59118.7,1.7,3.2,42.99,50.48,30.95,53.76,238.2,3.59,4.62,0.0,0.0,18.0,1.0,1.0,0.0,0.0,0.0,0.0,0.0,0.0,0.0,0.0
J012247.48-100335.5,20.6978404,-10.0598629,0.104,M,,,,,58432.8,77.9,2.3,78.82,151.85,53.71,60.88,244.1,3.64,3.81,1.0,1.0,10.7,6.0,9.0,0.0,0.0,0.0,0.0,0.0,0.0,0.0,0.0
J012311.90+010011.2,20.7995687,1.0031295,0.058,M,SN,SNIa,0.229,1.323,59083.8,13.0,7.7,155.16,333.38,242.77,249.05,164.3,7.39,6.7,0.0,1.0,263.7,7.0,6.0,0.0,0.0,0.0,0.0,0.0,0.0,0.0,0.0
J012528.84-000555.9,21.370182,-0.0988697,1.076,MDQW,Blazar,Blazar,0.258,0.155,58386.9,19.7,10.0,388.4,494.09,120.92,202.12,228.3,3.37,4.27,0.0,0.0,129.5,6.0,5.0,0.0,0.0,0.0,0.0,0.0,0.0,0.0,0.0
J012529.30+054921.5,21.3720686,5.8226533,1.241,MDQW,,QSO,0.301,0.036,59489.1,182.7,179.8,83.31,117.24,52.8,47.13,197.3,3.17,3.09,0.0,0.0,12.8,34.0,35.0,0.0,0.0,0.0,0.0,0.0,0.0,0.0,0.0
J012558.06+151813.7,21.4919122,15.3038076,0.112,MLQ,,AGN,0.174,0.065,58462.0,127.4,46.1,190.84,368.42,586.79,549.34,158.3,4.56,4.44,0.0,0.0,185.4,24.0,22.0,0.0,0.0,0.0,0.0,0.0,0.0,0.0,0.0
J012955.35+144647.8,22.4806159,14.7799549,1.623,MDQW,,Blazar,0.742,0.045,59786.9,2.7,4.0,79.12,109.41,218.74,294.06,163.2,9.08,12.1,0.0,0.0,514.8,2.0,1.0,0.0,0.0,0.0,0.0,0.0,0.0,0.0,0.0
J013030.65+184321.8,22.6276957,18.7227388,0.662,MQW,Blazar,Blazar,0.764,0.037,60596.4,4.5,5.2,37.26,60.84,89.16,135.92,164.3,6.47,6.63,0.0,1.0,158.4,3.0,3.0,0.0,0.0,0.0,0.0,0.0,0.0,0.0,0.0
J013421.41-200434.2,23.5892145,-20.0761661,0.2,MQ,,Blazar,0.562,0.023,58354.1,0.0,7.9,36.65,62.33,266.88,315.82,307.1,7.31,6.56,0.0,0.0,200.1,2.0,2.0,0.0,0.0,0.0,0.0,0.0,0.0,0.0,0.0
J013444.57-003500.0,23.6856937,-0.5833554,0.87,MDW,,QSO,0.469,0.103,58885.1,137.6,203.4,13.02,14.61,27.22,28.35,322.2,3.42,3.3,0.0,0.0,24.5,35.0,39.0,0.0,0.0,0.0,0.0,0.0,0.0,0.0,0.0
J013518.97+082356.7,23.8290516,8.3990821,0.504,MDLQW,,AGN,0.03,0.199,59494.0,125.8,167.4,39.12,45.61,70.67,63.68,163.2,3.59,3.52,0.0,0.0,37.7,32.0,28.0,0.0,0.0,0.0,0.0,0.0,0.0,0.0,0.0
J013557.21+290521.5,23.9883743,29.0893112,2.056,M,,,,,58741.4,434.2,253.3,14.92,17.42,18.94,17.57,240.1,4.45,4.61,0.0,0.0,16.3,87.0,99.0,0.0,0.0,0.0,0.0,0.0,0.0,0.0,0.0
J013724.49+084338.1,24.352026,8.7272614,2.333,MDQW,,YSO,0.064,0.16,59846.6,6.2,3.3,26.93,29.11,23.52,47.79,230.3,3.55,5.9,1.0,1.0,35.2,4.0,4.0,0.0,0.0,0.0,0.0,0.0,0.0,0.0,0.0
J013736.20+292142.0,24.4008274,29.3616765,0.699,MDLQW,,QSO,0.082,0.118,58858.6,220.5,91.9,349.18,380.29,105.21,105.28,156.3,3.42,3.29,0.0,0.0,36.0,44.0,48.0,0.0,0.0,0.0,0.0,0.0,0.0,0.0,0.0
J013801.15+224808.5,24.5047713,22.802382,0.3,MQW,Blazar,Blazar,0.638,0.033,58480.3,9.0,27.2,169.25,266.19,125.16,156.16,153.2,3.36,3.05,1.0,0.0,35.7,2.0,8.0,0.0,0.0,0.0,0.0,0.0,0.0,0.0,0.0
J013816.03+334652.8,24.5667993,33.7813447,2.527,MLQW,,QSO,0.579,0.302,59540.3,418.5,321.1,46.4,51.38,30.47,29.74,167.2,3.13,3.23,0.0,0.0,58.0,115.0,133.0,0.0,0.0,0.0,0.0,0.0,0.0,0.0,0.0
J013853.36+263921.5,24.7223412,26.6559946,2.627,M,,,,,58487.7,58.8,155.2,16.78,22.85,24.85,37.97,243.2,2.8,5.32,1.0,0.0,66.6,21.0,29.0,0.0,0.0,0.0,0.0,0.0,0.0,0.0,0.0
J013926.30+350105.3,24.859584,35.0181485,0.485,MLQW,,QSO,0.019,0.043,60253.2,166.9,198.2,220.58,228.9,128.6,120.59,168.2,3.38,3.7,0.0,0.0,35.0,45.0,46.0,0.0,0.0,0.0,0.0,0.0,0.0,0.0,0.0
J014155.05-095842.8,25.47937,-9.9785724,0.113,M,,,,,59198.4,6.6,0.4,143.41,359.7,33.37,161.07,246.2,3.05,5.5,1.0,0.0,20.2,3.0,3.0,0.0,0.0,0.0,0.0,0.0,0.0,0.0,0.0
J014203.95-100728.1,25.5164581,-10.1244911,0.112,M,,,,,59200.4,2.3,1.3,114.99,261.09,65.07,233.95,246.2,3.03,5.97,2.0,0.0,28.7,1.0,2.0,0.0,0.0,0.0,0.0,0.0,0.0,0.0,0.0
J014738.39-082718.0,26.9099424,-8.4550132,0.693,MQW,,Blazar,0.681,0.075,58802.2,168.6,44.7,64.67,116.12,139.6,292.15,246.2,3.33,3.31,1.0,1.0,43.5,15.0,20.0,0.0,0.0,0.0,0.0,0.0,0.0,0.0,0.0
J014837.71-143650.2,27.1571135,-14.6139488,0.582,MDQW,,QSO,0.182,0.296,60254.5,97.3,222.3,142.42,115.62,90.06,85.03,256.3,3.01,3.44,0.0,0.0,13.6,33.0,22.0,0.0,0.0,0.0,0.0,0.0,0.0,0.0,0.0
J014926.13+074311.1,27.3588826,7.7197528,0.542,MLQW,,AGN,0.01,0.156,60166.6,332.7,30.4,48.35,58.79,69.6,80.97,213.3,3.65,3.57,0.0,0.0,65.1,35.0,35.0,0.0,0.0,0.0,0.0,0.0,0.0,0.0,0.0
J014935.28+860115.4,27.3969879,86.020961,0.15,M,Blazar,AGN,0.342,0.067,60186.8,13.2,4.8,145.59,313.98,152.81,232.31,157.2,6.19,5.84,0.0,0.0,51.8,5.0,6.0,0.0,0.0,0.0,0.0,0.0,0.0,0.0,0.0
J015151.83+251135.9,27.9659749,25.1933286,1.596,MDW,,AGN,0.22,0.401,60230.4,283.9,194.6,10.16,15.91,15.44,15.24,258.1,3.2,2.98,0.0,0.0,19.3,25.0,37.0,0.0,0.0,0.0,0.0,0.0,0.0,0.0,0.0
J015234.82-134735.4,28.145087,-13.7931801,0.168,MDQW,,AGN,0.556,0.069,58829.1,73.0,56.9,127.97,204.78,81.41,85.73,371.0,3.53,3.28,0.0,0.0,17.2,15.0,17.0,0.0,0.0,0.0,0.0,0.0,0.0,0.0,0.0
J015500.27+004951.4,28.7511349,0.8309614,0.826,MDQW,,Blazar,0.615,0.036,58431.1,314.1,31.2,22.66,27.42,23.42,29.36,254.3,3.73,5.15,0.0,0.0,25.8,27.0,36.0,0.0,0.0,0.0,0.0,0.0,0.0,0.0,0.0
J015700.01+143410.9,29.2500358,14.5697208,2.072,M,,QSO,0.149,0.149,59906.2,0.1,4.8,30.11,32.42,66.8,81.4,209.3,7.53,8.57,0.0,0.0,277.0,3.0,1.0,0.0,0.0,0.0,0.0,0.0,0.0,0.0,0.0
J015715.29+295441.3,29.3137204,29.9114885,1.299,MDQW,,QSO,0.355,0.106,58772.8,1.1,0.8,55.16,71.59,28.34,48.48,162.3,2.13,3.71,0.0,0.0,33.6,1.0,1.0,0.0,0.0,0.0,0.0,0.0,0.0,0.0,0.0
J020206.86-055900.1,30.528599,-5.9833697,0.189,MW,Blazar,Blazar,0.652,0.104,59465.3,7.6,0.1,178.58,370.81,401.01,746.46,315.2,5.03,4.26,0.0,0.0,55.2,3.0,2.0,0.0,0.0,0.0,0.0,0.0,0.0,0.0,0.0
J020354.02-092452.7,30.9750793,-9.4146499,0.214,M,,AGN,0.186,0.097,60283.5,69.9,25.9,61.69,112.87,100.47,92.81,190.3,5.66,7.53,0.0,0.0,128.6,12.0,6.0,0.0,0.0,0.0,0.0,0.0,0.0,0.0,0.0
J020405.19+400503.5,31.0216439,40.0843104,0.072,M,Blazar,CV/Nova,0.012,0.107,59473.5,93.5,67.4,241.54,615.63,135.1,226.57,139.3,3.99,5.53,1.0,0.0,70.1,15.0,29.0,0.0,0.0,0.0,0.0,0.0,0.0,0.0,0.0
J020426.73+315332.8,31.1113612,31.8924552,1.442,MDW,,Blazar,0.646,0.133,59347.3,135.1,120.1,15.31,21.91,28.08,44.56,331.0,3.26,4.99,1.0,0.0,10.9,21.0,36.0,0.0,0.0,0.0,0.0,0.0,0.0,0.0,0.0
J020854.46-050225.7,32.2269153,-5.0404731,0.984,MD,,,,,59427.4,0.0,376.6,15.64,20.05,8.56,9.89,258.2,3.83,6.57,0.0,0.0,11.0,34.0,38.0,0.0,0.0,0.0,0.0,0.0,0.0,0.0,0.0
J021207.44-082758.6,33.0309947,-8.4663017,0.653,MQW,,,,,58625.4,111.7,145.5,21.02,25.59,21.8,20.07,238.3,5.24,4.16,0.0,1.0,24.6,16.0,16.0,0.0,0.0,0.0,0.0,0.0,0.0,0.0,0.0
J021459.10-014459.1,33.7462312,-1.7497727,0.726,MLQW,,AGN,0.1,0.056,60262.6,184.2,162.5,49.3,49.03,44.55,49.68,250.1,3.81,3.45,0.0,0.0,11.3,35.0,28.0,0.0,0.0,0.0,0.0,0.0,0.0,0.0,0.0
J021641.83+433134.1,34.1743098,43.5261617,1.67,MQW,,QSO,0.694,0.014,59864.9,1.8,1.0,63.59,74.91,33.43,67.53,162.2,3.96,7.45,0.0,0.0,162.4,1.0,2.0,0.0,0.0,0.0,0.0,0.0,0.0,0.0,0.0
J021717.12+083703.8,34.3213536,8.6177483,1.4,MQ,Blazar,Blazar,0.566,0.048,60288.1,19.8,35.3,1418.63,2559.56,2077.99,2626.14,162.3,5.39,4.39,0.0,1.0,29.4,7.0,5.0,0.0,0.0,0.0,0.0,0.0,0.0,0.0,0.0
J021921.16-184238.7,34.8381695,-18.7107693,0.337,MQ,Blazar,Blazar,0.5,0.092,58745.9,20.6,11.5,28.32,43.45,85.14,138.41,269.2,3.93,4.96,0.0,0.0,53.4,9.0,8.0,0.0,0.0,0.0,0.0,0.0,0.0,0.0,0.0
J022051.25+250927.3,35.2135522,25.1576027,0.4,MDQW,Blazar,Blazar,0.073,0.091,59504.9,128.3,215.2,28.13,47.17,51.47,52.67,275.2,3.39,4.75,0.0,0.0,28.0,22.0,24.0,0.0,0.0,0.0,0.0,0.0,0.0,0.0,0.0
J022218.57-094118.1,35.5773891,-9.6883862,0.069,M,SN,SNIa,0.255,0.533,59516.7,17.9,8.6,405.84,939.58,185.2,211.92,208.2,5.24,4.23,2.0,0.0,93.6,8.0,7.0,0.0,0.0,0.0,0.0,0.0,0.0,0.0,0.0
J022707.42+393141.5,36.7808982,39.5281978,1.571,MQW,Blazar,QSO,0.662,0.022,59161.7,90.0,18.9,51.42,59.97,41.03,74.65,162.2,3.47,4.59,1.0,0.0,11.4,24.0,22.0,0.0,0.0,0.0,0.0,0.0,0.0,0.0,0.0
J023057.07+065104.7,37.7377994,6.8513314,0.4,MQ,,Blazar,0.514,0.173,60185.3,2.2,1.8,76.16,113.69,164.25,399.3,256.3,9.7,9.79,0.0,2.0,209.3,2.0,2.0,0.0,0.0,0.0,0.0,0.0,0.0,0.0,0.0
J023224.59+243840.9,38.1024591,24.6447141,0.345,M,,AGN,0.305,0.083,58447.4,146.7,103.3,11.93,26.1,17.81,18.43,269.2,3.44,3.54,0.0,1.0,22.7,22.0,31.0,0.0,0.0,0.0,0.0,0.0,0.0,0.0,0.0
J023439.04+010740.0,38.6626856,1.1278024,0.276,MW,,AGN,0.218,0.082,60268.4,191.6,22.0,27.73,48.2,51.26,48.97,251.2,4.35,6.22,0.0,0.0,130.5,13.0,13.0,0.0,0.0,0.0,0.0,0.0,0.0,0.0,0.0
J023859.76+440231.8,39.749016,44.0421666,0.4,MQW,,AGN,0.523,0.094,58557.3,313.2,164.8,18.62,40.25,24.1,23.22,249.1,3.45,3.37,0.0,1.0,25.1,62.0,84.0,0.0,0.0,0.0,0.0,0.0,0.0,0.0,0.0
J023938.43-265145.0,39.9101273,-26.8624992,3.67,MQW,,AGN,0.089,0.086,59480.4,9.1,8.6,20.72,30.96,50.26,70.27,354.9,3.92,4.09,0.0,0.0,55.0,6.0,5.0,0.0,0.0,0.0,0.0,0.0,0.0,0.0,0.0
J023951.26+041621.4,39.9635958,4.2726141,0.978,MQW,Blazar,Blazar,0.399,0.061,58381.5,0.1,4.7,241.0,311.24,57.98,106.66,256.3,3.64,4.84,0.0,2.0,155.3,1.0,1.0,0.0,0.0,0.0,0.0,0.0,0.0,0.0,0.0
J023956.32-013136.8,39.9846797,-1.5268903,0.026,M,,bogus,0.672,0.076,58436.7,0.0,3.2,706.77,1006.39,147.47,324.92,247.1,3.77,5.42,0.0,1.0,15.5,2.0,1.0,0.0,0.0,0.0,0.0,0.0,0.0,0.0,0.0
J024516.86+240535.1,41.3202369,24.0930987,2.243,MQW,Blazar,AGN,0.242,0.175,59883.0,1.0,2.3,29.53,47.18,99.69,220.83,166.3,8.04,11.43,0.0,2.0,517.9,1.0,1.0,0.0,0.0,0.0,0.0,0.0,0.0,0.0,0.0
J024759.30-083408.9,41.9970628,-8.5691549,0.3,MQW,,Blazar,0.722,0.105,59888.6,12.9,5.1,33.69,52.45,56.69,72.79,235.3,2.76,3.45,0.0,0.0,27.3,4.0,4.0,0.0,0.0,0.0,0.0,0.0,0.0,0.0,0.0
J024823.28-064617.7,42.0969908,-6.7715926,2.162,MDQW,,QSO,0.258,0.178,58437.8,552.9,92.2,150.24,176.25,73.58,70.12,188.3,2.99,3.33,0.0,0.0,23.7,79.0,78.0,0.0,0.0,0.0,0.0,0.0,0.0,0.0,0.0
J025334.88+180542.5,43.395347,18.0951453,0.87,MQ,,Blazar,0.076,0.158,60189.3,6.0,18.9,134.04,163.4,32.89,64.36,170.3,2.01,3.69,1.0,0.0,62.3,6.0,5.0,0.0,0.0,0.0,0.0,0.0,0.0,0.0,0.0
J025505.40-040933.1,43.7725015,-4.1591993,0.16,MD,,AGN,0.681,0.36,59280.1,71.6,120.4,301.42,532.42,171.26,141.67,180.3,3.24,3.17,0.0,0.0,40.2,29.0,27.0,0.0,0.0,0.0,0.0,0.0,0.0,0.0,0.0
J025637.53+443621.9,44.1563548,44.6060826,0.2,MW,,Blazar,0.242,0.036,59476.4,2.2,2.4,15.36,26.0,28.75,80.05,193.3,4.23,4.78,1.0,0.0,13.5,2.0,1.0,0.0,0.0,0.0,0.0,0.0,0.0,0.0,0.0
J025719.13-045313.3,44.3297026,-4.8870411,1.569,MD,,,,,59041.6,149.3,184.8,13.62,18.54,20.05,20.95,285.2,2.8,4.7,1.0,0.0,26.3,32.0,44.0,0.0,0.0,0.0,0.0,0.0,0.0,0.0,0.0
J025746.89-273852.5,44.4453834,-27.647921,0.362,MW,,Blazar,0.219,0.152,58390.2,162.1,23.7,16.38,32.86,47.69,40.07,329.0,3.12,3.21,0.0,0.0,35.0,16.0,16.0,0.0,0.0,0.0,0.0,0.0,0.0,0.0,0.0
J025929.10-060256.4,44.8712658,-6.0490141,0.7,MQ,,Blazar,0.188,0.142,58701.5,461.5,222.5,18.09,29.55,29.52,37.55,249.2,3.71,3.12,0.0,0.0,12.5,66.0,78.0,0.0,0.0,0.0,0.0,0.0,0.0,0.0,0.0
J030116.62-165245.1,45.3192611,-16.8791954,0.312,MQ,Blazar,Blazar,0.668,0.071,58724.6,1.1,5.6,234.98,858.46,691.2,1151.82,228.3,6.03,4.98,0.0,0.0,31.5,2.0,1.0,0.0,0.0,0.0,0.0,0.0,0.0,0.0,0.0
J030315.58-121329.8,45.8149121,-12.2249574,0.077,MD,,AGN,0.251,0.049,58493.1,252.8,149.1,248.14,613.25,159.76,199.08,185.3,3.38,3.43,0.0,2.0,44.9,50.0,48.0,0.0,0.0,0.0,0.0,0.0,0.0,0.0,0.0
J030702.55-081633.4,46.7606106,-8.2759484,0.092,M,,SN,0.5,0.149,58785.4,6.2,6.3,183.75,441.84,119.55,163.19,185.3,6.0,6.01,0.0,1.0,68.8,3.0,3.0,0.0,0.0,0.0,0.0,0.0,0.0,0.0,0.0
J031240.20-003402.8,48.1675072,-0.5674668,0.075,M,,,,,59899.7,3.0,0.3,153.01,316.95,59.5,116.76,185.3,4.32,5.91,0.0,1.0,23.4,1.0,1.0,0.0,0.0,0.0,0.0,0.0,0.0,0.0,0.0
J031243.60+013317.5,48.1816748,1.5548774,0.664,MDQ,Blazar,Blazar,0.612,0.1,60354.1,0.0,17.6,98.24,108.34,263.71,439.02,176.3,8.93,11.29,0.0,0.0,379.1,3.0,2.0,0.0,0.0,0.0,0.0,0.0,0.0,0.0,0.0
J032058.64-015442.3,50.2443136,-1.9117519,0.029,M,,,,,59900.0,2.5,0.8,609.07,1518.51,319.26,538.46,185.3,7.61,7.11,1.0,1.0,86.4,1.0,1.0,0.0,0.0,0.0,0.0,0.0,0.0,0.0,0.0
J032159.97+233611.2,50.4998776,23.603114,0.234,MQW,Blazar,VS,0.554,0.102,59843.0,17.2,11.3,352.17,541.45,143.93,248.66,169.2,3.47,3.52,0.0,0.0,47.1,7.0,6.0,0.0,0.0,0.0,0.0,0.0,0.0,0.0,0.0
J032554.11-062516.4,51.475465,-6.4212335,0.101,M,,,,,59903.6,0.3,4.2,75.54,164.53,31.54,64.58,191.3,3.74,5.02,1.0,1.0,21.7,1.0,1.0,0.0,0.0,0.0,0.0,0.0,0.0,0.0,0.0
J032942.74-020815.8,52.4280642,-2.1377309,1.352,MQW,,,,,59531.3,426.7,192.3,78.57,115.9,116.44,113.24,204.4,3.47,3.16,0.0,0.0,38.8,63.0,54.0,0.0,0.0,0.0,0.0,0.0,0.0,0.0,0.0
J033955.98-063228.9,54.9832326,-6.541383,0.031,M,,,,,59901.3,0.1,3.4,395.84,932.48,101.22,282.08,201.3,4.84,5.54,0.0,1.0,26.7,2.0,2.0,0.0,0.0,0.0,0.0,0.0,0.0,0.0,0.0
J034052.48-120543.9,55.2186739,-12.0955489,1.8,MQW,,Blazar,0.627,0.064,60577.5,3.8,923.0,16.85,30.35,28.51,35.95,191.3,3.41,3.41,0.0,0.0,16.7,67.0,79.0,0.0,0.0,0.0,0.0,0.0,0.0,0.0,0.0
J034141.83+151307.8,55.4242735,15.2188465,1.7,MW,,,,,59539.9,398.1,4.6,16.35,23.89,13.95,16.2,182.3,5.35,4.0,1.0,0.0,14.0,35.0,35.0,0.0,0.0,0.0,0.0,0.0,0.0,0.0,0.0
J034216.27+385906.2,55.567784,38.9850694,0.945,MQ,Blazar,Blazar,0.463,0.15,59990.3,0.7,11.7,15.32,27.17,128.08,194.43,268.0,5.76,6.07,0.0,2.0,109.7,2.0,2.0,0.0,0.0,0.0,0.0,0.0,0.0,0.0,0.0
J034231.16-072506.2,55.629842,-7.418391,0.115,M,,bogus,0.255,0.719,59901.4,0.1,5.0,93.09,233.88,36.14,127.23,207.3,3.97,6.65,2.0,0.0,44.8,2.0,2.0,0.0,0.0,0.0,0.0,0.0,0.0,0.0,0.0
J034450.58-243736.8,56.21075,-24.6268889,0.068,M,,,,,58781.4,21.5,0.0,207.3,522.48,67.72,219.73,231.3,3.5,3.3,0.0,1.0,10.7,3.0,2.0,0.0,0.0,0.0,0.0,0.0,0.0,0.0,0.0
J035049.29+050520.1,57.705367,5.0889253,2.5,M,,AGN,0.338,0.271,59955.5,180.5,66.9,15.39,21.38,17.9,27.49,190.5,6.18,5.97,0.0,0.0,51.5,16.0,19.0,0.0,0.0,0.0,0.0,0.0,0.0,0.0,0.0
J035446.13+800928.8,58.6922282,80.158012,,M,Blazar,SN,0.169,0.332,58835.4,1.1,2.8,12.66,19.0,54.09,81.74,285.1,6.39,8.41,0.0,0.0,161.9,1.0,1.0,0.0,0.0,0.0,0.0,0.0,0.0,0.0,0.0
J035758.65-001125.8,59.4943875,-0.1905198,0.014,M,,AGN,0.031,0.385,59968.6,7.1,2.8,247.29,861.45,403.23,501.07,195.4,4.78,5.17,1.0,1.0,45.6,2.0,2.0,0.0,0.0,0.0,0.0,0.0,0.0,0.0,0.0
J040649.72-211021.5,61.70718,-21.17264,0.003,M,,,,,58771.5,78.3,0.0,511.2,632.11,233.61,640.07,237.3,3.36,3.7,2.0,0.0,23.3,5.0,4.0,0.0,0.0,0.0,0.0,0.0,0.0,0.0,0.0
J040922.01+121739.8,62.3417035,12.2944043,0.504,MQ,Blazar,Blazar,0.55,0.03,60189.0,88.6,0.9,19.37,52.5,52.6,111.06,237.3,3.89,4.26,0.0,0.0,31.3,15.0,19.0,0.0,0.0,0.0,0.0,0.0,0.0,0.0,0.0
J041152.80-055523.4,62.970012,-5.9231919,0.361,MDQ,,AGN,0.298,0.131,59858.5,41.6,83.5,32.11,52.31,33.15,44.81,279.0,4.06,4.16,0.0,0.0,59.7,17.0,19.0,0.0,0.0,0.0,0.0,0.0,0.0,0.0,0.0
J041909.16-211247.4,64.7881685,-21.2131927,1.19,MQ,,,,,59200.6,1.8,3.0,31.52,70.48,37.65,56.17,265.6,3.26,3.52,0.0,1.0,12.5,2.0,2.0,0.0,0.0,0.0,0.0,0.0,0.0,0.0,0.0
J042210.80-064345.3,65.5449809,-6.7292594,0.242,MDQ,Blazar,Blazar,0.67,0.06,60551.8,3.3,2.2,228.15,314.73,401.28,827.64,193.4,7.64,8.3,0.0,2.0,187.9,2.0,1.0,0.0,0.0,0.0,0.0,0.0,0.0,0.0,0.0
J042838.79-000039.7,67.1616252,-0.0110278,0.07,MD,,AGN,0.216,0.256,58886.0,98.5,23.2,307.42,706.46,215.87,242.29,180.6,4.26,3.68,0.0,1.0,120.0,16.0,14.0,0.0,0.0,0.0,0.0,0.0,0.0,0.0,0.0
J043407.91-201517.1,68.5329756,-20.2547616,0.928,MQW,Blazar,Blazar,0.508,0.112,59173.8,37.2,0.4,39.78,62.74,119.35,155.7,210.3,5.13,4.76,1.0,1.0,95.2,11.0,11.0,0.0,0.0,0.0,0.0,0.0,0.0,0.0,0.0
J044403.71+012852.8,71.0154378,1.4813498,3.141,MDQ,,QSO,0.479,0.546,58533.9,284.2,151.4,77.63,100.96,21.24,31.26,183.2,3.05,3.05,1.0,0.0,33.6,50.0,51.0,0.0,0.0,0.0,0.0,0.0,0.0,0.0,0.0
J044942.91-005722.3,72.4287756,-0.9562147,0.487,MQ,Blazar,Blazar,0.57,0.075,60332.8,25.1,38.4,32.59,47.68,117.49,222.81,191.2,4.62,5.37,1.0,0.0,147.1,8.0,8.0,0.0,0.0,0.0,0.0,0.0,0.0,0.0,0.0
J045707.71+064507.2,74.2821284,6.7520163,0.405,MQ,Blazar,Blazar,0.492,0.066,59225.3,40.0,11.5,60.95,98.69,104.9,174.75,179.3,7.35,5.71,0.0,0.0,124.9,9.0,12.0,0.0,0.0,0.0,0.0,0.0,0.0,0.0,0.0
J050215.44+060907.4,75.5643531,6.1520816,1.106,MQ,Blazar,Blazar,0.139,0.163,58560.9,0.0,102.6,73.67,120.38,35.68,57.59,179.3,5.84,7.66,0.0,0.0,38.0,14.0,19.0,0.0,0.0,0.0,0.0,0.0,0.0,0.0,0.0
J050618.19+144217.1,76.5758105,14.7047512,1.2,MQ,,,,,59344.6,223.4,273.1,29.22,48.97,14.8,17.76,184.2,3.42,3.8,0.0,0.0,57.4,58.0,68.0,0.0,0.0,0.0,0.0,0.0,0.0,0.0,0.0
J050756.15+673724.3,76.9839422,67.6234173,0.314,MW,Blazar,Blazar,0.673,0.133,59848.5,37.3,230.2,346.6,536.2,227.49,348.06,144.2,3.46,3.62,0.0,0.0,14.5,25.0,24.0,0.0,0.0,0.0,0.0,0.0,0.0,0.0,0.0
J051353.90-251300.3,78.4745895,-25.216773,0.5,MW,,bogus,0.082,0.19,59960.0,72.8,16.0,20.88,29.67,39.81,41.46,368.0,2.98,3.46,0.0,0.0,27.8,5.0,5.0,0.0,0.0,0.0,0.0,0.0,0.0,0.0,0.0
J052311.18+011234.9,80.7965742,1.2096966,0.278,M,,AGN,0.406,0.131,58984.4,398.2,67.2,46.39,106.97,61.21,59.33,183.3,4.05,2.77,0.0,0.0,76.8,44.0,55.0,0.0,0.0,0.0,0.0,0.0,0.0,0.0,0.0
J052439.79-261554.4,81.1657874,-26.2651314,0.3,M,Blazar,,,,58558.0,0.1,88.1,84.84,194.63,72.87,60.29,252.3,5.42,3.19,0.0,1.0,79.2,7.0,10.0,0.0,0.0,0.0,0.0,0.0,0.0,0.0,0.0
J052554.62-005140.3,81.4775859,-0.861206,1.2,MQ,Blazar,AGN,0.042,0.426,59457.9,7.2,14.3,56.64,109.98,80.09,110.29,204.9,5.82,6.08,0.0,0.0,40.5,3.0,2.0,0.0,0.0,0.0,0.0,0.0,0.0,0.0,0.0
J052624.67+011158.8,81.6027965,1.1996661,0.28,M,,,,,59969.2,304.8,65.5,29.92,73.94,16.14,16.02,186.3,3.09,3.48,1.0,1.0,35.7,26.0,30.0,0.0,0.0,0.0,0.0,0.0,0.0,0.0,0.0
J053315.87+482252.8,83.3161076,48.3813368,1.162,M,Blazar,Blazar,0.411,0.041,58495.2,200.7,15.9,41.61,97.82,99.63,228.8,167.3,3.38,3.73,0.0,0.0,50.8,20.0,18.0,0.0,0.0,0.0,0.0,0.0,0.0,0.0,0.0
J053350.16-132118.5,83.4589912,-13.3551464,0.029,M,SN,AGN,0.022,1.022,59113.7,15.0,7.1,977.93,2143.67,884.36,883.8,203.2,6.66,4.47,0.0,2.0,126.2,5.0,5.0,0.0,0.0,0.0,0.0,0.0,0.0,0.0,0.0
J054226.86-204618.4,85.6119136,-20.7717857,0.376,MDQW,,,,,59248.6,57.3,86.5,35.36,48.89,19.29,17.61,304.8,2.99,4.12,0.0,1.0,31.8,25.0,28.0,0.0,0.0,0.0,0.0,0.0,0.0,0.0,0.0
J054723.14-194751.9,86.8464043,-19.7977761,2.286,MDQW,,,,,59014.8,199.7,316.3,39.83,49.73,23.37,27.69,212.2,3.12,3.1,0.0,1.0,75.5,47.0,58.0,0.0,0.0,0.0,0.0,0.0,0.0,0.0,0.0
J055716.84-061706.8,89.320168,-6.2852309,0.3,M,Blazar,Blazar,0.56,0.037,58501.1,40.5,124.5,32.03,64.5,21.4,35.83,206.8,4.03,3.53,0.0,0.0,23.5,21.0,28.0,0.0,0.0,0.0,0.0,0.0,0.0,0.0,0.0
J060237.99+652216.4,90.6582872,65.3712345,0.017,M,,bogus,0.747,1.16,58435.5,1.3,2.8,1660.48,4487.6,569.53,990.01,147.2,6.62,4.91,0.0,2.0,40.8,1.0,1.0,0.0,0.0,0.0,0.0,0.0,0.0,0.0,0.0
J060902.02-193238.6,92.2584,-19.54406,0.027,M,,,,,58787.0,0.9,4.8,397.12,995.33,203.11,885.13,214.4,3.27,5.29,1.0,1.0,45.7,2.0,1.0,0.0,0.0,0.0,0.0,0.0,0.0,0.0,0.0
J061017.89-184740.0,92.5745241,-18.7944674,0.839,MQW,Blazar,Blazar,0.567,0.03,60350.0,30.1,0.0,177.61,290.56,1152.09,1781.91,214.4,7.27,7.05,0.0,0.0,196.3,3.0,2.0,0.0,0.0,0.0,0.0,0.0,0.0,0.0,0.0
J061716.92+570116.4,94.3205098,57.0212285,0.228,MQW,Blazar,Blazar,0.694,0.01,58845.2,1.8,7.5,479.58,722.81,531.13,940.64,150.3,3.13,3.46,1.0,1.0,39.4,1.0,1.0,0.0,0.0,0.0,0.0,0.0,0.0,0.0,0.0
J062923.76-195919.7,97.3490123,-19.9888187,1.724,MQ,Blazar,Blazar,0.482,0.022,59878.5,103.5,24.3,19.7,34.48,41.12,83.15,323.0,3.01,6.26,0.0,0.0,69.4,20.0,25.0,0.0,0.0,0.0,0.0,0.0,0.0,0.0,0.0
J063015.07-201236.3,97.5627889,-20.2101067,0.2,M,Blazar,,,,58781.5,668.0,175.8,58.37,150.33,18.32,40.2,217.2,3.43,3.74,1.0,0.0,41.2,68.0,83.0,0.0,0.0,0.0,0.0,0.0,0.0,0.0,0.0
J063459.00-233511.9,98.7458296,-23.5866561,1.535,MQW,,Blazar,0.363,0.042,59882.5,1.0,15.4,66.83,95.0,527.88,925.04,324.0,4.64,5.52,0.0,0.0,85.4,4.0,3.0,0.0,0.0,0.0,0.0,0.0,0.0,0.0,0.0
J063921.96+732458.0,99.8415022,73.4161228,1.854,MQW,Blazar,Blazar,0.77,0.106,60604.4,0.0,4.1,191.77,226.41,128.81,310.04,144.3,7.04,9.67,0.0,0.0,431.2,1.0,1.0,0.0,0.0,0.0,0.0,0.0,0.0,0.0,0.0
J064828.50-174405.4,102.1187439,-17.7348454,1.232,M,Blazar,Blazar,0.591,0.078,58432.2,8.6,25.6,83.68,183.57,208.29,566.94,220.4,6.56,5.16,0.0,0.0,56.3,3.0,4.0,0.0,0.0,0.0,0.0,0.0,0.0,0.0,0.0
J070001.53+170921.7,105.006356,17.1560277,1.08,MQ,,Blazar,0.607,0.129,60320.0,2.4,158.5,122.31,170.7,47.39,107.64,162.3,5.42,5.14,0.0,1.0,20.3,21.0,21.0,0.0,0.0,0.0,0.0,0.0,0.0,0.0,0.0
J070132.16+250953.6,105.3840125,25.1648979,0.3,MQ,Blazar,Blazar,0.04,0.11,58787.5,66.6,19.0,62.98,96.99,34.75,43.99,147.2,4.35,3.97,0.0,0.0,24.4,13.0,17.0,0.0,0.0,0.0,0.0,0.0,0.0,0.0,0.0
J071355.68+193500.4,108.4820046,19.5834529,0.54,MQ,Blazar,Blazar,0.475,0.012,59845.7,3.4,5.0,101.62,157.54,977.83,1580.75,156.3,7.24,8.5,2.0,0.0,208.9,2.0,2.0,0.0,0.0,0.0,0.0,0.0,0.0,0.0,0.0
J071750.37+652139.3,109.459869,65.3609262,1.4,MQ,,SLSN,0.065,0.118,59266.8,183.2,41.7,48.74,57.01,43.25,47.41,140.3,3.47,4.22,0.0,0.0,134.5,27.0,29.0,0.0,0.0,0.0,0.0,0.0,0.0,0.0,0.0
J071751.85+453803.2,109.4660489,45.6342396,0.94,MQW,Blazar,Blazar,0.592,0.058,58553.7,6.6,17.2,93.95,132.56,376.85,600.34,143.3,7.74,6.73,0.0,0.0,236.4,4.0,5.0,0.0,0.0,0.0,0.0,0.0,0.0,0.0,0.0
J072209.51+412644.2,110.5396319,41.445637,1.107,MDQ,,,,,58529.7,69.7,17.8,27.23,35.0,44.32,24.99,139.3,6.51,3.71,0.0,2.0,35.7,16.0,17.0,0.0,0.0,0.0,0.0,0.0,0.0,0.0,0.0
J072810.90+674847.0,112.045401,67.8130651,0.844,MQ,,CV/Nova,0.12,0.047,58430.7,295.6,206.7,105.55,114.3,75.94,111.28,144.0,4.35,3.84,0.0,2.0,11.2,59.0,64.0,0.0,0.0,0.0,0.0,0.0,0.0,0.0,0.0
J073229.09+364040.9,113.1211907,36.6780367,1.541,MDQW,,QSO,0.503,0.686,59631.6,182.0,154.6,30.79,45.98,25.06,27.98,152.3,3.26,3.82,0.0,0.0,34.6,18.0,33.0,0.0,0.0,0.0,0.0,0.0,0.0,0.0,0.0
J073308.10+314053.5,113.2837494,31.6815333,1.3,MD,,AGN,0.076,0.089,59694.2,323.2,68.7,19.09,25.82,18.95,19.26,176.3,3.66,3.21,1.0,0.0,18.1,32.0,46.0,0.0,0.0,0.0,0.0,0.0,0.0,0.0,0.0
J073749.71+271534.4,114.4571441,27.2595693,1.858,MDQW,,QSO,0.521,0.262,59483.5,255.1,90.0,81.74,90.94,34.94,28.98,139.2,4.19,4.21,0.0,1.0,17.9,25.0,29.0,0.0,0.0,0.0,0.0,0.0,0.0,0.0,0.0
J073754.97+265147.5,114.4790546,26.8632062,1.649,MDQ,,QSO,0.254,0.119,59886.0,32.6,2.5,22.55,28.07,32.79,50.16,169.3,5.21,4.86,0.0,0.0,47.9,5.0,7.0,0.0,0.0,0.0,0.0,0.0,0.0,0.0,0.0
J074030.89+392119.4,115.1287016,39.3554061,1.176,MDQW,,CV/Nova,0.014,0.887,59345.2,975.6,224.2,84.75,119.92,45.23,58.64,142.3,3.54,3.08,0.0,0.0,11.7,93.0,183.0,0.0,0.0,0.0,0.0,0.0,0.0,0.0,0.0
J074116.17+334336.4,115.3173761,33.7267839,1.352,MDQW,,QSO,0.344,0.092,58503.2,189.3,247.0,29.92,41.7,136.43,82.64,164.3,4.24,7.1,0.0,0.0,212.3,26.0,34.0,0.0,0.0,0.0,0.0,0.0,0.0,0.0,0.0
J074235.08+421500.6,115.6461643,42.2501837,2.284,MW,,Blazar,0.374,0.112,58896.0,13.4,2.7,14.95,19.92,15.54,36.66,168.3,3.42,5.57,1.0,1.0,18.3,5.0,6.0,0.0,0.0,0.0,0.0,0.0,0.0,0.0,0.0
J074239.79+544424.6,115.6657927,54.7401834,0.723,MQ,Blazar,Blazar,0.505,0.104,60030.7,4.6,4.6,78.27,106.94,3194.2,4515.37,142.3,13.43,14.79,0.0,0.0,1339.4,1.0,1.0,0.0,0.0,0.0,0.0,0.0,0.0,0.0,0.0
J074305.11+171424.4,115.7712778,17.2401144,0.0,MQW,Blazar,Blazar,0.68,0.047,59533.9,4.1,7.2,51.61,84.92,37.07,68.74,165.2,2.82,3.2,0.0,0.0,14.0,3.0,3.0,0.0,0.0,0.0,0.0,0.0,0.0,0.0,0.0
J074502.32+355954.3,116.2596535,35.9984258,1.093,MQW,,QSO,0.387,0.094,59479.4,231.1,242.5,32.93,43.88,29.17,29.02,150.3,3.36,3.04,0.0,0.0,13.2,38.0,62.0,0.0,0.0,0.0,0.0,0.0,0.0,0.0,0.0
J074548.28+284838.0,116.4511562,28.8105575,0.158,MDLQ,,AGN,0.632,0.3,59901.5,188.9,144.7,261.92,389.26,103.48,116.22,139.2,3.62,3.83,0.0,0.0,37.8,32.0,40.0,0.0,0.0,0.0,0.0,0.0,0.0,0.0,0.0
J074617.54+233058.2,116.5730807,23.516191,1.551,MQW,,QSO,0.326,0.227,58885.0,267.8,293.5,76.42,117.91,22.48,25.35,139.2,2.69,4.36,0.0,1.0,16.6,58.0,77.0,0.0,0.0,0.0,0.0,0.0,0.0,0.0,0.0
J074627.05-022549.3,116.6126932,-2.4303696,2.441,MQ,Blazar,Blazar,0.636,0.218,59231.3,1093.6,221.5,112.74,163.37,111.28,141.45,164.3,2.99,3.09,0.0,0.0,11.6,119.0,111.0,0.0,0.0,0.0,0.0,0.0,0.0,0.0,0.0
J074822.33+261804.3,117.0930209,26.301196,1.77,MD,,,,,58806.4,137.3,383.7,11.44,12.81,8.84,6.74,218.3,3.87,2.79,0.0,1.0,27.4,32.0,53.0,0.0,0.0,0.0,0.0,0.0,0.0,0.0,0.0
J074927.39+105733.1,117.3641075,10.9592013,0.926,MQW,Blazar,Blazar,0.681,0.008,58892.5,1.1,5.0,105.13,169.2,73.34,64.23,151.3,3.3,2.65,0.0,1.0,34.0,2.0,1.0,0.0,0.0,0.0,0.0,0.0,0.0,0.0,0.0
J075145.15+411535.8,117.9381416,41.2599624,0.429,MQW,,Blazar,0.243,0.069,59690.2,3.8,25.9,48.17,100.78,780.71,865.78,138.3,9.27,7.46,0.0,1.0,266.5,4.0,5.0,0.0,0.0,0.0,0.0,0.0,0.0,0.0,0.0
J075240.91+373024.2,118.1704466,37.5067471,0.44,MW,Blazar,Blazar,0.593,0.063,59525.2,6.8,2.0,17.39,33.13,67.4,100.85,160.3,6.64,8.2,0.0,0.0,163.6,3.0,4.0,0.0,0.0,0.0,0.0,0.0,0.0,0.0,0.0
J075421.46+150856.9,118.5894342,15.1491546,1.023,MDQW,,,,,58868.7,382.9,152.0,17.28,24.3,12.68,13.09,188.3,4.74,3.28,0.0,0.0,20.7,59.0,61.0,0.0,0.0,0.0,0.0,0.0,0.0,0.0,0.0
J075813.21+173930.7,119.5550563,17.6585368,0.169,MW,,AGN,0.43,0.21,58935.0,21.9,98.3,97.94,167.87,30.86,34.72,163.3,4.32,5.07,0.0,0.0,14.2,22.0,24.0,0.0,0.0,0.0,0.0,0.0,0.0,0.0,0.0
J075814.30+215101.5,119.5595697,21.8504196,2.29,MQW,,QSO,0.343,0.636,58854.4,340.3,188.3,47.35,54.3,24.11,24.37,163.3,3.41,3.82,0.0,0.0,36.0,50.0,67.0,0.0,0.0,0.0,0.0,0.0,0.0,0.0,0.0
J075846.99+270515.5,119.6958034,27.0876589,0.099,M,Blazar,AGN,0.147,0.101,59166.8,27.1,2.6,258.7,482.86,187.43,283.91,162.3,3.96,4.42,0.0,0.0,16.2,6.0,6.0,0.0,0.0,0.0,0.0,0.0,0.0,0.0,0.0
J075922.92+200255.2,119.8454905,20.0486848,0.482,MQW,,AGN,0.287,0.13,58704.2,40.8,367.2,31.47,43.97,36.34,34.87,339.0,2.78,3.01,0.0,0.0,35.1,30.0,39.0,0.0,0.0,0.0,0.0,0.0,0.0,0.0,0.0
J075936.14+132117.8,119.9005668,13.3549562,0.386,MQ,Blazar,Blazar,0.013,0.035,58908.5,8.6,14.0,201.78,259.67,188.43,190.82,162.3,3.75,3.53,0.0,0.0,23.2,6.0,7.0,0.0,0.0,0.0,0.0,0.0,0.0,0.0,0.0
J075937.68+272659.0,119.9070063,27.4497298,0.478,MD,,SLSN,0.032,0.147,58989.2,150.0,255.9,13.15,30.34,26.07,21.94,203.3,2.7,4.43,0.0,0.0,51.9,40.0,62.0,0.0,0.0,0.0,0.0,0.0,0.0,0.0,0.0
J080034.18+163908.1,120.1424164,16.652253,0.754,MDQW,,QSO,0.152,0.116,58506.4,119.1,264.2,25.18,24.99,23.25,23.69,165.3,3.16,3.38,0.0,0.0,29.9,36.0,49.0,0.0,0.0,0.0,0.0,0.0,0.0,0.0,0.0
J080113.48+141135.5,120.3061843,14.1931966,0.113,M,,AGN,0.054,0.197,58854.5,0.0,50.6,181.75,367.99,80.31,91.32,161.3,3.79,3.76,0.0,0.0,16.0,5.0,8.0,0.0,0.0,0.0,0.0,0.0,0.0,0.0,0.0
J080125.77+245546.0,120.3573683,24.9294514,0.241,MDQW,,AGN,0.18,0.163,58770.7,157.6,29.6,43.24,80.48,66.14,76.07,162.3,3.58,3.86,0.0,0.0,83.8,36.0,41.0,0.0,0.0,0.0,0.0,0.0,0.0,0.0,0.0
J080152.11+231952.7,120.4671369,23.3313057,1.62,MDQW,,,,,59440.6,31.3,159.5,28.58,34.88,15.78,14.45,170.3,3.09,3.1,0.0,1.0,30.9,11.0,17.0,0.0,0.0,0.0,0.0,0.0,0.0,0.0,0.0
J080452.74+212050.2,121.2197314,21.3472826,0.125,MQ,,AGN,0.184,0.123,60248.1,140.2,115.5,549.63,707.01,391.53,336.61,161.3,3.69,4.89,0.0,0.0,21.9,25.0,26.0,0.0,0.0,0.0,0.0,0.0,0.0,0.0,0.0
J080541.44+210118.2,121.4226829,21.0217295,0.122,MW,,AGN,0.196,0.123,58511.7,155.6,52.1,88.95,180.11,38.62,44.08,162.3,4.95,3.52,0.0,0.0,86.3,19.0,23.0,0.0,0.0,0.0,0.0,0.0,0.0,0.0,0.0
J080546.90+010022.4,121.4454017,1.0062448,0.759,M,,,,,58478.3,198.1,211.3,16.23,19.97,11.64,11.95,204.7,3.58,3.03,2.0,0.0,34.8,23.0,25.0,0.0,0.0,0.0,0.0,0.0,0.0,0.0,0.0
J080636.87+102726.7,121.6536307,10.4574301,0.042,M,SN,SNIa,0.15,0.125,59137.7,20.4,7.6,214.26,421.03,531.03,574.94,163.3,7.12,5.87,0.0,0.0,301.6,6.0,9.0,0.0,0.0,0.0,0.0,0.0,0.0,0.0,0.0
J080720.00+534218.3,121.8333194,53.7051015,0.591,MLQW,,QSO,0.369,0.082,58705.9,112.3,410.3,26.15,27.5,27.43,27.52,174.3,3.64,3.88,0.0,0.0,21.2,62.0,73.0,0.0,0.0,0.0,0.0,0.0,0.0,0.0,0.0
J080910.41+025548.8,122.293393,2.9302296,0.205,MLQW,,AGN,0.599,0.061,58426.5,119.5,158.0,70.4,138.23,81.3,82.24,165.4,4.53,5.53,0.0,0.0,70.6,18.0,20.0,0.0,0.0,0.0,0.0,0.0,0.0,0.0,0.0
J080939.83+754855.3,122.4159486,75.8153633,0.094,MD,,AGN,0.795,0.141,58927.4,54.7,38.8,360.89,668.5,149.44,166.27,133.7,5.48,4.84,1.0,1.0,41.0,20.0,20.0,0.0,0.0,0.0,0.0,0.0,0.0,0.0,0.0
J081406.68+242003.1,123.527839,24.3342008,0.938,MW,,QSO,0.457,0.352,60185.5,262.8,303.2,16.66,21.77,16.87,24.45,177.3,3.03,3.17,0.0,0.0,18.3,32.0,36.0,0.0,0.0,0.0,0.0,0.0,0.0,0.0,0.0
J081439.19+643122.0,123.6632933,64.5227855,0.239,MQ,Blazar,Blazar,0.678,0.086,58467.3,272.8,170.7,459.48,805.34,1432.15,2201.66,147.1,3.17,2.88,0.0,0.0,34.9,58.0,66.0,0.0,0.0,0.0,0.0,0.0,0.0,0.0,0.0
J081441.92+212918.5,123.6746574,21.4884764,0.163,MQW,,Blazar,0.149,0.199,59983.1,91.6,69.6,303.84,349.07,151.22,137.93,161.3,4.25,4.89,0.0,0.0,11.6,20.0,24.0,0.0,0.0,0.0,0.0,0.0,0.0,0.0,0.0
J081504.44+380137.9,123.7685045,38.0272145,0.423,M,,SN,0.769,0.189,58915.5,4.6,4.9,11.49,29.6,32.18,45.1,231.2,6.1,8.15,0.0,1.0,146.7,2.0,2.0,0.0,0.0,0.0,0.0,0.0,0.0,0.0,0.0
J081507.33+261548.4,123.7805469,26.2634485,0.637,MDQW,,QSO,0.314,0.258,58973.2,297.4,214.9,23.15,24.44,37.42,31.2,175.2,4.01,3.53,0.0,0.0,59.4,68.0,84.0,0.0,0.0,0.0,0.0,0.0,0.0,0.0,0.0
J081558.16+520522.4,123.9923167,52.089565,1.541,M,,,,,60034.2,257.6,202.2,10.28,15.6,18.45,15.83,175.2,3.12,4.73,0.0,0.0,36.0,38.0,55.0,0.0,0.0,0.0,0.0,0.0,0.0,0.0,0.0
J081559.06+231158.3,123.9961,23.19954,0.014,M,SN,SN,0.317,0.883,60421.2,14.3,6.4,508.77,1366.82,1008.79,1475.24,162.3,8.81,9.5,0.0,2.0,330.9,4.0,3.0,0.0,0.0,0.0,0.0,0.0,0.0,0.0,0.0
J081808.90+334442.7,124.5370739,33.7452186,1.881,MD,,,,,59439.4,223.3,150.1,19.58,21.02,21.39,17.59,173.3,3.53,3.32,1.0,1.0,36.1,25.0,39.0,0.0,0.0,0.0,0.0,0.0,0.0,0.0,0.0
J081836.11+551935.9,124.6504418,55.3266496,1.327,MQW,,QSO,0.588,0.175,60102.3,168.3,231.9,21.58,33.97,26.61,26.9,155.7,3.28,3.32,0.0,0.0,14.4,48.0,56.0,0.0,0.0,0.0,0.0,0.0,0.0,0.0,0.0
J081902.33+322637.2,124.7597015,32.443671,0.65,MQW,Blazar,Blazar,0.724,0.034,58970.9,21.3,6.0,22.81,40.25,64.09,95.14,167.3,5.53,4.02,0.0,1.0,50.6,6.0,3.0,0.0,0.0,0.0,0.0,0.0,0.0,0.0,0.0
J081949.28+495410.7,124.9553234,49.9029771,0.14,MLW,,AGN,0.67,0.04,59945.2,155.0,40.3,125.01,190.1,37.87,41.72,135.3,4.68,3.76,0.0,2.0,59.0,33.0,36.0,0.0,0.0,0.0,0.0,0.0,0.0,0.0,0.0
J082009.76+425940.0,125.0406704,42.9944697,1.781,MDQ,,SNII,0.008,0.084,59529.2,261.0,153.1,41.72,63.36,65.12,91.43,155.3,3.5,3.41,0.0,0.0,59.4,31.0,43.0,0.0,0.0,0.0,0.0,0.0,0.0,0.0,0.0
J082049.67+560659.0,125.2069411,56.1164083,0.598,MQW,,AGN,0.242,0.112,59081.6,266.2,62.1,47.34,62.5,59.93,58.65,151.2,3.67,3.47,0.0,0.0,84.8,63.0,62.0,0.0,0.0,0.0,0.0,0.0,0.0,0.0,0.0
J082111.57+071702.2,125.2982279,7.2839532,0.42,MDQW,,AGN,0.591,0.018,59084.0,76.5,647.7,33.98,62.59,36.23,31.31,174.3,2.79,3.93,0.0,0.0,36.1,73.0,78.0,0.0,0.0,0.0,0.0,0.0,0.0,0.0,0.0
J082152.56+572852.4,125.4689952,57.4812301,0.978,MQW,,AGN,0.55,0.149,59894.4,149.0,135.6,16.41,34.47,18.83,31.38,173.2,4.57,3.46,0.0,0.0,28.4,33.0,40.0,0.0,0.0,0.0,0.0,0.0,0.0,0.0,0.0
J082433.01+243843.1,126.1375424,24.6453087,1.242,MDQW,,Blazar,0.763,0.05,58505.9,29.8,11.5,46.2,67.97,132.32,179.98,174.3,8.6,6.38,0.0,2.0,70.4,4.0,6.0,0.0,0.0,0.0,0.0,0.0,0.0,0.0,0.0
J082444.51+253232.6,126.1854754,25.5424003,0.095,M,,SNII,0.183,0.072,59745.0,162.3,8.4,130.24,247.54,98.94,115.99,162.3,4.18,6.05,0.0,1.0,242.6,16.0,16.0,0.0,0.0,0.0,0.0,0.0,0.0,0.0,0.0
J082539.56+262113.5,126.4148325,26.3537726,1.393,MD,,QSO,0.672,0.265,59004.2,255.1,190.6,21.16,27.82,16.19,14.84,173.3,3.2,3.95,0.0,0.0,18.4,54.0,64.0,0.0,0.0,0.0,0.0,0.0,0.0,0.0,0.0
J082550.34+030924.5,126.4597431,3.1568097,0.506,MQ,Blazar,Blazar,0.631,0.044,60406.8,0.4,4.2,136.98,254.05,1980.41,2561.11,163.3,9.81,9.46,0.0,1.0,332.6,2.0,2.0,0.0,0.0,0.0,0.0,0.0,0.0,0.0,0.0
J082707.87+364418.5,126.7828074,36.7384855,2.858,MDLQ,,QSO,0.302,0.047,59779.6,528.5,176.0,108.3,135.37,31.34,28.06,155.3,2.87,4.36,0.0,1.0,44.9,59.0,77.0,0.0,0.0,0.0,0.0,0.0,0.0,0.0,0.0
J082759.42+252129.8,126.9975859,25.3582803,0.907,MW,,AGN,0.311,0.19,58561.2,205.5,51.7,24.3,28.94,21.19,23.69,174.3,5.43,5.41,0.0,0.0,13.5,19.0,18.0,0.0,0.0,0.0,0.0,0.0,0.0,0.0,0.0
J082827.97+342715.5,127.1165501,34.454328,0.762,MLQW,,Blazar,0.165,0.09,59770.1,215.6,72.0,69.24,66.63,71.83,59.43,157.3,3.73,3.82,0.0,0.0,26.2,22.0,31.0,0.0,0.0,0.0,0.0,0.0,0.0,0.0,0.0
J083021.81+183031.2,127.5908602,18.5086721,0.097,M,,AGN,0.865,0.036,60228.1,1.8,3.8,139.99,245.68,87.95,116.94,155.3,3.72,4.71,0.0,0.0,13.3,1.0,1.0,0.0,0.0,0.0,0.0,0.0,0.0,0.0,0.0
J083152.04+172245.2,127.9668249,17.3792431,0.328,MQW,,Blazar,0.166,0.047,58575.7,197.9,340.2,28.1,74.05,83.07,71.73,174.3,3.52,3.24,0.0,0.0,50.1,32.0,46.0,0.0,0.0,0.0,0.0,0.0,0.0,0.0,0.0
J083211.66+050900.9,128.0485636,5.1502526,1.07,MD,,AGN,0.211,0.061,59126.5,311.6,553.1,15.41,18.21,18.07,25.06,281.1,3.41,3.79,0.0,0.0,14.3,75.0,93.0,0.0,0.0,0.0,0.0,0.0,0.0,0.0,0.0
J083401.69+022658.7,128.5070479,2.4496442,0.318,MD,,AGN,0.422,0.121,58519.6,43.7,153.5,42.74,73.31,16.08,16.86,174.3,3.41,3.79,0.0,2.0,32.2,12.0,21.0,0.0,0.0,0.0,0.0,0.0,0.0,0.0,0.0
J083512.37+124234.5,128.8015434,12.7096015,0.277,MQW,,AGN,0.1,0.244,60248.6,106.9,201.3,36.26,98.22,27.12,23.23,214.2,3.1,3.55,0.0,0.0,66.2,19.0,27.0,0.0,0.0,0.0,0.0,0.0,0.0,0.0,0.0
J083620.02+065640.3,129.0834247,6.9445438,0.32,MDW,,SN,0.537,0.097,58847.7,23.2,109.4,22.19,49.74,21.59,17.64,238.1,3.05,4.62,0.0,0.0,18.8,18.0,22.0,0.0,0.0,0.0,0.0,0.0,0.0,0.0,0.0
J083655.49+092546.3,129.2311929,9.4295317,0.813,MDQW,,QSO,0.002,0.042,58819.1,146.7,250.2,190.91,198.65,107.27,108.89,162.3,3.41,3.18,0.0,0.0,45.6,44.0,49.0,0.0,0.0,0.0,0.0,0.0,0.0,0.0,0.0
J083706.02+583152.9,129.2750705,58.5313758,0.611,MQW,Blazar,Blazar,0.678,0.063,60375.2,26.9,23.4,66.68,100.5,59.75,76.02,149.2,5.5,4.95,0.0,0.0,22.6,5.0,7.0,0.0,0.0,0.0,0.0,0.0,0.0,0.0,0.0
J083827.62+360054.1,129.6150996,36.0150265,1.703,MDW,,,,,59798.7,223.1,160.0,19.73,22.39,21.32,17.02,167.3,2.98,3.44,0.0,1.0,11.5,39.0,46.0,0.0,0.0,0.0,0.0,0.0,0.0,0.0,0.0
J083943.36+354001.4,129.9306793,35.6670547,1.06,MQW,Blazar,Blazar,0.014,0.158,59636.5,29.1,9.0,155.84,232.07,120.18,177.53,155.3,4.02,4.12,0.0,0.0,44.6,2.0,2.0,0.0,0.0,0.0,0.0,0.0,0.0,0.0,0.0
J084214.55+080231.5,130.5606176,8.0420953,0.298,MDQ,,,,,58526.4,28.7,46.1,22.38,34.5,27.6,18.78,174.5,4.7,5.73,0.0,2.0,14.6,7.0,9.0,0.0,0.0,0.0,0.0,0.0,0.0,0.0,0.0
J084450.02+045753.0,131.2084288,4.964735,0.63,MQW,,QSO,0.355,0.234,59936.4,216.0,322.4,59.96,60.03,25.25,24.77,174.3,3.02,3.43,0.0,1.0,29.7,38.0,50.0,0.0,0.0,0.0,0.0,0.0,0.0,0.0,0.0
J084503.63+135319.5,131.265121,13.88877,0.159,M,,AGN,0.278,0.451,59678.7,9.7,3.7,131.76,220.44,131.54,127.22,164.3,5.77,4.91,2.0,0.0,55.0,2.0,4.0,0.0,0.0,0.0,0.0,0.0,0.0,0.0,0.0
J084517.14+043947.3,131.3214308,4.6631527,0.7,MQW,,Blazar,0.668,0.057,58241.1,6.6,4.6,30.72,48.93,184.28,291.84,180.2,6.06,7.5,0.0,0.0,91.4,1.0,2.0,0.0,0.0,0.0,0.0,0.0,0.0,0.0,0.0
J084637.77-000859.2,131.6573928,-0.1497991,1.884,MD,,bogus,0.129,0.046,59296.2,5.7,21.6,18.73,21.03,13.17,25.76,222.3,3.82,5.96,0.0,1.0,17.5,4.0,4.0,0.0,0.0,0.0,0.0,0.0,0.0,0.0,0.0
J084705.72+452455.5,131.7738532,45.4154392,1.204,MDW,,AGN,0.539,0.288,58507.7,118.5,42.0,19.58,27.98,15.78,23.32,176.3,3.26,3.97,1.0,0.0,33.5,17.0,24.0,0.0,0.0,0.0,0.0,0.0,0.0,0.0,0.0
J084756.74-070316.9,131.9864064,-7.0546967,0.211,MQ,Blazar,Blazar,0.701,0.05,59271.8,1.8,13.0,439.83,681.38,631.81,988.7,179.4,3.89,4.18,0.0,0.0,47.4,4.0,5.0,0.0,0.0,0.0,0.0,0.0,0.0,0.0,0.0
J084854.62+660609.5,132.2275905,66.1026401,0.302,MQ,Blazar,Blazar,0.475,0.071,59930.9,4.7,21.0,170.44,232.8,74.83,111.96,150.2,2.78,3.39,0.0,0.0,15.7,2.0,4.0,0.0,0.0,0.0,0.0,0.0,0.0,0.0,0.0
J084854.89+314700.6,132.2287102,31.7835231,0.233,MW,,AGN,0.127,0.205,60330.9,214.0,42.9,50.41,91.67,95.54,105.05,145.2,5.13,4.69,0.0,0.0,216.9,19.0,19.0,0.0,0.0,0.0,0.0,0.0,0.0,0.0,0.0
J084912.98+154813.5,132.3040667,15.8037504,0.744,MLQW,,QSO,0.522,0.11,60093.4,330.8,197.8,85.85,88.16,30.26,27.35,160.3,2.87,3.53,0.0,0.0,13.6,47.0,50.0,0.0,0.0,0.0,0.0,0.0,0.0,0.0,0.0
J085205.17+283359.7,133.0215424,28.56659,1.282,MLQ,Blazar,asteroid,0.579,0.061,58428.2,184.0,46.5,29.81,49.49,54.59,75.14,165.3,3.78,4.27,0.0,1.0,40.5,28.0,33.0,0.0,0.0,0.0,0.0,0.0,0.0,0.0,0.0
J085255.17+165607.7,133.2298937,16.9354738,0.698,MQ,,,,,58434.5,180.9,0.0,118.9,150.3,49.34,56.4,216.3,5.22,4.21,1.0,1.0,59.6,18.0,22.0,0.0,0.0,0.0,0.0,0.0,0.0,0.0,0.0
J085328.31+250833.0,133.3679402,25.1425177,0.924,MW,,AGN,0.318,0.011,59971.7,228.7,184.2,11.7,14.23,17.99,16.01,224.3,3.2,2.72,0.0,0.0,13.3,29.0,31.0,0.0,0.0,0.0,0.0,0.0,0.0,0.0,0.0
J085654.87+714623.8,134.2286185,71.7733031,0.541,MDQ,,Blazar,0.601,0.15,59163.5,44.7,26.4,28.13,43.01,78.18,139.05,172.3,4.17,4.7,0.0,1.0,52.1,22.0,21.0,0.0,0.0,0.0,0.0,0.0,0.0,0.0,0.0
J085705.25+621047.1,134.2718855,62.1797517,0.157,M,,AGN,0.69,0.181,59628.3,107.3,164.6,75.08,194.23,62.87,65.68,139.2,4.92,4.41,1.0,1.0,103.6,43.0,43.0,0.0,0.0,0.0,0.0,0.0,0.0,0.0,0.0
J085744.79+152638.9,134.4366161,15.44414,1.4,MQW,,AGN,0.016,0.145,59560.4,0.0,89.1,14.42,22.04,18.6,29.61,202.9,4.94,4.05,0.0,0.0,47.4,10.0,17.0,0.0,0.0,0.0,0.0,0.0,0.0,0.0,0.0
J085746.87+354007.9,134.445295,35.6688773,1.405,M,,SNIbc,0.085,0.276,59276.4,25.1,4.9,19.05,24.13,66.18,88.12,364.0,3.29,4.2,1.0,0.0,27.4,6.0,6.0,0.0,0.0,0.0,0.0,0.0,0.0,0.0,0.0
J085802.37+463853.7,134.5098733,46.6482698,1.722,M,,,,,59384.8,204.6,4.2,13.39,16.08,24.53,24.88,185.3,4.14,6.12,0.0,0.0,28.9,12.0,20.0,0.0,0.0,0.0,0.0,0.0,0.0,0.0,0.0
J085812.41+010645.0,134.5517032,1.1125117,0.158,MD,,SLSN,0.037,0.133,60259.9,113.1,94.0,65.11,136.9,47.37,45.14,177.8,4.15,4.22,0.0,0.0,84.1,21.0,20.0,0.0,0.0,0.0,0.0,0.0,0.0,0.0,0.0
J085813.07+014329.9,134.5544556,1.7249818,1.598,MDQW,,QSO,0.072,0.228,58835.5,68.4,128.3,73.05,80.38,43.75,37.81,177.8,3.34,4.6,0.0,0.0,37.6,26.0,24.0,0.0,0.0,0.0,0.0,0.0,0.0,0.0,0.0
J085820.47+042355.0,134.5853041,4.3986181,0.538,MQW,,,,,58781.6,47.4,12.5,64.12,89.68,37.75,30.24,177.8,7.38,4.88,0.0,1.0,40.5,7.0,9.0,0.0,0.0,0.0,0.0,0.0,0.0,0.0,0.0
J085834.89+070232.7,134.6453898,7.0424302,0.074,M,,bogus,0.266,0.436,60256.7,29.3,4.6,190.61,441.49,110.46,169.42,178.4,4.01,5.94,2.0,0.0,59.4,4.0,4.0,0.0,0.0,0.0,0.0,0.0,0.0,0.0,0.0
J085907.88-111930.3,134.7828133,-11.3250917,1.29,MQW,,AGN,0.173,0.353,58940.6,159.8,211.2,58.67,78.06,31.65,29.17,183.3,3.27,3.25,1.0,0.0,30.8,23.0,27.0,0.0,0.0,0.0,0.0,0.0,0.0,0.0,0.0
J085934.35+414349.9,134.8931146,41.7305457,0.249,MD,,AGN,0.572,0.129,58556.9,87.0,175.7,49.0,94.24,26.1,26.43,161.9,3.31,5.33,1.0,1.0,43.5,39.0,43.0,0.0,0.0,0.0,0.0,0.0,0.0,0.0,0.0
J090015.65-101047.0,135.0652086,-10.1797223,0.089,M,,AGN,0.499,0.661,58870.4,65.6,530.2,146.33,293.7,53.54,60.78,179.3,4.03,3.5,0.0,1.0,31.0,43.0,52.0,0.0,0.0,0.0,0.0,0.0,0.0,0.0,0.0
J090035.20+502341.0,135.1466713,50.3947479,0.206,MLW,,AGN,0.388,0.093,59280.5,74.6,481.1,27.33,63.78,35.53,34.21,157.8,3.66,2.81,0.0,0.0,10.4,107.0,117.0,0.0,0.0,0.0,0.0,0.0,0.0,0.0,0.0
J090038.67+674223.2,135.1611217,67.70647,1.089,MQ,Blazar,Blazar,0.116,0.177,58895.6,97.4,0.2,37.02,53.55,112.13,180.57,149.2,6.91,6.1,1.0,0.0,212.2,17.0,20.0,0.0,0.0,0.0,0.0,0.0,0.0,0.0,0.0
J090101.75+152510.8,135.2573032,15.4196727,0.191,M,,,,,58784.5,0.0,3.6,41.46,120.25,51.5,82.91,182.3,7.38,5.8,0.0,2.0,88.4,2.0,2.0,0.0,0.0,0.0,0.0,0.0,0.0,0.0,0.0
J090103.15-000649.1,135.26312,-0.1136507,2.479,MDQW,,AGN,0.417,0.113,59792.0,698.2,227.9,34.43,43.56,22.61,26.86,176.3,3.25,3.68,0.0,0.0,41.5,52.0,71.0,0.0,0.0,0.0,0.0,0.0,0.0,0.0,0.0
J090142.17+171351.8,135.4257148,17.2310582,0.127,M,,,,,58783.9,0.8,1.8,97.81,253.57,88.71,189.55,172.3,4.62,5.39,0.0,0.0,50.4,1.0,1.0,0.0,0.0,0.0,0.0,0.0,0.0,0.0,0.0
J090216.57+435452.0,135.5690411,43.9144613,1.236,MLQW,,QSO,0.718,0.184,59951.0,1.6,3.0,46.27,57.9,25.9,80.57,148.2,1.97,3.04,1.0,0.0,10.0,1.0,1.0,0.0,0.0,0.0,0.0,0.0,0.0,0.0,0.0
J090222.06+092152.6,135.5919147,9.3646308,0.221,M,,AGN,0.716,0.241,60278.2,88.6,23.5,86.18,163.95,52.13,55.45,173.3,3.6,3.22,1.0,1.0,30.5,11.0,12.0,0.0,0.0,0.0,0.0,0.0,0.0,0.0,0.0
J090252.06+300102.4,135.7169277,30.017347,0.256,MQW,,Blazar,0.008,0.125,59889.5,102.3,221.4,34.66,80.5,42.83,32.39,170.3,3.28,3.15,0.0,1.0,12.4,39.0,41.0,0.0,0.0,0.0,0.0,0.0,0.0,0.0,0.0
J090300.02-172105.2,135.7500799,-17.351456,0.872,MQ,Blazar,Blazar,0.026,0.092,59948.6,160.9,299.7,111.18,122.03,45.9,48.9,200.4,3.42,4.52,0.0,0.0,32.3,25.0,30.0,0.0,0.0,0.0,0.0,0.0,0.0,0.0,0.0
J090321.00+265411.2,135.8375184,26.9031216,0.3,MLQW,,AGN,0.352,0.148,59612.1,99.5,143.0,33.95,52.91,79.14,66.28,190.7,3.93,3.55,0.0,0.0,65.6,26.0,32.0,0.0,0.0,0.0,0.0,0.0,0.0,0.0,0.0
J090334.28+285359.2,135.8928334,28.8997953,0.528,MQW,Blazar,Blazar,0.444,0.053,58534.3,147.7,148.4,34.04,60.5,60.93,98.02,151.3,4.29,3.72,0.0,0.0,44.1,30.0,38.0,0.0,0.0,0.0,0.0,0.0,0.0,0.0,0.0
J090450.73+172700.9,136.2113864,17.4502551,0.027,M,,,,,58784.5,0.4,3.1,371.16,859.89,248.79,372.19,172.3,7.21,6.64,0.0,1.0,104.4,2.0,2.0,0.0,0.0,0.0,0.0,0.0,0.0,0.0,0.0
J090511.66+171505.6,136.2986003,17.2515811,0.067,M,,,,,58784.5,0.4,3.4,109.94,293.84,95.04,143.66,172.3,5.56,5.27,0.0,1.0,45.1,2.0,2.0,0.0,0.0,0.0,0.0,0.0,0.0,0.0,0.0
J090612.23+272347.6,136.5509724,27.3965754,0.924,MQW,,AGN,0.029,0.095,59969.2,0.1,15.8,47.42,50.07,40.11,37.91,164.2,3.84,3.4,0.0,0.0,21.5,2.0,1.0,0.0,0.0,0.0,0.0,0.0,0.0,0.0,0.0
J090623.22+272355.3,136.5967658,27.3987192,2.019,MQW,,QSO,0.612,0.213,59743.0,271.3,318.4,45.46,51.78,30.21,25.14,170.3,3.26,3.77,0.0,1.0,11.6,45.0,65.0,0.0,0.0,0.0,0.0,0.0,0.0,0.0,0.0
J090657.10+025133.9,136.7379203,2.8594311,0.194,M,,,,,59300.4,1.2,3.3,93.6,195.24,68.75,106.87,178.3,3.45,4.48,0.0,0.0,11.4,1.0,1.0,0.0,0.0,0.0,0.0,0.0,0.0,0.0,0.0
J090754.59+402034.5,136.9774707,40.3429287,0.152,MDL,,AGN,0.653,0.039,59509.4,213.7,205.7,103.13,255.7,143.9,146.04,148.2,3.82,3.43,0.0,0.0,98.0,51.0,64.0,0.0,0.0,0.0,0.0,0.0,0.0,0.0,0.0
J090825.73+425341.3,137.1071982,42.8948096,0.695,M,,Blazar,0.053,0.03,58950.9,232.9,49.8,20.21,24.82,188.68,200.12,180.3,3.48,3.34,0.0,0.0,268.1,36.0,45.0,0.0,0.0,0.0,0.0,0.0,0.0,0.0,0.0
J091010.39+285527.1,137.5432866,28.9242142,0.951,MLQW,,AGN,0.545,0.14,60249.5,38.6,119.1,99.37,116.73,23.06,26.03,163.2,4.18,3.58,0.0,2.0,15.9,11.0,17.0,0.0,0.0,0.0,0.0,0.0,0.0,0.0,0.0
J091035.40+203025.5,137.64748,20.507088,0.191,M,,,,,58784.5,0.2,3.8,44.71,145.96,58.52,48.5,190.4,7.13,3.67,0.0,0.0,71.1,2.0,2.0,0.0,0.0,0.0,0.0,0.0,0.0,0.0,0.0
J091037.04+332924.4,137.654315,33.4901166,0.354,MQW,Blazar,Blazar,0.702,0.016,59627.5,3.1,23.7,999.73,1351.66,893.05,1288.4,139.2,4.28,3.74,0.0,0.0,46.5,3.0,2.0,0.0,0.0,0.0,0.0,0.0,0.0,0.0,0.0
J091107.27+610215.2,137.7802998,61.0375756,0.4,MQ,,Blazar,0.5,0.149,59221.6,46.2,64.7,43.02,59.24,77.61,103.25,157.8,4.48,3.88,0.0,0.0,42.9,31.0,31.0,0.0,0.0,0.0,0.0,0.0,0.0,0.0,0.0
J091121.81+292031.9,137.8408609,29.3422072,0.244,ML,,AGN,0.61,0.064,60352.3,150.9,133.9,70.21,123.43,27.41,28.42,163.2,3.19,2.99,0.0,0.0,35.6,26.0,26.0,0.0,0.0,0.0,0.0,0.0,0.0,0.0,0.0
J091139.44+045650.2,137.9143346,4.9472977,0.125,MD,,,,,59969.8,1.8,16.7,60.18,118.25,70.35,60.07,177.8,5.33,2.99,0.0,2.0,31.9,2.0,1.0,0.0,0.0,0.0,0.0,0.0,0.0,0.0,0.0
J091153.31+381732.6,137.9721283,38.292413,1.565,MDW,,QSO,0.531,0.211,59892.3,339.6,126.0,32.05,41.16,63.66,66.51,148.2,3.26,3.23,0.0,0.0,104.1,50.0,60.0,0.0,0.0,0.0,0.0,0.0,0.0,0.0,0.0
J091154.87+283150.3,137.9786445,28.5306516,0.378,MW,,AGN,0.384,0.111,60159.8,404.8,68.3,19.08,35.65,35.06,25.27,184.8,3.36,3.09,0.0,0.0,13.1,24.0,34.0,0.0,0.0,0.0,0.0,0.0,0.0,0.0,0.0
J091159.15+584823.4,137.9964399,58.8065016,0.319,MQW,,AGN,0.178,0.354,60041.2,387.4,338.3,51.14,69.38,31.44,32.08,162.2,3.15,3.34,0.0,0.0,10.0,71.0,92.0,0.0,0.0,0.0,0.0,0.0,0.0,0.0,0.0
J091221.88+015756.7,138.0911785,1.9657596,0.315,MD,,SN,0.108,0.076,60388.0,22.5,333.5,28.71,74.54,23.46,15.39,178.3,3.04,2.56,0.0,1.0,27.9,24.0,25.0,0.0,0.0,0.0,0.0,0.0,0.0,0.0,0.0
J091453.53+583403.9,138.7230622,58.5677584,1.015,MQW,,AGN,0.129,0.158,60050.7,64.9,14.8,22.36,30.04,14.69,18.66,157.8,4.45,4.89,1.0,0.0,37.6,9.0,13.0,0.0,0.0,0.0,0.0,0.0,0.0,0.0,0.0
J091647.03+202214.0,139.1959464,20.3705652,0.806,MQW,,Blazar,0.041,0.046,60268.6,317.1,95.2,32.76,36.36,64.26,80.73,192.4,3.15,3.43,0.0,0.0,110.7,27.0,35.0,0.0,0.0,0.0,0.0,0.0,0.0,0.0,0.0
J091815.53+053433.1,139.5646875,5.5758652,1.511,MDLQW,,QSO,0.48,0.307,58651.6,215.2,237.0,79.35,106.05,42.29,36.46,178.3,3.1,4.12,0.0,0.0,15.3,42.0,58.0,0.0,0.0,0.0,0.0,0.0,0.0,0.0,0.0
J091815.97+202205.2,139.5665362,20.3681358,0.032,M,,bogus,0.775,0.946,58784.5,0.0,4.3,559.54,1276.5,252.1,264.29,172.3,6.7,4.27,0.0,1.0,54.9,2.0,2.0,0.0,0.0,0.0,0.0,0.0,0.0,0.0,0.0
J091851.71+142152.7,139.7154685,14.3646639,0.418,MDQW,,QSO,0.523,0.173,59199.4,146.4,110.6,93.4,113.53,34.63,38.49,179.3,2.88,3.34,0.0,0.0,16.4,43.0,50.0,0.0,0.0,0.0,0.0,0.0,0.0,0.0,0.0
J091913.11+362833.9,139.8046104,36.4760994,1.119,MQ,,QSO,0.333,0.151,58547.1,84.7,135.3,102.58,123.68,51.91,47.17,146.2,3.82,4.56,0.0,0.0,27.3,31.0,35.0,0.0,0.0,0.0,0.0,0.0,0.0,0.0,0.0
J091929.61+595707.3,139.8733684,59.9520473,0.88,M,,,,,58748.5,68.1,124.1,18.21,20.89,22.02,20.84,169.2,3.84,3.57,1.0,1.0,22.2,18.0,19.0,0.0,0.0,0.0,0.0,0.0,0.0,0.0,0.0
J092101.06+080505.6,140.2544336,8.0849045,0.518,MDQW,,Blazar,0.617,0.068,58436.4,5.2,3.0,53.05,64.76,248.08,414.55,178.3,7.47,9.6,0.0,0.0,259.3,3.0,2.0,0.0,0.0,0.0,0.0,0.0,0.0,0.0,0.0
J092118.77+181248.9,140.3282,18.21359,0.029,M,,,,,58784.5,0.0,3.4,434.63,1009.99,322.06,559.96,172.3,7.21,8.75,0.0,2.0,171.9,2.0,2.0,0.0,0.0,0.0,0.0,0.0,0.0,0.0,0.0
J092134.55+554420.1,140.3939756,55.7389392,0.2,MW,,AGN,0.287,0.026,59980.3,250.4,70.8,26.43,41.06,30.98,28.64,157.8,4.1,4.84,1.0,1.0,88.7,29.0,31.0,0.0,0.0,0.0,0.0,0.0,0.0,0.0,0.0
J092134.60+434353.3,140.394161,43.7314724,0.23,MDW,,AGN,0.396,0.1,58540.0,412.2,49.1,60.32,124.13,32.4,29.38,146.2,3.38,5.28,0.0,1.0,104.5,62.0,65.0,0.0,0.0,0.0,0.0,0.0,0.0,0.0,0.0
J092136.44+581514.9,140.4018305,58.2541559,0.284,MW,,,,,58530.9,90.8,48.1,14.59,25.28,24.82,32.77,175.2,3.7,4.47,1.0,0.0,52.1,17.0,21.0,0.0,0.0,0.0,0.0,0.0,0.0,0.0,0.0
J092319.73+294609.0,140.8322036,29.7691885,0.063,M,,bogus,0.136,0.231,60337.5,57.5,36.4,306.68,706.42,122.33,159.92,146.2,4.06,4.39,0.0,2.0,60.9,10.0,13.0,0.0,0.0,0.0,0.0,0.0,0.0,0.0,0.0
J092357.87+294915.4,140.99113,29.820965,0.109,M,,AGN,0.164,0.209,58784.5,0.0,2.1,99.39,256.28,39.07,103.71,146.2,4.24,6.4,1.0,1.0,29.4,1.0,1.0,0.0,0.0,0.0,0.0,0.0,0.0,0.0,0.0
J092459.68+263615.5,141.2486826,26.6043191,1.79,MLQW,,QSO,0.526,0.357,60104.9,485.9,106.2,122.97,132.67,40.98,33.69,173.0,3.45,3.16,0.0,0.0,12.6,43.0,47.0,0.0,0.0,0.0,0.0,0.0,0.0,0.0,0.0
J092500.46+022222.1,141.251929,2.3728221,0.084,MD,,,,,58784.1,2.3,3.4,158.2,341.89,115.49,181.62,182.3,5.42,4.8,1.0,0.0,38.7,2.0,2.0,0.0,0.0,0.0,0.0,0.0,0.0,0.0,0.0
J092618.38+002821.3,141.5765903,0.4725972,0.07,M,,,,,58783.8,2.1,2.7,163.81,374.36,182.81,230.26,178.8,3.12,4.22,0.0,2.0,16.5,2.0,2.0,0.0,0.0,0.0,0.0,0.0,0.0,0.0,0.0
J092628.86+031411.9,141.6202551,3.2366556,0.115,M,,SN,0.392,0.656,58783.6,1.3,2.0,163.76,443.24,126.52,196.97,182.3,4.98,5.47,2.0,0.0,47.1,1.0,1.0,0.0,0.0,0.0,0.0,0.0,0.0,0.0,0.0
J092654.57+105436.9,141.7273776,10.9102576,0.088,M,,,,,58783.8,2.2,3.6,167.97,382.78,141.86,149.08,179.3,7.24,5.85,0.0,2.0,71.4,2.0,2.0,0.0,0.0,0.0,0.0,0.0,0.0,0.0,0.0
J092702.60+645531.7,141.7608199,64.9254769,1.05,MQ,,QSO,0.72,0.188,58498.8,156.5,275.0,84.66,116.18,39.85,43.91,157.8,3.32,3.02,0.0,0.0,23.7,66.0,70.0,0.0,0.0,0.0,0.0,0.0,0.0,0.0,0.0
J092724.30+190715.7,141.85125,19.121053,0.136,M,,,,,58786.4,0.9,6.0,73.05,172.43,66.53,46.86,171.5,5.3,4.48,0.0,2.0,19.1,2.0,2.0,0.0,0.0,0.0,0.0,0.0,0.0,0.0,0.0
J092751.82-203451.2,141.965935,-20.5808981,0.348,MQ,Blazar,Blazar,0.69,0.105,59983.3,15.8,12.7,703.96,704.44,402.81,493.79,197.3,3.49,3.69,0.0,1.0,34.2,3.0,3.0,0.0,0.0,0.0,0.0,0.0,0.0,0.0,0.0
J092907.90+040608.9,142.2829,4.1024894,0.058,M,,bogus,0.801,1.014,58783.9,1.2,2.3,403.8,1027.5,383.02,556.9,182.3,6.5,5.88,1.0,0.0,111.7,1.0,1.0,0.0,0.0,0.0,0.0,0.0,0.0,0.0,0.0
J092943.06+861221.2,142.429412,86.2059101,0.34,MQ,Blazar,Blazar,0.784,0.017,59538.6,567.1,3.3,112.45,206.44,153.66,237.73,138.8,3.6,3.54,0.0,0.0,26.1,49.0,55.0,0.0,0.0,0.0,0.0,0.0,0.0,0.0,0.0
J092955.82+425017.5,142.482584,42.8382179,0.148,MDW,,AGN,0.826,0.282,59901.4,0.0,3.0,121.53,209.03,44.06,99.7,146.2,3.1,4.66,0.0,0.0,31.7,1.0,1.0,0.0,0.0,0.0,0.0,0.0,0.0,0.0,0.0
J093033.06+034443.6,142.6377432,3.7454547,0.091,M,,AGN,0.449,0.247,58784.1,1.4,2.8,161.37,320.87,176.67,251.97,182.3,6.18,6.89,0.0,0.0,95.6,2.0,2.0,0.0,0.0,0.0,0.0,0.0,0.0,0.0,0.0
J093033.98+024908.0,142.6415923,2.8189096,0.097,M,,,,,58783.9,1.4,2.4,244.42,588.04,227.38,263.03,182.3,6.25,5.17,1.0,1.0,64.2,1.0,2.0,0.0,0.0,0.0,0.0,0.0,0.0,0.0,0.0
J093052.25+003458.9,142.7177224,0.5830358,1.769,MDQW,Blazar,Blazar,0.349,0.084,58430.1,0.0,6.0,65.68,64.45,137.96,269.3,175.3,7.36,10.08,0.0,1.0,281.6,2.0,1.0,0.0,0.0,0.0,0.0,0.0,0.0,0.0,0.0
J093123.86+051345.2,142.8493995,5.2292351,0.085,MD,,AGN,0.501,0.143,58783.7,1.4,1.9,219.35,546.67,128.28,310.64,182.3,4.23,5.36,2.0,0.0,36.5,1.0,1.0,0.0,0.0,0.0,0.0,0.0,0.0,0.0,0.0
J093148.15+234837.0,142.95061,23.8102909,0.891,MQW,,QSO,0.33,0.276,59882.5,423.4,231.0,35.08,35.92,53.21,64.66,170.4,3.36,3.08,0.0,0.0,54.1,59.0,67.0,0.0,0.0,0.0,0.0,0.0,0.0,0.0,0.0
J093202.99+022159.2,143.0124534,2.3664697,0.171,MDW,,,,,58784.1,1.5,3.3,64.58,178.28,75.73,88.37,182.3,5.47,5.07,0.0,1.0,51.4,2.0,2.0,0.0,0.0,0.0,0.0,0.0,0.0,0.0,0.0
J093259.22+034608.6,143.2467433,3.7690687,0.062,M,,,,,58783.7,1.4,2.1,129.99,283.16,205.38,214.84,182.3,7.23,5.65,0.0,1.0,121.2,1.0,1.0,0.0,0.0,0.0,0.0,0.0,0.0,0.0,0.0
J093328.99+291734.1,143.3707719,29.2928131,0.262,MW,,SN,0.422,0.159,59948.8,76.0,36.1,38.6,74.1,38.34,40.61,170.4,3.87,4.02,0.0,1.0,19.2,11.0,10.0,0.0,0.0,0.0,0.0,0.0,0.0,0.0,0.0
J093402.78+100631.5,143.5116,10.10875,0.01,M,,bogus,0.853,1.153,58784.4,2.0,3.8,2619.57,5566.87,2063.42,2926.78,184.3,6.06,7.09,0.0,0.0,89.4,2.0,2.0,0.0,0.0,0.0,0.0,0.0,0.0,0.0,0.0
J093421.50-263728.0,143.5895834,-26.6244445,0.062,M,,SNIa,0.136,0.686,59990.5,3.9,12.8,522.24,1091.24,312.14,320.79,289.2,5.29,3.06,0.0,0.0,31.7,2.0,1.0,0.0,0.0,0.0,0.0,0.0,0.0,0.0,0.0
J093513.64+091507.8,143.8068396,9.2521757,1.484,MQW,,Blazar,0.461,0.172,59685.3,8.2,9.0,40.2,50.09,138.98,283.48,179.3,6.38,7.52,0.0,1.0,315.6,4.0,3.0,0.0,0.0,0.0,0.0,0.0,0.0,0.0,0.0
J093612.57+101038.4,144.05238,10.177332,0.13,M,,,,,58784.4,2.3,6.2,58.51,136.88,38.81,80.6,184.3,3.58,5.36,1.0,1.0,22.8,1.0,2.0,0.0,0.0,0.0,0.0,0.0,0.0,0.0,0.0
J093645.11+050926.9,144.1879739,5.157493,0.131,M,Blazar,Blazar,0.262,0.159,58784.2,2.7,3.1,230.38,549.96,108.33,198.74,182.3,4.19,5.13,0.0,0.0,18.7,2.0,2.0,0.0,0.0,0.0,0.0,0.0,0.0,0.0,0.0
J093731.01+193522.0,144.3792,19.58945,0.015,M,,bogus,0.754,1.773,58784.3,0.4,3.1,592.73,1236.02,651.76,367.67,170.4,6.49,4.15,0.0,1.0,55.4,2.0,1.0,0.0,0.0,0.0,0.0,0.0,0.0,0.0,0.0
J093742.88+621543.6,144.4286627,62.2621177,0.2,MQW,,Blazar,0.344,0.174,58382.5,132.3,2.7,32.27,37.81,34.42,56.31,157.8,4.0,4.79,2.0,0.0,35.1,24.0,29.0,0.0,0.0,0.0,0.0,0.0,0.0,0.0,0.0
J093812.26+074339.9,144.5511036,7.7277673,0.022,M,,Periodic-Other,0.008,0.059,58784.1,1.6,4.0,1081.38,2292.59,593.05,890.23,182.3,4.3,5.19,1.0,1.0,28.4,2.0,2.0,0.0,0.0,0.0,0.0,0.0,0.0,0.0,0.0
J094045.91+061149.0,145.1912714,6.1969486,0.062,MD,,,,,58784.5,0.1,3.1,178.34,421.61,222.63,418.11,182.3,6.65,6.1,2.0,0.0,94.6,2.0,2.0,0.0,0.0,0.0,0.0,0.0,0.0,0.0,0.0
J094100.12+065609.8,145.2504969,6.9360762,0.029,M,,bogus,0.81,1.392,58784.0,1.0,2.5,888.54,2015.18,1539.7,1943.46,182.3,7.07,6.31,0.0,0.0,135.6,1.0,2.0,0.0,0.0,0.0,0.0,0.0,0.0,0.0,0.0
J094148.12+272838.8,145.4504801,27.4774505,1.308,MLQW,Blazar,QSO,0.245,0.088,59335.4,4.1,0.5,35.74,51.99,50.06,75.37,170.4,3.76,4.3,0.0,2.0,44.6,1.0,1.0,0.0,0.0,0.0,0.0,0.0,0.0,0.0,0.0
J094302.89+362301.8,145.7620313,36.3838553,1.867,MDQW,,QSO,0.679,0.251,60155.9,219.9,31.7,39.45,51.94,28.25,37.64,163.0,3.42,3.45,1.0,1.0,29.0,21.0,22.0,0.0,0.0,0.0,0.0,0.0,0.0,0.0,0.0
J094307.31+035322.7,145.7804515,3.8896537,0.261,MDW,,AGN,0.398,0.226,58425.5,106.6,190.4,43.02,104.01,33.67,39.48,187.3,2.95,3.92,0.0,1.0,47.2,16.0,20.0,0.0,0.0,0.0,0.0,0.0,0.0,0.0,0.0
J094622.05+131317.2,146.59188,13.221452,0.185,M,,,,,58437.5,0.1,26.9,72.25,162.89,22.76,56.13,179.3,3.34,3.8,2.0,0.0,26.0,5.0,4.0,0.0,0.0,0.0,0.0,0.0,0.0,0.0,0.0
J094654.33+151849.0,146.7263599,15.3136155,0.219,MW,,AGN,0.435,0.234,59856.5,326.0,50.0,43.0,86.27,19.89,18.75,163.7,3.11,4.61,0.0,1.0,21.7,36.0,47.0,0.0,0.0,0.0,0.0,0.0,0.0,0.0,0.0
J094716.08+220522.1,146.817,22.08948,0.025,M,,SN,0.054,0.662,58785.4,0.0,4.6,768.85,1821.99,788.0,1042.9,170.4,7.57,7.21,0.0,2.0,131.0,2.0,2.0,0.0,0.0,0.0,0.0,0.0,0.0,0.0,0.0
J094720.47+144327.6,146.8353,14.72435,0.026,M,,bogus,0.687,0.484,58786.8,0.5,6.5,811.4,1762.07,457.16,661.84,162.3,6.05,6.72,0.0,2.0,58.5,2.0,2.0,0.0,0.0,0.0,0.0,0.0,0.0,0.0,0.0
J094738.58+221533.3,146.9107617,22.2592709,0.415,MQW,Blazar,Blazar,0.766,0.028,59700.0,1.1,24.4,73.83,118.19,158.52,204.37,170.4,4.87,4.99,0.0,1.0,61.5,9.0,7.0,0.0,0.0,0.0,0.0,0.0,0.0,0.0,0.0
J094745.31+090823.3,146.9388,9.13982,0.026,M,,bogus,0.664,0.626,58784.4,1.4,4.0,753.66,1809.88,371.8,795.53,162.7,6.2,5.56,0.0,2.0,76.9,2.0,2.0,0.0,0.0,0.0,0.0,0.0,0.0,0.0,0.0
J094809.16+061728.0,147.0381803,6.2911318,0.091,M,,AGN,0.459,0.371,58784.0,1.0,2.5,170.0,369.08,168.23,205.31,182.3,6.39,5.07,1.0,0.0,77.2,2.0,2.0,0.0,0.0,0.0,0.0,0.0,0.0,0.0,0.0
J094939.82+581912.9,147.415905,58.3202601,1.431,MDW,,AGN,0.324,0.021,59200.5,10.9,0.9,15.74,21.68,160.52,233.04,271.8,7.02,7.89,0.0,0.0,273.5,2.0,2.0,0.0,0.0,0.0,0.0,0.0,0.0,0.0,0.0
J094944.87+443954.5,147.4369634,44.6651445,0.195,MDQW,,Blazar,0.208,0.017,59897.4,100.9,69.4,44.1,62.88,86.91,92.59,148.2,3.73,4.49,0.0,0.0,98.4,35.0,34.0,0.0,0.0,0.0,0.0,0.0,0.0,0.0,0.0
J094949.07+075656.2,147.4544428,7.9489462,0.069,M,,SNIa,0.408,1.723,58784.1,0.6,2.2,286.33,590.47,227.92,353.94,182.3,4.59,5.1,2.0,0.0,33.1,1.0,1.0,0.0,0.0,0.0,0.0,0.0,0.0,0.0,0.0
J094952.92+090545.1,147.4705,9.09586,0.019,M,,bogus,0.049,0.839,58784.2,1.8,3.8,358.83,983.38,455.45,1007.22,162.7,7.13,7.07,0.0,1.0,116.9,2.0,2.0,0.0,0.0,0.0,0.0,0.0,0.0,0.0,0.0
J095041.67+094003.8,147.6736056,9.6677373,0.143,MW,,AGN,0.708,0.386,58784.0,3.0,11.0,128.78,240.05,60.5,98.76,162.8,5.29,5.71,0.0,0.0,51.2,2.0,2.0,0.0,0.0,0.0,0.0,0.0,0.0,0.0,0.0
J095049.13+190401.1,147.7047,19.066994,0.163,MW,,,,,58784.4,1.1,7.0,56.43,126.62,70.94,97.48,170.4,5.0,4.21,1.0,1.0,48.3,2.0,2.0,0.0,0.0,0.0,0.0,0.0,0.0,0.0,0.0
J095202.18+131435.3,148.0090685,13.2431417,0.131,M,,,,,58784.3,1.4,3.9,107.53,217.85,55.21,87.88,162.8,4.86,5.62,0.0,2.0,52.1,2.0,2.0,0.0,0.0,0.0,0.0,0.0,0.0,0.0,0.0
J095210.13+183734.5,148.04222,18.626256,0.161,M,,,,,58784.4,0.5,5.2,80.24,182.94,52.77,72.4,170.4,4.41,4.27,1.0,1.0,32.0,2.0,2.0,0.0,0.0,0.0,0.0,0.0,0.0,0.0,0.0
J095221.36+080313.9,148.089014,8.0538847,0.629,MLQW,,QSO,0.285,0.253,58784.4,0.5,3.7,165.94,162.71,59.94,56.39,163.2,3.01,2.62,0.0,0.0,16.7,1.0,1.0,0.0,0.0,0.0,0.0,0.0,0.0,0.0,0.0
J095315.15+523613.3,148.3131329,52.6037148,0.901,M,,AGN,0.534,0.127,58556.7,155.6,59.0,17.09,18.14,22.04,27.04,175.2,3.08,4.3,1.0,0.0,61.4,22.0,31.0,0.0,0.0,0.0,0.0,0.0,0.0,0.0,0.0
J095501.88+083342.2,148.7578182,8.5617351,0.526,MQW,Blazar,Blazar,0.732,0.078,59966.4,143.4,24.0,35.48,60.24,104.93,148.8,182.3,4.14,4.17,0.0,0.0,40.0,12.0,19.0,0.0,0.0,0.0,0.0,0.0,0.0,0.0,0.0
J095547.89+085126.7,148.9495612,8.8574168,0.287,M,,AGN,0.637,0.335,58531.6,112.1,234.0,22.28,62.92,28.31,32.0,196.3,3.32,3.77,0.0,0.0,40.9,19.0,27.0,0.0,0.0,0.0,0.0,0.0,0.0,0.0,0.0
J095619.33+004915.0,149.0805442,0.8208523,1.642,MDQ,,,,,59269.6,1.8,0.6,28.95,30.66,49.06,28.02,176.3,5.65,3.4,1.0,1.0,45.0,1.0,1.0,0.0,0.0,0.0,0.0,0.0,0.0,0.0,0.0
J095649.88+251516.0,149.2078173,25.2544565,0.708,MQW,Blazar,Blazar,0.701,0.048,60250.4,12.4,0.0,158.89,232.25,236.84,576.05,148.2,3.71,4.13,0.0,0.0,289.8,4.0,3.0,0.0,0.0,0.0,0.0,0.0,0.0,0.0,0.0
J095738.68+111236.3,149.4111685,11.2100947,0.1,M,,,,,58786.6,0.7,7.7,201.68,511.29,137.61,210.28,162.8,7.7,6.44,0.0,2.0,62.4,2.0,2.0,0.0,0.0,0.0,0.0,0.0,0.0,0.0,0.0
J095753.42+145531.3,149.4726,14.92538,0.03,M,,bogus,0.78,0.458,58784.4,1.8,5.1,1281.39,2955.08,618.82,1312.96,191.2,5.87,6.3,0.0,0.0,90.3,2.0,2.0,0.0,0.0,0.0,0.0,0.0,0.0,0.0,0.0
J095819.67+472507.8,149.5819637,47.4188422,1.884,MQW,Blazar,Blazar,0.596,0.622,59924.2,6.4,2.4,132.41,158.62,265.54,403.66,147.3,4.38,3.22,0.0,1.0,305.9,2.0,2.0,0.0,0.0,0.0,0.0,0.0,0.0,0.0,0.0
J095835.13+193640.9,149.6463836,19.6113686,0.082,M,,,,,58784.0,1.0,2.3,92.17,201.5,74.58,124.14,160.3,5.03,5.18,0.0,2.0,43.6,1.0,1.0,0.0,0.0,0.0,0.0,0.0,0.0,0.0,0.0
J100238.66+294154.3,150.6610697,29.6984202,0.689,MQW,,QSO,0.257,0.157,58508.1,0.3,2.8,32.88,32.82,27.64,33.51,151.3,3.68,3.94,1.0,0.0,22.3,1.0,1.0,0.0,0.0,0.0,0.0,0.0,0.0,0.0,0.0
J100305.76+115945.2,150.7740054,11.9959052,0.126,M,,,,,58786.9,0.5,7.7,105.12,274.82,52.2,136.77,162.8,5.71,6.35,0.0,2.0,61.2,2.0,2.0,0.0,0.0,0.0,0.0,0.0,0.0,0.0,0.0
J100306.72+150140.2,150.7780029,15.027835,0.078,M,,,,,58784.9,1.7,5.4,307.97,787.57,132.37,272.43,162.3,5.5,5.76,0.0,1.0,59.9,2.0,2.0,0.0,0.0,0.0,0.0,0.0,0.0,0.0,0.0
J100316.36+210545.9,150.8181791,21.0960881,0.145,M,,AGN,0.304,0.181,59217.7,133.7,16.5,106.69,165.12,85.64,83.03,154.3,3.66,3.4,0.0,2.0,194.2,34.0,35.0,0.0,0.0,0.0,0.0,0.0,0.0,0.0,0.0
J100517.28+135904.1,151.3219843,13.9844963,0.031,M,,bogus,0.837,1.464,58784.2,2.1,3.5,579.5,1165.05,335.84,638.49,162.3,6.07,6.04,0.0,2.0,71.0,2.0,2.0,0.0,0.0,0.0,0.0,0.0,0.0,0.0,0.0
J100551.18+125740.7,151.463262,12.9613061,0.009,M,,AGN,0.071,0.361,58784.1,2.4,3.5,730.99,1567.02,566.36,1009.33,162.3,7.24,7.26,0.0,2.0,148.4,2.0,2.0,0.0,0.0,0.0,0.0,0.0,0.0,0.0,0.0
J100652.48+133229.7,151.7186504,13.5416004,0.082,M,,bogus,0.816,2.29,58786.3,0.9,5.8,233.53,584.48,137.02,356.33,162.3,6.18,6.54,0.0,2.0,87.3,2.0,2.0,0.0,0.0,0.0,0.0,0.0,0.0,0.0,0.0
J100654.44+111750.0,151.7268516,11.2972473,0.163,M,,,,,58786.8,0.7,6.9,98.01,229.43,95.89,173.36,162.8,5.57,6.48,0.0,2.0,84.2,2.0,2.0,0.0,0.0,0.0,0.0,0.0,0.0,0.0,0.0
J100657.16+292640.8,151.7381497,29.4446667,0.094,M,,,,,58784.0,1.0,2.5,267.56,661.18,139.38,316.46,148.3,4.88,5.67,2.0,0.0,57.9,2.0,2.0,0.0,0.0,0.0,0.0,0.0,0.0,0.0,0.0
J100726.91+293020.4,151.862139,29.5056808,0.117,M,,,,,58784.5,0.0,4.4,121.68,292.58,57.84,112.17,148.2,5.25,7.01,0.0,0.0,75.7,2.0,2.0,0.0,0.0,0.0,0.0,0.0,0.0,0.0,0.0
J100814.02+471253.3,152.0584374,47.2148156,1.429,MQW,,QSO,0.752,0.082,58368.8,198.6,146.3,68.1,86.91,50.99,47.58,147.3,4.01,3.05,0.0,0.0,24.4,57.0,52.0,0.0,0.0,0.0,0.0,0.0,0.0,0.0,0.0
J100832.71+491211.8,152.1362752,49.2032937,2.013,MQW,,QSO,0.783,0.025,59871.5,466.7,302.7,32.78,35.75,32.61,27.21,136.7,3.48,5.22,0.0,0.0,19.9,88.0,93.0,0.0,0.0,0.0,0.0,0.0,0.0,0.0,0.0
J100834.71+123319.6,152.1446401,12.5554705,0.031,M,,,,,58784.3,2.6,3.7,757.16,1752.14,498.89,1015.17,222.2,6.51,6.37,0.0,0.0,104.6,2.0,2.0,0.0,0.0,0.0,0.0,0.0,0.0,0.0,0.0
J101031.36+100232.5,152.6306761,10.0423669,0.032,M,,AGN,0.376,0.215,58784.3,2.3,4.1,589.24,1529.78,522.9,1072.82,162.8,7.51,8.13,0.0,1.0,177.0,2.0,2.0,0.0,0.0,0.0,0.0,0.0,0.0,0.0,0.0
J101040.08+465526.4,152.6670003,46.9240038,0.848,MDQW,,QSO,0.572,0.142,58423.2,61.4,0.3,62.18,68.07,30.11,27.27,143.2,4.57,4.46,1.0,0.0,70.7,16.0,19.0,0.0,0.0,0.0,0.0,0.0,0.0,0.0,0.0
J101051.67-020019.5,152.7152762,-2.0054392,0.887,MDQ,Blazar,Blazar,0.483,0.059,59255.1,1.8,1.2,139.51,174.23,130.55,190.53,180.3,3.51,3.78,1.0,1.0,83.5,1.0,1.0,0.0,0.0,0.0,0.0,0.0,0.0,0.0,0.0
J101057.95-002442.7,152.7414389,-0.4118838,1.918,MD,,,,,58506.9,216.9,47.0,16.36,18.4,19.37,19.93,230.3,3.43,2.92,0.0,0.0,34.7,15.0,17.0,0.0,0.0,0.0,0.0,0.0,0.0,0.0,0.0
J101059.82+143941.8,152.7492363,14.6616289,0.07,M,,,,,58785.9,1.3,8.0,124.63,288.88,62.46,124.67,162.3,5.75,5.99,1.0,0.0,74.7,2.0,2.0,0.0,0.0,0.0,0.0,0.0,0.0,0.0,0.0
J101138.29+083642.4,152.9095603,8.6118016,0.054,M,,,,,58786.1,1.3,6.5,218.97,515.19,463.02,672.77,162.8,5.92,7.56,2.0,0.0,126.8,2.0,2.0,0.0,0.0,0.0,0.0,0.0,0.0,0.0,0.0
J101221.78+602719.6,153.0907343,60.4554438,2.463,M,,QSO,0.265,0.124,59278.5,98.3,25.1,36.41,38.75,25.2,27.11,149.3,3.97,4.1,2.0,0.0,56.4,30.0,36.0,0.0,0.0,0.0,0.0,0.0,0.0,0.0,0.0
J101241.41+122724.0,153.1725503,12.4566701,0.061,M,,,,,58786.8,0.9,7.6,132.08,299.04,74.31,165.51,162.8,4.69,5.37,0.0,2.0,59.9,2.0,3.0,0.0,0.0,0.0,0.0,0.0,0.0,0.0,0.0
J101437.49+084635.2,153.6561905,8.7764587,0.069,M,,,,,58784.2,2.5,4.1,251.49,600.25,164.57,206.49,162.3,6.82,5.94,0.0,1.0,112.8,2.0,2.0,0.0,0.0,0.0,0.0,0.0,0.0,0.0,0.0
J101440.81+084144.8,153.6700292,8.6957795,0.069,M,,AGN,0.092,0.549,58786.1,1.2,6.5,198.35,481.05,128.34,182.11,162.3,7.66,6.33,0.0,1.0,142.2,2.0,2.0,0.0,0.0,0.0,0.0,0.0,0.0,0.0,0.0
J101519.10+282736.0,153.8296,28.46002,0.021,M,,,,,58784.0,0.9,2.9,587.96,1306.09,461.02,866.18,157.2,6.67,6.16,1.0,1.0,87.4,2.0,2.0,0.0,0.0,0.0,0.0,0.0,0.0,0.0,0.0
J101639.55+255424.8,154.16478,25.9068937,0.101,M,,SN,0.482,0.432,58783.5,1.5,2.5,176.02,403.45,75.95,234.13,151.2,3.33,7.24,1.0,0.0,47.5,1.0,2.0,0.0,0.0,0.0,0.0,0.0,0.0,0.0,0.0
J101709.55+215624.0,154.289775,21.9400189,0.426,MQW,,AGN,0.317,0.034,58604.2,202.7,145.8,34.09,52.66,67.36,59.39,170.3,2.75,3.77,0.0,0.0,19.7,34.0,36.0,0.0,0.0,0.0,0.0,0.0,0.0,0.0,0.0
J101756.04+243305.0,154.4835014,24.5514032,0.068,M,,,,,58784.1,1.2,3.0,120.7,277.59,94.03,153.83,157.2,6.35,6.21,0.0,1.0,92.3,2.0,2.0,0.0,0.0,0.0,0.0,0.0,0.0,0.0,0.0
J101950.88+632001.6,154.9619854,63.333785,1.344,MQ,Blazar,Blazar,0.721,0.075,59676.5,152.9,0.1,137.45,213.4,393.17,519.57,145.2,4.8,4.17,1.0,1.0,98.7,13.0,12.0,0.0,0.0,0.0,0.0,0.0,0.0,0.0,0.0
J102106.05+452331.8,155.2751916,45.3921713,0.364,MDLQW,Blazar,Blazar,0.143,0.089,59654.1,65.6,365.0,47.83,59.68,102.91,91.33,158.3,3.05,3.16,0.0,0.0,53.0,58.0,63.0,0.0,0.0,0.0,0.0,0.0,0.0,0.0,0.0
J102244.04+381413.4,155.6835195,38.2370713,1.098,MDW,,,,,58258.7,80.9,13.7,17.3,21.43,30.93,26.71,150.8,4.85,4.66,0.0,0.0,99.0,10.0,9.0,0.0,0.0,0.0,0.0,0.0,0.0,0.0,0.0
J102246.74+635324.9,155.6947479,63.8902635,0.804,MQW,,AGN,0.618,0.313,58890.9,0.0,7.1,36.36,39.4,11.1,18.06,149.3,3.11,3.37,1.0,0.0,24.7,3.0,3.0,0.0,0.0,0.0,0.0,0.0,0.0,0.0,0.0
J102309.94+562200.3,155.7914195,56.3667545,0.316,MW,,AGN,0.794,0.064,59822.2,135.4,187.2,43.37,103.49,55.9,49.73,133.7,3.56,3.66,0.0,0.0,20.4,39.0,43.0,0.0,0.0,0.0,0.0,0.0,0.0,0.0,0.0
J102320.50+013819.4,155.8354331,1.6387449,0.099,MD,,Blazar,0.204,0.085,59220.5,63.4,27.2,95.57,218.34,46.06,58.99,169.3,3.53,3.42,0.0,1.0,20.2,17.0,19.0,0.0,0.0,0.0,0.0,0.0,0.0,0.0,0.0
J102339.74+300057.7,155.9155741,30.016041,0.433,MQ,Blazar,Blazar,0.421,0.079,59629.5,10.5,291.8,116.1,176.82,133.02,164.43,138.3,4.33,4.41,0.0,0.0,56.4,21.0,33.0,0.0,0.0,0.0,0.0,0.0,0.0,0.0,0.0
J102453.64+233233.9,156.2234856,23.5427669,0.165,MQW,Blazar,AGN,0.662,0.052,58435.0,71.7,0.0,235.71,460.27,493.8,800.01,142.3,4.84,4.92,0.0,1.0,61.1,9.0,17.0,0.0,0.0,0.0,0.0,0.0,0.0,0.0,0.0
J102538.99+164714.2,156.4124591,16.7872957,0.035,M,SN,SNIbc,0.052,0.487,59155.5,21.6,7.8,414.95,765.42,254.81,417.03,142.3,6.4,6.14,0.0,0.0,181.4,6.0,7.0,0.0,0.0,0.0,0.0,0.0,0.0,0.0,0.0
J102713.08+480313.5,156.8045011,48.0537608,1.288,MQW,Blazar,QSO,0.226,0.099,59921.9,11.6,0.0,81.69,105.78,32.22,40.6,148.3,2.59,3.38,0.0,1.0,36.6,3.0,3.0,0.0,0.0,0.0,0.0,0.0,0.0,0.0,0.0
J102713.75+150532.8,156.8073103,15.0924571,0.184,M,,AGN,0.784,0.084,58884.3,413.2,10.1,68.53,127.8,38.51,41.73,154.4,3.79,3.03,0.0,1.0,142.0,59.0,59.0,0.0,0.0,0.0,0.0,0.0,0.0,0.0,0.0
J102724.15+742826.1,156.8506135,74.473917,0.879,MDQW,,Blazar,0.671,0.03,58640.8,8.9,0.9,58.99,83.6,396.54,724.24,147.2,4.52,3.95,0.0,2.0,329.0,3.0,4.0,0.0,0.0,0.0,0.0,0.0,0.0,0.0,0.0
J102828.88+355307.3,157.120321,35.8853683,2.595,MQW,,Blazar,0.089,0.086,58802.7,27.6,24.5,30.29,30.88,28.58,45.57,158.3,4.16,6.5,1.0,1.0,23.4,3.0,6.0,0.0,0.0,0.0,0.0,0.0,0.0,0.0,0.0
J102929.98+543435.2,157.37491,54.5764519,2.732,M,,,,,58531.6,94.0,23.0,12.15,13.38,10.72,18.36,192.3,4.02,4.99,1.0,0.0,62.3,15.0,19.0,0.0,0.0,0.0,0.0,0.0,0.0,0.0,0.0
J103328.65+554945.4,158.3693588,55.8292941,1.283,MW,,AGN,0.123,0.125,58441.0,2.5,10.9,13.93,16.82,33.71,49.23,386.0,3.71,5.27,0.0,0.0,66.6,4.0,4.0,0.0,0.0,0.0,0.0,0.0,0.0,0.0,0.0
J103501.89+012503.6,158.7578842,1.4176872,0.066,M,,,,,59965.4,4.6,17.8,112.82,185.91,27.78,90.0,169.3,3.16,6.06,1.0,1.0,24.7,2.0,2.0,0.0,0.0,0.0,0.0,0.0,0.0,0.0,0.0
J103502.15-201134.3,158.7589785,-20.1928722,2.198,MQW,Blazar,Blazar,0.328,0.164,58498.0,27.9,4.2,114.13,112.59,107.45,124.92,227.3,3.54,4.47,0.0,0.0,124.0,3.0,3.0,0.0,0.0,0.0,0.0,0.0,0.0,0.0,0.0
J103752.13+121111.6,159.4672153,12.1865714,2.314,MQW,,,,,59944.0,138.8,171.9,35.78,37.97,12.77,11.04,160.3,5.1,3.29,0.0,0.0,12.3,18.0,26.0,0.0,0.0,0.0,0.0,0.0,0.0,0.0,0.0
J103836.07+153340.2,159.6502821,15.5611924,0.145,M,,AGN,0.274,0.354,60290.0,43.8,81.4,87.44,199.83,47.39,46.26,143.2,5.54,3.47,1.0,1.0,56.5,9.0,15.0,0.0,0.0,0.0,0.0,0.0,0.0,0.0,0.0
J103929.60+320833.0,159.8733231,32.1425041,0.702,MDQW,,QSO,0.015,0.124,60377.6,164.9,399.4,153.58,151.95,118.08,117.74,138.3,2.98,3.09,0.0,0.0,14.2,56.0,48.0,0.0,0.0,0.0,0.0,0.0,0.0,0.0,0.0
J104308.09+164626.8,160.7837224,16.774117,1.0,MDQW,,Blazar,0.24,0.055,58611.1,159.2,85.1,19.28,21.77,32.32,38.53,178.3,3.5,3.33,0.0,0.0,47.3,17.0,21.0,0.0,0.0,0.0,0.0,0.0,0.0,0.0,0.0
J104448.81+073928.6,161.2033872,7.6579662,0.231,MLQW,,Blazar,0.271,0.066,58823.5,126.2,80.0,158.23,195.69,255.28,226.17,171.2,3.23,3.09,0.0,0.0,39.7,23.0,31.0,0.0,0.0,0.0,0.0,0.0,0.0,0.0,0.0
J104530.62+560333.6,161.3775713,56.0593365,0.9,M,,SLSN,0.278,0.66,60088.8,75.3,58.0,9.95,11.0,74.89,96.71,196.2,3.62,3.24,0.0,0.0,205.1,16.0,15.0,0.0,0.0,0.0,0.0,0.0,0.0,0.0,0.0
J104859.48+313326.1,162.2478268,31.5572566,0.402,MW,,AGN,0.261,0.07,58776.5,143.9,313.0,34.89,64.89,57.3,47.93,151.3,3.82,4.76,0.0,0.0,24.9,71.0,69.0,0.0,0.0,0.0,0.0,0.0,0.0,0.0,0.0
J104946.33+142938.5,162.4430367,14.4940475,1.63,MQ,,Blazar,0.602,0.112,59238.0,376.7,27.8,36.08,47.56,336.05,490.07,172.3,3.62,3.74,0.0,1.0,81.0,49.0,48.0,0.0,0.0,0.0,0.0,0.0,0.0,0.0,0.0
J105049.90+313358.4,162.7079343,31.5662425,0.689,MW,,Blazar,0.607,0.311,59239.4,105.9,40.0,15.61,24.45,29.08,42.29,237.2,4.09,3.48,0.0,0.0,40.6,27.0,30.0,0.0,0.0,0.0,0.0,0.0,0.0,0.0,0.0
J105101.37+202719.9,162.7557279,20.4555471,1.038,MQW,Blazar,Blazar,0.661,0.242,59930.9,257.5,127.5,70.12,86.54,51.7,63.4,143.2,5.31,5.67,0.0,0.0,77.0,36.0,48.0,0.0,0.0,0.0,0.0,0.0,0.0,0.0,0.0
J105125.36+394325.6,162.8556653,39.7237984,0.497,MQ,Blazar,,,,59051.2,46.3,44.3,84.95,123.89,55.75,42.36,154.2,5.41,3.75,0.0,0.0,10.7,7.0,11.0,0.0,0.0,0.0,0.0,0.0,0.0,0.0,0.0
J105227.38+635310.5,163.1140628,63.8862547,0.547,MQW,,,,,58507.5,161.2,158.7,28.13,41.44,22.0,26.16,149.2,5.54,3.29,0.0,1.0,46.3,47.0,50.0,0.0,0.0,0.0,0.0,0.0,0.0,0.0,0.0
J105314.90+435018.7,163.3120714,43.8385295,0.934,MQW,,QSO,0.87,0.12,58507.9,0.5,3.7,27.13,28.41,24.67,37.42,178.3,3.19,4.17,0.0,1.0,26.3,2.0,1.0,0.0,0.0,0.0,0.0,0.0,0.0,0.0,0.0
J105344.13+492956.0,163.4338587,49.4988891,0.14,M,Blazar,Blazar,0.202,0.233,58578.2,21.8,9.2,309.67,654.15,217.18,292.52,141.3,4.82,4.51,0.0,0.0,21.0,7.0,7.0,0.0,0.0,0.0,0.0,0.0,0.0,0.0,0.0
J105432.42+392812.3,163.6350871,39.4701029,2.634,MDW,,AGN,0.555,0.039,58348.0,131.8,70.6,9.04,13.73,24.97,46.67,192.3,3.53,3.97,0.0,0.0,16.9,17.0,19.0,0.0,0.0,0.0,0.0,0.0,0.0,0.0,0.0
J105448.81+472324.7,163.7033682,47.3902074,0.748,MDQW,,QSO,0.544,0.102,59044.2,89.9,74.9,38.14,38.09,58.86,45.68,348.5,3.72,3.21,0.0,0.0,45.1,18.0,24.0,0.0,0.0,0.0,0.0,0.0,0.0,0.0,0.0
J105703.61-204423.5,164.2650464,-20.7398782,1.2,MQW,,,,,60322.4,92.9,80.3,26.94,37.81,22.48,23.78,277.2,2.99,3.43,0.0,2.0,13.9,11.0,15.0,0.0,0.0,0.0,0.0,0.0,0.0,0.0,0.0
J105719.93+441949.1,164.3330339,44.330326,1.141,M,,Blazar,0.135,0.217,59627.7,452.9,43.0,11.94,14.35,74.62,70.84,173.3,4.33,2.99,0.0,0.0,181.6,53.0,60.0,0.0,0.0,0.0,0.0,0.0,0.0,0.0,0.0
J105802.92+430441.4,164.5121754,43.0781888,1.308,MQW,Blazar,Blazar,0.713,0.05,58632.2,271.3,149.4,24.3,36.73,77.89,136.08,162.2,3.28,3.33,0.0,1.0,49.9,66.0,62.0,0.0,0.0,0.0,0.0,0.0,0.0,0.0,0.0
J105829.61+013358.8,164.6233578,1.5663393,0.893,ML,Blazar,VS,0.565,0.039,58246.2,25.2,27.3,368.57,604.3,1515.42,2037.41,166.3,6.81,5.6,0.0,0.0,156.2,4.0,7.0,0.0,0.0,0.0,0.0,0.0,0.0,0.0,0.0
J105900.99+202941.5,164.7541053,20.4948631,2.201,MQW,,,,,60272.9,127.1,149.4,96.6,105.81,38.99,32.98,151.2,4.54,3.85,0.0,0.0,18.2,18.0,19.0,0.0,0.0,0.0,0.0,0.0,0.0,0.0,0.0
J105927.89+320602.5,164.8662233,32.1007024,0.118,M,,,,,58837.0,0.7,2.1,122.87,262.48,64.31,307.78,350.3,3.4,6.11,0.0,0.0,31.6,1.0,1.0,0.0,0.0,0.0,0.0,0.0,0.0,0.0,0.0
J105953.48+595715.5,164.9728148,59.9543143,0.045,M,SN,SNIbc,0.009,0.083,59220.0,18.3,10.0,382.44,880.82,574.93,606.66,150.2,8.72,6.67,0.0,0.0,300.3,4.0,5.0,0.0,0.0,0.0,0.0,0.0,0.0,0.0,0.0
J110124.73+410847.3,165.3530256,41.1464967,0.387,MQW,Blazar,Blazar,0.233,0.053,58417.8,713.3,58.2,108.81,138.85,165.93,236.04,154.2,3.73,4.24,0.0,0.0,37.3,117.0,114.0,0.0,0.0,0.0,0.0,0.0,0.0,0.0,0.0
J110214.29+275708.6,165.5595353,27.9524141,1.868,MDLQW,Blazar,Blazar,0.358,0.197,58857.9,4.5,4.6,88.29,96.18,60.71,61.65,158.3,5.38,5.65,2.0,0.0,71.7,1.0,2.0,0.0,0.0,0.0,0.0,0.0,0.0,0.0,0.0
J110313.03+372425.8,165.8043019,37.4071686,0.145,M,,AGN,0.0,0.075,59348.2,84.7,77.7,103.94,195.13,162.22,158.39,154.2,3.98,3.93,0.0,0.0,36.7,33.0,40.0,0.0,0.0,0.0,0.0,0.0,0.0,0.0,0.0
J110338.48+540436.1,165.9103183,54.0767009,0.4,M,,AGN,0.043,0.14,60002.2,192.3,220.9,14.8,22.42,19.89,20.61,175.1,3.76,3.21,0.0,0.0,10.3,40.0,31.0,0.0,0.0,0.0,0.0,0.0,0.0,0.0,0.0
J110501.98+594103.5,166.2582601,59.6843086,0.034,M,,bogus,0.397,0.146,59033.6,35.4,0.0,975.73,1776.46,496.2,553.96,150.2,6.71,3.98,0.0,1.0,30.9,2.0,4.0,0.0,0.0,0.0,0.0,0.0,0.0,0.0,0.0
J110503.62+421948.3,166.2650886,42.3300837,0.189,MDW,,AGN,0.624,0.039,59710.2,326.3,56.0,47.93,118.1,25.03,24.16,153.2,3.51,4.36,0.0,1.0,29.2,42.0,55.0,0.0,0.0,0.0,0.0,0.0,0.0,0.0,0.0
J110532.53+581850.8,166.3855555,58.3141181,0.964,MQW,,,,,60394.6,62.8,151.7,54.07,61.94,20.07,24.21,151.2,3.03,7.33,1.0,0.0,15.5,25.0,25.0,0.0,0.0,0.0,0.0,0.0,0.0,0.0,0.0
J110542.73+020250.9,166.4280227,2.0474883,0.455,MQW,,QSO,0.348,0.461,60062.2,362.8,166.6,102.43,124.95,53.27,46.74,166.3,3.24,3.05,0.0,1.0,10.9,44.0,38.0,0.0,0.0,0.0,0.0,0.0,0.0,0.0,0.0
J110622.79+214845.3,166.5949624,21.8125916,0.158,MW,,AGN,0.82,0.16,58546.3,46.8,48.9,66.65,132.64,55.66,57.95,227.3,3.54,3.14,0.0,2.0,17.1,18.0,12.0,0.0,0.0,0.0,0.0,0.0,0.0,0.0,0.0
J110802.50+193526.9,167.0104033,19.5908269,0.202,MLW,,AGN,0.745,0.291,60189.4,89.4,181.3,93.92,170.31,60.94,45.71,151.2,3.15,2.98,0.0,1.0,15.9,19.0,18.0,0.0,0.0,0.0,0.0,0.0,0.0,0.0,0.0
J110844.76+261532.7,167.1864928,26.2591078,0.552,MQW,Blazar,Blazar,0.599,0.1,59740.2,97.1,268.7,32.68,51.22,26.0,32.93,162.2,3.76,3.58,0.0,0.0,11.7,24.0,37.0,0.0,0.0,0.0,0.0,0.0,0.0,0.0,0.0
J110846.39+634726.0,167.1932897,63.7905571,2.444,MQ,,,,,59274.6,0.0,2.2,25.07,22.8,42.76,27.32,169.2,6.6,7.19,0.0,2.0,66.1,1.0,1.0,0.0,0.0,0.0,0.0,0.0,0.0,0.0,0.0
J111150.79+363046.4,167.96161,36.512914,0.158,MW,,,,,58834.2,4.6,0.6,50.39,151.23,32.63,104.67,140.3,3.22,7.49,1.0,1.0,43.1,2.0,2.0,0.0,0.0,0.0,0.0,0.0,0.0,0.0,0.0
J111215.45+112919.3,168.0643673,11.488706,1.133,MQW,,QSO,0.522,0.133,60213.1,55.5,259.3,55.09,88.13,31.04,35.26,166.3,3.45,2.77,0.0,1.0,13.7,23.0,32.0,0.0,0.0,0.0,0.0,0.0,0.0,0.0,0.0
J111857.92+292213.7,169.7413204,29.3704877,1.59,MQW,,Blazar,0.566,0.148,59902.7,303.1,18.0,24.54,33.8,38.4,50.88,144.3,4.11,4.9,0.0,0.0,44.3,37.0,44.0,0.0,0.0,0.0,0.0,0.0,0.0,0.0,0.0
J112129.58+270417.0,170.3732343,27.0714055,1.887,MQ,,Blazar,0.387,0.156,59302.3,516.7,207.9,26.84,29.23,17.74,19.58,245.2,3.64,4.8,1.0,0.0,19.7,68.0,79.0,0.0,0.0,0.0,0.0,0.0,0.0,0.0,0.0
J112354.98-115630.0,170.9790752,-11.9416843,2.2,MW,,Blazar,0.488,0.184,58511.3,0.1,15.9,34.39,52.2,351.91,500.56,271.1,6.67,5.57,0.0,1.0,124.6,3.0,4.0,0.0,0.0,0.0,0.0,0.0,0.0,0.0,0.0
J112431.59+230755.9,171.1316238,23.1322098,0.795,MW,,Blazar,0.378,0.084,58891.5,0.0,4.9,18.7,31.17,92.56,142.57,178.3,7.16,6.24,1.0,1.0,126.4,1.0,1.0,0.0,0.0,0.0,0.0,0.0,0.0,0.0,0.0
J112537.84+212042.1,171.4076465,21.3450512,0.089,MQW,,AGN,0.264,0.11,58434.5,119.5,122.0,124.25,259.13,125.73,147.82,150.4,5.43,4.82,0.0,0.0,64.8,19.0,18.0,0.0,0.0,0.0,0.0,0.0,0.0,0.0,0.0
J112558.74+200554.3,171.4947599,20.0984263,0.133,MQ,,Blazar,0.376,0.131,58259.8,19.0,17.8,558.89,936.24,451.75,749.3,150.4,4.99,4.78,0.0,0.0,11.5,5.0,7.0,0.0,0.0,0.0,0.0,0.0,0.0,0.0,0.0
J112841.92+505846.8,172.1746847,50.9796703,0.198,MDQ,,AGN,0.861,0.084,60285.7,68.3,307.5,77.9,174.51,36.95,48.1,145.5,4.55,4.85,1.0,0.0,24.4,39.0,24.0,0.0,0.0,0.0,0.0,0.0,0.0,0.0,0.0
J112914.31+370317.9,172.3096319,37.0549767,0.445,MQ,Blazar,AGN,0.016,0.704,58752.9,148.4,82.3,70.19,99.33,136.93,207.15,198.1,3.95,3.54,0.0,0.0,30.3,28.0,36.0,0.0,0.0,0.0,0.0,0.0,0.0,0.0,0.0
J113330.37-011510.6,173.376545,-1.2529431,0.552,MDQ,,QSO,0.294,0.167,58697.8,159.1,168.4,33.65,34.59,46.84,34.9,187.3,3.57,3.32,0.0,0.0,23.7,18.0,26.0,0.0,0.0,0.0,0.0,0.0,0.0,0.0,0.0
J113335.99-090523.4,173.3999701,-9.0898331,0.992,MQW,Blazar,QSO,0.157,0.176,60445.7,4.3,3.4,83.9,105.81,171.35,229.39,248.3,6.42,7.22,0.0,0.0,371.7,2.0,2.0,0.0,0.0,0.0,0.0,0.0,0.0,0.0,0.0
J113340.69+624224.4,173.4195528,62.7067811,0.94,M,,AGN,0.549,0.183,58761.1,62.6,266.8,14.87,17.75,18.02,19.27,295.0,4.13,4.59,0.0,0.0,14.1,48.0,49.0,0.0,0.0,0.0,0.0,0.0,0.0,0.0,0.0
J113537.08+372936.9,173.9044933,37.4935915,0.178,MLQW,,Blazar,0.23,0.045,58417.1,18.3,128.8,142.55,193.12,101.1,92.8,142.2,3.92,3.78,0.0,1.0,18.4,9.0,10.0,0.0,0.0,0.0,0.0,0.0,0.0,0.0,0.0
J113811.10+573918.1,174.5462337,57.6550541,0.411,MLQW,,Blazar,0.343,0.101,59842.1,207.6,103.3,270.63,318.17,304.54,300.1,128.2,3.64,4.3,0.0,0.0,152.9,35.0,40.0,0.0,0.0,0.0,0.0,0.0,0.0,0.0,0.0
J113812.15+411352.8,174.5506318,41.2313364,0.574,MQW,Blazar,Blazar,0.748,0.008,58301.3,20.9,24.1,80.36,127.52,151.0,216.73,228.2,5.41,5.02,0.0,2.0,19.2,8.0,7.0,0.0,0.0,0.0,0.0,0.0,0.0,0.0,0.0
J113900.50+420441.8,174.7520658,42.0783006,0.252,M,,AGN,0.577,0.258,58498.5,179.0,19.6,32.69,77.54,26.35,19.46,369.1,4.01,2.9,0.0,1.0,38.3,46.0,40.0,0.0,0.0,0.0,0.0,0.0,0.0,0.0,0.0
J113913.92+335551.1,174.8079853,33.930872,0.032,MQ,,AGN,0.52,0.174,58859.2,0.2,21.6,872.26,1306.09,375.9,563.1,425.9,3.05,3.27,0.0,0.0,10.2,2.0,2.0,0.0,0.0,0.0,0.0,0.0,0.0,0.0,0.0
J114007.33+500046.7,175.0305503,50.0129973,0.66,MQ,,AGN,0.448,0.416,59629.4,210.5,8.3,19.32,21.86,21.44,20.66,216.1,4.62,3.7,0.0,0.0,81.0,21.0,28.0,0.0,0.0,0.0,0.0,0.0,0.0,0.0,0.0
J114054.89+401737.2,175.2287151,40.293683,0.18,M,,,,,58833.6,7.7,0.1,64.13,179.62,26.78,78.12,194.1,4.5,4.62,0.0,2.0,16.6,2.0,2.0,0.0,0.0,0.0,0.0,0.0,0.0,0.0,0.0
J114057.21-021710.0,175.2383827,-2.2861105,0.049,M,,SLSN,0.011,0.067,58661.6,23.6,19.0,98.32,186.61,147.11,126.89,183.3,6.69,5.89,0.0,0.0,200.7,3.0,5.0,0.0,0.0,0.0,0.0,0.0,0.0,0.0,0.0
J114112.23+641005.5,175.3009739,64.1681974,1.006,MQW,,Blazar,0.544,0.058,58529.2,7.4,14.3,14.81,20.79,56.39,87.43,196.3,5.35,6.29,1.0,0.0,92.6,3.0,4.0,0.0,0.0,0.0,0.0,0.0,0.0,0.0,0.0
J114156.31+540659.8,175.4846419,54.1166323,0.185,MD,,AGN,0.454,0.02,58396.3,77.0,157.8,99.4,241.09,59.0,52.03,237.2,3.4,3.33,1.0,0.0,56.8,26.0,33.0,0.0,0.0,0.0,0.0,0.0,0.0,0.0,0.0
J114312.10+612210.7,175.800413,61.3696582,1.325,MQW,Blazar,Blazar,0.808,0.038,58502.9,4.9,30.0,207.39,297.16,151.71,326.6,159.2,4.37,3.99,0.0,0.0,15.3,7.0,8.0,0.0,0.0,0.0,0.0,0.0,0.0,0.0,0.0
J114428.00-212950.1,176.1166494,-21.497261,1.12,MQW,,AGN,0.238,0.217,59317.8,90.4,139.9,72.58,92.13,33.25,30.09,238.3,3.14,2.77,0.0,1.0,20.9,22.0,26.0,0.0,0.0,0.0,0.0,0.0,0.0,0.0,0.0
J114529.88+215850.1,176.3744899,21.9805847,0.214,MW,,AGN,0.424,0.498,58837.5,58.1,81.7,45.92,112.58,24.56,27.75,164.3,3.57,4.72,0.0,0.0,24.5,16.0,28.0,0.0,0.0,0.0,0.0,0.0,0.0,0.0,0.0
J114727.50+194811.9,176.8645865,19.8033237,0.516,M,,,,,58244.4,2.6,23.9,10.58,19.64,36.22,16.87,326.0,6.26,3.69,0.0,2.0,32.5,2.0,5.0,0.0,0.0,0.0,0.0,0.0,0.0,0.0,0.0
J114936.36+274404.8,177.4015206,27.7346914,0.749,MDLQW,,QSO,0.255,0.261,59908.1,284.4,117.7,75.21,95.89,40.8,49.47,140.2,3.75,3.41,0.0,0.0,15.5,53.0,61.0,0.0,0.0,0.0,0.0,0.0,0.0,0.0,0.0
J115101.68+710831.8,177.7570083,71.1421743,0.114,M,,,,,59836.6,88.8,102.5,87.15,162.25,26.76,34.46,168.3,3.26,2.93,0.0,2.0,21.5,13.0,12.0,0.0,0.0,0.0,0.0,0.0,0.0,0.0,0.0
J115138.25+412503.1,177.90937,41.417553,0.351,M,,,,,58828.8,14.6,0.2,10.5,48.37,30.65,24.96,204.6,4.53,4.95,0.0,0.0,26.8,1.0,2.0,0.0,0.0,0.0,0.0,0.0,0.0,0.0,0.0
J115203.55-112224.0,178.0147927,-11.3733583,0.049,M,,bogus,0.346,0.058,58270.5,565.8,47.9,660.64,1541.07,492.89,628.37,184.3,5.45,4.29,0.0,1.0,57.9,44.0,46.0,0.0,0.0,0.0,0.0,0.0,0.0,0.0,0.0
J115706.06-002713.5,179.2752634,-0.4537722,0.127,MD,,SLSN,0.07,0.432,59102.3,211.4,91.7,37.39,56.69,47.38,75.45,217.3,3.09,3.33,0.0,0.0,59.3,29.0,36.0,0.0,0.0,0.0,0.0,0.0,0.0,0.0,0.0
J115726.30+281322.4,179.3595724,28.2229119,0.27,MQW,,AGN,0.327,0.178,58434.5,119.3,144.9,27.62,73.92,29.75,29.64,170.2,3.97,5.37,0.0,1.0,24.2,25.0,30.0,0.0,0.0,0.0,0.0,0.0,0.0,0.0,0.0
J115825.08+434929.4,179.6044815,43.8248371,1.2,MW,,,,,59390.0,1.0,4.8,10.74,15.73,29.2,29.63,265.3,4.58,5.19,0.0,0.0,11.1,1.0,1.0,0.0,0.0,0.0,0.0,0.0,0.0,0.0,0.0
J115847.39+271342.5,179.6974785,27.2284896,0.683,MDQW,,QSO,0.442,0.394,59951.3,56.7,19.3,206.81,221.7,81.47,68.39,136.2,5.4,4.39,1.0,0.0,107.4,10.0,4.0,0.0,0.0,0.0,0.0,0.0,0.0,0.0,0.0
J115912.63-143154.8,179.8026094,-14.5319139,0.5,MQ,Blazar,AGN,0.517,0.173,58892.3,25.0,26.6,49.08,73.17,49.77,71.24,249.1,3.77,4.73,0.0,0.0,32.5,6.0,6.0,0.0,0.0,0.0,0.0,0.0,0.0,0.0,0.0
J115921.43-214244.9,179.8393036,-21.7124764,0.617,MQW,Blazar,Blazar,0.578,0.035,58896.0,3.4,5.3,171.86,222.51,677.38,907.12,238.3,4.89,5.0,1.0,1.0,25.1,1.0,2.0,0.0,0.0,0.0,0.0,0.0,0.0,0.0,0.0
J120034.47+490323.1,180.1436168,49.0564211,0.634,M,,,,,59801.7,287.4,9.7,10.49,14.31,21.76,21.42,174.3,4.01,3.74,0.0,1.0,18.1,31.0,18.0,0.0,0.0,0.0,0.0,0.0,0.0,0.0,0.0
J120202.55+150038.5,180.510641,15.0107096,0.08,M,,bogus,0.11,0.279,58251.6,19.4,3.6,284.28,559.47,127.46,189.39,155.3,5.69,4.6,1.0,1.0,74.6,3.0,3.0,0.0,0.0,0.0,0.0,0.0,0.0,0.0,0.0
J120234.22-052802.4,180.6426027,-5.4673586,0.381,MDQW,Blazar,Blazar,0.318,0.196,58641.2,2.7,1.2,709.02,828.19,572.26,672.65,183.3,5.72,6.2,0.0,0.0,334.1,2.0,2.0,0.0,0.0,0.0,0.0,0.0,0.0,0.0,0.0
J120250.90+283927.5,180.7120898,28.6576615,0.555,MQW,,QSO,0.128,0.094,59977.4,19.8,30.0,78.66,89.3,36.68,49.64,421.8,3.53,4.9,0.0,0.0,12.9,9.0,6.0,0.0,0.0,0.0,0.0,0.0,0.0,0.0,0.0
J120355.33+581945.6,180.9805599,58.3293399,0.739,MQW,Blazar,AGN,0.364,0.108,58903.4,172.1,86.6,52.14,83.53,173.16,237.43,142.3,3.66,3.44,0.0,0.0,87.1,50.0,62.0,0.0,0.0,0.0,0.0,0.0,0.0,0.0,0.0
J120422.33+380836.9,181.0930467,38.1435841,0.566,MDQW,,AGN,0.013,0.25,59685.3,96.7,187.2,488.25,474.98,136.91,112.4,147.3,3.96,3.67,0.0,0.0,26.8,32.0,30.0,0.0,0.0,0.0,0.0,0.0,0.0,0.0,0.0
J120437.99+500024.0,181.1582932,50.0066872,0.39,MQW,,AGN,0.248,0.073,58890.9,41.4,13.2,29.58,51.72,43.42,35.17,159.3,3.94,3.43,0.0,0.0,56.0,13.0,13.0,0.0,0.0,0.0,0.0,0.0,0.0,0.0,0.0
J120509.91+494201.5,181.2912945,49.7004413,0.459,MDQW,,AGN,0.297,0.201,59909.5,323.1,44.2,46.01,59.51,26.35,29.78,156.2,4.45,4.99,0.0,0.0,22.1,42.0,30.0,0.0,0.0,0.0,0.0,0.0,0.0,0.0,0.0
J121234.21+172359.3,183.1425484,17.3998082,0.4,M,,Blazar,0.69,0.156,58827.3,53.2,118.6,19.5,30.43,42.75,59.58,180.2,3.87,3.65,1.0,0.0,52.2,15.0,16.0,0.0,0.0,0.0,0.0,0.0,0.0,0.0,0.0
J121447.19+082533.4,183.6966062,8.4259543,1.69,MQW,,,,,58508.6,0.0,3.5,55.05,57.67,25.18,34.98,198.3,2.16,4.24,1.0,1.0,23.2,1.0,1.0,0.0,0.0,0.0,0.0,0.0,0.0,0.0,0.0
J121541.72+533648.3,183.9238511,53.6134174,0.204,MDW,,,,,59384.5,20.1,8.6,40.68,92.35,19.94,24.49,150.1,4.96,4.05,1.0,0.0,59.5,10.0,8.0,0.0,0.0,0.0,0.0,0.0,0.0,0.0,0.0
J121709.88+071129.6,184.2911851,7.1915737,0.007,M,,bogus,0.053,0.178,59186.4,0.6,7.1,1907.6,4974.95,2289.27,1420.96,204.4,8.34,2.65,1.0,1.0,71.7,2.0,1.0,0.0,0.0,0.0,0.0,0.0,0.0,0.0,0.0
J121741.60+504532.4,184.4233229,50.7590215,2.145,MQW,,,,,58506.4,1.8,1.3,49.91,85.12,17.94,26.86,224.1,4.03,3.5,0.0,0.0,12.2,1.0,1.0,0.0,0.0,0.0,0.0,0.0,0.0,0.0,0.0
J121834.93-011954.3,184.6455427,-1.3317623,0.168,MQW,Blazar,Blazar,0.646,0.078,58871.8,6.5,0.0,673.84,896.64,1346.66,1914.14,194.3,4.5,4.23,0.0,0.0,72.9,2.0,2.0,0.0,0.0,0.0,0.0,0.0,0.0,0.0,0.0
J122023.88-083043.1,185.0995124,-8.511987,0.23,MDLQ,,AGN,0.223,0.102,59841.2,152.1,118.1,172.08,367.1,230.44,303.31,176.3,3.1,3.51,0.0,0.0,25.8,17.0,20.0,0.0,0.0,0.0,0.0,0.0,0.0,0.0,0.0
J122054.54+482656.0,185.2272345,48.4488947,0.44,MQW,,,,,58238.8,289.8,17.4,30.45,39.94,13.06,18.02,120.8,3.49,5.44,0.0,0.0,39.7,42.0,46.0,0.0,0.0,0.0,0.0,0.0,0.0,0.0,0.0
J122326.37+075543.4,185.85988,7.9287473,0.128,M,,,,,59726.0,16.2,11.3,45.45,131.89,20.81,39.88,219.7,3.76,4.33,0.0,1.0,65.3,7.0,9.0,0.0,0.0,0.0,0.0,0.0,0.0,0.0,0.0
J122421.19+575611.6,186.0882741,57.9365569,1.403,MD,,SLSN,0.076,0.023,59010.7,122.8,111.0,10.47,14.92,25.06,24.71,342.0,3.41,2.48,0.0,0.0,36.5,29.0,43.0,0.0,0.0,0.0,0.0,0.0,0.0,0.0,0.0
J122454.46+212246.3,186.2269098,21.3795515,0.433,ML,Blazar,Blazar,0.207,0.11,58959.1,3.0,14.4,1709.55,1667.33,934.54,1382.85,163.3,4.66,5.23,0.0,0.0,360.0,2.0,2.0,0.0,0.0,0.0,0.0,0.0,0.0,0.0,0.0
J122602.81+562254.7,186.5117187,56.3818728,0.712,MQW,Blazar,Blazar,0.481,0.049,60477.3,6.3,37.3,12.74,16.96,36.27,57.67,272.3,3.43,4.55,0.0,0.0,85.7,10.0,10.0,0.0,0.0,0.0,0.0,0.0,0.0,0.0,0.0
J122616.29+002744.3,186.5678799,0.4623318,0.237,MQW,,AGN,0.451,0.194,60092.9,275.6,57.9,119.81,158.65,79.24,75.86,194.3,3.22,3.55,0.0,0.0,16.4,22.0,20.0,0.0,0.0,0.0,0.0,0.0,0.0,0.0,0.0
J122630.82+275030.0,186.6284339,27.8416749,2.437,MQW,,,,,59923.5,61.8,33.6,44.01,49.03,17.59,18.82,318.8,6.79,3.86,0.0,0.0,37.3,11.0,6.0,0.0,0.0,0.0,0.0,0.0,0.0,0.0,0.0
J122708.77+465226.5,186.7865557,46.8740364,1.619,MLQ,,QSO,0.275,0.635,59428.2,704.1,90.0,102.66,128.96,53.11,41.23,155.2,3.29,3.79,0.0,0.0,32.0,66.0,58.0,0.0,0.0,0.0,0.0,0.0,0.0,0.0,0.0
J123115.74+222631.6,187.8155939,22.4421212,1.303,MLQW,,QSO,0.297,0.653,60224.5,63.5,142.4,153.87,201.23,76.82,51.8,163.3,3.86,3.68,0.0,0.0,11.8,12.0,11.0,0.0,0.0,0.0,0.0,0.0,0.0,0.0,0.0
J123125.64+502212.8,187.8568436,50.3702415,0.261,MDW,,AGN,0.611,0.151,59385.2,106.6,120.7,38.18,95.44,50.8,43.82,136.0,3.63,3.45,0.0,0.0,31.7,42.0,45.0,0.0,0.0,0.0,0.0,0.0,0.0,0.0,0.0
J123329.95+151257.6,188.3747753,15.2160111,2.0,M,,,,,59224.8,2.7,8.9,14.36,15.38,61.8,87.86,364.9,8.41,8.2,0.0,0.0,193.7,1.0,2.0,0.0,0.0,0.0,0.0,0.0,0.0,0.0,0.0
J123337.71+570335.3,188.4071072,57.059806,0.351,MDL,,QSO,0.11,0.223,59358.7,38.4,46.9,13.34,23.34,23.14,18.48,175.3,3.34,3.57,1.0,1.0,57.6,23.0,27.0,0.0,0.0,0.0,0.0,0.0,0.0,0.0,0.0
J123557.87+582122.9,188.9911458,58.3563699,0.212,MD,,AGN,0.816,0.107,58528.9,29.6,166.2,162.24,257.79,96.48,93.03,162.8,4.13,4.14,1.0,1.0,43.7,22.0,24.0,0.0,0.0,0.0,0.0,0.0,0.0,0.0,0.0
J123625.44+492517.6,189.1060095,49.4215768,0.099,MD,,bogus,0.171,0.507,59695.2,84.8,105.4,298.15,491.86,98.68,111.87,199.2,3.25,4.7,0.0,0.0,28.6,28.0,19.0,0.0,0.0,0.0,0.0,0.0,0.0,0.0,0.0
J123806.46+345548.3,189.5269272,34.9301042,0.245,MW,,AGN,0.831,0.292,58890.3,24.7,263.2,35.52,90.31,29.23,22.45,222.1,3.61,3.14,0.0,0.0,13.5,43.0,41.0,0.0,0.0,0.0,0.0,0.0,0.0,0.0,0.0
J123856.17-010332.9,189.7340407,-1.0591381,0.208,MDQW,SN,SLSN,0.055,0.211,59711.4,73.2,26.3,36.85,62.66,215.09,227.86,241.2,3.88,4.25,0.0,0.0,311.6,17.0,15.0,0.0,0.0,0.0,0.0,0.0,0.0,0.0,0.0
J123907.73+274844.3,189.782201,27.8123272,1.407,MQW,,,,,59301.3,1.0,0.4,70.88,84.48,29.29,25.75,167.4,3.8,4.9,1.0,0.0,44.7,1.0,1.0,0.0,0.0,0.0,0.0,0.0,0.0,0.0,0.0
J123932.76+044305.2,189.8864837,4.7181209,1.759,MDQ,Blazar,Blazar,0.791,0.014,59347.3,21.9,6.0,82.53,102.79,165.93,237.32,228.1,4.72,4.51,0.0,1.0,38.4,6.0,6.0,0.0,0.0,0.0,0.0,0.0,0.0,0.0,0.0
J124000.57+010924.3,190.0023858,1.1567649,0.079,M,SN,SNIa,0.038,0.953,59307.4,18.4,13.4,172.04,327.29,88.23,116.86,228.1,5.35,4.78,0.0,0.0,145.1,9.0,6.0,0.0,0.0,0.0,0.0,0.0,0.0,0.0,0.0
J124002.14+261720.6,190.0089095,26.2890787,2.375,MQ,,CV/Nova,0.008,0.195,59188.6,2.6,10.0,26.38,28.17,48.68,73.63,441.7,5.6,6.51,0.0,0.0,211.0,3.0,3.0,0.0,0.0,0.0,0.0,0.0,0.0,0.0,0.0
J124045.54+141648.8,190.1897413,14.2802359,1.729,MLQW,,,,,58507.3,1.8,3.5,31.44,42.88,37.14,26.71,198.2,7.24,4.04,0.0,0.0,65.4,1.0,1.0,0.0,0.0,0.0,0.0,0.0,0.0,0.0,0.0
J124206.59+181024.7,190.5274481,18.1735281,2.1,MQW,,Blazar,0.454,0.289,58610.4,2.3,0.8,38.28,49.87,142.74,178.26,194.3,7.61,9.19,0.0,0.0,201.9,1.0,1.0,0.0,0.0,0.0,0.0,0.0,0.0,0.0,0.0
J124310.40+353412.7,190.7933325,35.5702203,0.101,M,,,,,59898.7,11.1,16.7,94.75,226.32,35.79,123.53,163.3,3.65,6.17,2.0,0.0,51.0,2.0,2.0,0.0,0.0,0.0,0.0,0.0,0.0,0.0,0.0
J124523.00+315219.5,191.3458134,31.8720874,0.241,ML,,AGN,0.664,0.077,58833.6,77.0,336.9,59.66,168.89,71.85,59.01,163.3,3.61,2.73,0.0,0.0,47.3,73.0,63.0,0.0,0.0,0.0,0.0,0.0,0.0,0.0,0.0
J124544.01+182018.4,191.4333912,18.3384625,0.148,MW,,AGN,0.857,0.301,59283.0,127.7,88.8,50.6,110.73,36.35,34.35,207.8,3.83,3.4,0.0,0.0,149.4,52.0,55.0,0.0,0.0,0.0,0.0,0.0,0.0,0.0,0.0
J124604.41+024848.9,191.5183766,2.8135908,1.1,MDQW,,QSO,0.485,0.315,60322.3,1.4,342.8,41.19,45.27,36.93,22.14,230.2,3.41,4.16,0.0,1.0,44.9,24.0,20.0,0.0,0.0,0.0,0.0,0.0,0.0,0.0,0.0
J124653.26+253855.9,191.7219235,25.6488622,0.187,M,,,,,58836.0,2.0,2.1,89.55,247.79,83.89,104.44,165.3,5.46,3.15,0.0,0.0,28.9,1.0,1.0,0.0,0.0,0.0,0.0,0.0,0.0,0.0,0.0
J124657.68+364718.3,191.7403301,36.7884357,0.164,M,,AGN,0.575,0.059,58787.5,94.5,0.6,110.15,217.84,63.08,94.78,128.8,3.15,5.57,1.0,0.0,43.1,19.0,18.0,0.0,0.0,0.0,0.0,0.0,0.0,0.0,0.0
J124942.29+344929.0,192.4262206,34.8247269,0.438,MDLQW,,QSO,0.239,0.012,58666.8,20.2,5.7,85.74,102.96,39.41,35.47,128.8,5.19,4.94,1.0,0.0,72.3,8.0,7.0,0.0,0.0,0.0,0.0,0.0,0.0,0.0,0.0
J125257.01+252503.9,193.2375521,25.4177757,0.296,MQW,,AGN,0.128,0.33,60053.1,23.4,4.2,159.03,212.28,65.66,56.46,164.2,5.11,4.71,0.0,0.0,275.4,8.0,5.0,0.0,0.0,0.0,0.0,0.0,0.0,0.0,0.0
J125718.32+481609.8,194.3263359,48.2694144,0.065,M,SN,SN,0.695,0.296,59985.7,22.0,6.7,186.98,459.54,287.26,266.02,263.0,12.28,8.32,0.0,0.0,349.8,2.0,3.0,0.0,0.0,0.0,0.0,0.0,0.0,0.0,0.0
J130125.70+484941.5,195.3570661,48.8282189,2.302,M,,,,,59049.5,79.1,94.4,16.65,23.36,14.74,20.12,144.3,4.16,3.27,0.0,0.0,22.0,21.0,35.0,0.0,0.0,0.0,0.0,0.0,0.0,0.0,0.0
J130132.62+463402.8,195.3859103,46.5674501,0.206,M,Blazar,,,,59223.7,16.8,0.3,80.67,265.69,51.2,137.15,298.0,3.75,4.73,2.0,0.0,14.0,2.0,2.0,0.0,0.0,0.0,0.0,0.0,0.0,0.0,0.0
J130236.53-214350.7,195.6522186,-21.7307523,1.59,MQW,,QSO,0.476,0.032,59300.4,106.1,98.0,110.91,138.58,38.46,35.14,246.2,4.36,3.37,0.0,0.0,26.7,35.0,39.0,0.0,0.0,0.0,0.0,0.0,0.0,0.0,0.0
J130500.01+785435.8,196.2500403,78.90995,1.145,MQW,Blazar,,,,60483.0,6.3,6.3,13.35,19.22,18.58,24.51,346.0,3.11,3.39,1.0,1.0,14.6,4.0,4.0,0.0,0.0,0.0,0.0,0.0,0.0,0.0,0.0
J130536.72+014259.5,196.4029988,1.7165536,0.185,MDW,,AGN,0.37,0.269,58982.9,72.0,132.3,82.49,170.81,43.56,44.0,214.2,3.23,2.9,0.0,1.0,40.0,27.0,33.0,0.0,0.0,0.0,0.0,0.0,0.0,0.0,0.0
J130615.27+370548.5,196.5636116,37.0968046,0.229,MDQW,,AGN,0.606,0.027,58804.5,61.2,38.6,71.17,127.61,51.89,50.28,198.3,7.22,4.55,0.0,0.0,11.8,12.0,9.0,0.0,0.0,0.0,0.0,0.0,0.0,0.0,0.0
J130638.32+653355.4,196.6596865,65.5653955,0.318,MQW,,AGN,0.331,0.271,58535.2,2.1,4.6,80.43,98.67,45.61,32.91,158.3,4.54,3.85,0.0,0.0,22.9,1.0,1.0,0.0,0.0,0.0,0.0,0.0,0.0,0.0,0.0
J130710.05+492754.5,196.7918755,49.4651611,0.566,MQW,,QSO,0.155,0.105,59688.7,119.5,63.9,119.34,124.66,53.75,47.1,132.4,3.56,3.12,0.0,0.0,26.1,31.0,30.0,0.0,0.0,0.0,0.0,0.0,0.0,0.0,0.0
J130815.54+311013.3,197.0647614,31.1703779,0.831,M,,AGN,0.233,0.331,58949.3,2.6,7.2,13.51,19.94,29.65,43.98,236.0,4.59,3.76,1.0,1.0,64.4,1.0,1.0,0.0,0.0,0.0,0.0,0.0,0.0,0.0,0.0
J130925.53+430505.5,197.35636,43.0848817,0.694,MQW,Blazar,Blazar,0.788,0.094,58884.0,0.8,2.3,337.52,500.04,450.73,428.74,131.4,3.34,3.56,2.0,0.0,36.6,1.0,1.0,0.0,0.0,0.0,0.0,0.0,0.0,0.0,0.0
J131016.76+334419.7,197.569821,33.7388107,1.793,MDLQW,,QSO,0.149,0.018,59997.1,255.5,275.1,149.94,179.49,63.72,56.6,134.8,3.27,3.23,0.0,0.0,18.8,53.0,42.0,0.0,0.0,0.0,0.0,0.0,0.0,0.0,0.0
J131025.32+062003.6,197.6055077,6.3343416,0.05,M,SN,SNIa,0.213,0.547,60445.5,18.7,7.3,380.5,804.8,358.53,384.63,222.2,6.06,5.54,0.0,1.0,172.9,7.0,8.0,0.0,0.0,0.0,0.0,0.0,0.0,0.0,0.0
J131043.19+441805.0,197.6799751,44.3013975,1.124,MQW,,QSO,0.292,0.097,59006.5,98.2,60.5,22.75,28.13,39.79,36.14,144.9,3.74,3.32,0.0,0.0,86.2,24.0,36.0,0.0,0.0,0.0,0.0,0.0,0.0,0.0,0.0
J131059.40+323334.4,197.7475108,32.55957,1.641,MDQW,Blazar,Blazar,0.809,0.098,59083.1,479.0,15.0,34.2,46.98,83.06,125.48,210.1,3.61,3.26,0.0,0.0,27.8,40.0,44.0,0.0,0.0,0.0,0.0,0.0,0.0,0.0,0.0
J131301.42-272258.8,198.2559214,-27.383009,1.567,MW,,SN,0.329,0.205,60102.1,10.0,36.3,23.87,25.73,31.62,34.21,446.8,2.65,3.3,0.0,0.0,16.7,5.0,7.0,0.0,0.0,0.0,0.0,0.0,0.0,0.0,0.0
J131419.62+433212.4,198.5817492,43.5367961,0.076,M,,Blazar,0.003,0.12,58624.6,14.4,7.9,318.93,699.42,132.12,173.26,240.1,6.82,4.48,0.0,2.0,107.4,5.0,5.0,0.0,0.0,0.0,0.0,0.0,0.0,0.0,0.0
J131428.86+431716.9,198.6202358,43.2880272,0.198,M,,AGN,0.088,0.053,58554.7,59.9,78.0,51.95,114.31,42.77,35.59,273.2,3.4,3.97,0.0,1.0,27.9,31.0,31.0,0.0,0.0,0.0,0.0,0.0,0.0,0.0,0.0
J131443.81+234826.7,198.6825256,23.8074401,2.06,MQ,Blazar,Blazar,0.764,0.016,58676.6,1.5,1.8,422.68,538.47,476.37,439.01,195.1,3.26,3.98,1.0,0.0,106.1,1.0,1.0,0.0,0.0,0.0,0.0,0.0,0.0,0.0,0.0
J131530.73+281119.7,198.8780562,28.1888189,0.657,MQW,,Blazar,0.417,0.304,58891.6,5.0,4.0,68.91,75.35,65.48,93.12,162.2,3.09,3.42,0.0,0.0,149.2,3.0,3.0,0.0,0.0,0.0,0.0,0.0,0.0,0.0,0.0
J131756.07+491531.1,199.483621,49.2586625,0.092,M,,AGN,0.514,0.03,58990.0,16.8,3.9,109.44,180.35,42.41,51.69,223.2,6.43,5.07,1.0,1.0,138.0,5.0,7.0,0.0,0.0,0.0,0.0,0.0,0.0,0.0,0.0
J132102.66+371609.4,200.2610885,37.2693019,2.182,MD,,AGN,0.315,0.078,58489.9,153.1,115.7,12.37,14.16,24.74,28.43,269.3,3.79,3.65,0.0,0.0,50.1,34.0,42.0,0.0,0.0,0.0,0.0,0.0,0.0,0.0,0.0
J132224.32+441639.6,200.6013509,44.2776873,0.715,M,,QSO,0.057,0.187,58804.5,273.0,50.8,12.64,16.43,40.46,31.42,199.2,3.99,2.92,0.0,1.0,85.9,59.0,55.0,0.0,0.0,0.0,0.0,0.0,0.0,0.0,0.0
J132226.14-022505.9,200.6089,-2.41833,0.023,M,,,,,58880.2,3.7,1.6,1247.64,2260.03,751.5,452.89,222.3,7.58,3.89,0.0,1.0,62.2,2.0,2.0,0.0,0.0,0.0,0.0,0.0,0.0,0.0,0.0
J132243.09-021009.9,200.6795404,-2.1694243,0.076,M,SN,SNIa,0.358,0.19,59266.9,20.5,11.3,154.94,340.34,207.89,186.54,222.3,6.23,5.0,0.0,0.0,200.9,5.0,5.0,0.0,0.0,0.0,0.0,0.0,0.0,0.0,0.0
J132358.92+213936.0,200.9955095,21.6600046,0.135,MW,,AGN,0.386,0.435,59678.0,21.2,8.1,93.91,166.97,50.92,56.11,213.2,4.23,4.84,1.0,0.0,14.0,9.0,3.0,0.0,0.0,0.0,0.0,0.0,0.0,0.0,0.0
J132442.44+052438.8,201.1768358,5.4107947,0.116,MDLQW,,AGN,0.719,0.141,58543.6,65.9,299.5,42.48,79.76,16.33,21.32,214.2,3.5,3.19,1.0,0.0,28.5,29.0,33.0,0.0,0.0,0.0,0.0,0.0,0.0,0.0,0.0
J132507.82+054105.3,201.2825832,5.684822,0.206,MDW,,AGN,0.661,0.236,58450.0,180.1,171.5,68.15,174.44,43.28,39.05,214.2,3.38,3.48,0.0,1.0,22.1,31.0,33.0,0.0,0.0,0.0,0.0,0.0,0.0,0.0,0.0
J132712.94+120555.7,201.8039036,12.0988068,0.289,MQW,,AGN,0.4,0.332,59451.2,81.5,120.5,31.82,64.55,56.28,45.14,186.2,3.84,3.43,0.0,0.0,12.3,22.0,27.0,0.0,0.0,0.0,0.0,0.0,0.0,0.0,0.0
J132905.80+500926.3,202.2741692,50.1573304,2.652,MQW,,,,,60036.2,0.0,4.4,27.84,34.04,26.57,45.58,171.2,4.06,5.28,0.0,0.0,92.1,1.0,1.0,0.0,0.0,0.0,0.0,0.0,0.0,0.0,0.0
J132943.63+725436.7,202.4317712,72.9102193,2.1,MQ,,Blazar,0.257,0.047,58582.9,2.3,10.4,54.46,53.43,47.45,71.44,129.2,5.48,6.33,1.0,0.0,196.7,4.0,3.0,0.0,0.0,0.0,0.0,0.0,0.0,0.0,0.0
J133106.45+211529.4,202.776891,21.2581884,0.458,MLQW,,AGN,0.223,0.059,58480.5,42.2,166.9,76.42,79.76,72.76,68.65,195.2,3.83,3.7,0.0,0.0,23.0,18.0,17.0,0.0,0.0,0.0,0.0,0.0,0.0,0.0,0.0
J133129.16-034114.1,202.8715044,-3.6872536,1.352,MDQW,Blazar,Blazar,0.246,0.138,58539.4,8.1,9.6,77.95,109.71,67.4,118.69,192.2,7.18,9.27,0.0,2.0,111.2,2.0,2.0,0.0,0.0,0.0,0.0,0.0,0.0,0.0,0.0
J133204.46-050943.3,203.0186025,-5.1620285,2.15,MDQ,Blazar,Blazar,0.676,0.328,59393.2,5.5,3.0,132.82,141.07,353.13,623.4,185.3,10.7,11.75,0.0,0.0,819.3,1.0,2.0,0.0,0.0,0.0,0.0,0.0,0.0,0.0,0.0
J133218.73-015419.4,203.0780299,-1.9053908,0.082,M,,Blazar,0.176,0.41,60380.4,80.4,192.0,152.17,317.35,70.39,121.13,190.3,3.29,3.84,0.0,0.0,56.5,16.0,16.0,0.0,0.0,0.0,0.0,0.0,0.0,0.0,0.0
J133245.31+412900.5,203.1887763,41.4834784,0.106,M,,AGN,0.663,0.583,58216.4,11.5,7.6,143.11,319.12,69.98,74.48,238.0,5.94,3.32,1.0,0.0,87.8,5.0,5.0,0.0,0.0,0.0,0.0,0.0,0.0,0.0,0.0
J133338.93-235625.5,203.4121894,-23.9404415,0.756,MQW,,Blazar,0.143,0.091,59353.3,8.1,0.0,186.62,221.45,81.83,99.23,244.3,2.29,3.03,0.0,0.0,52.8,2.0,2.0,0.0,0.0,0.0,0.0,0.0,0.0,0.0,0.0
J133345.18-195042.3,203.4382314,-19.8450954,3.98,MQW,,Blazar,0.36,0.266,59348.3,2.3,8.1,19.55,26.51,30.34,61.72,359.0,2.85,4.35,0.0,0.0,22.0,3.0,3.0,0.0,0.0,0.0,0.0,0.0,0.0,0.0,0.0
J133503.16+271443.5,203.763185,27.2454343,1.515,MQW,,QSO,0.749,0.175,59375.7,494.2,163.1,21.45,31.85,34.3,28.97,191.9,3.92,3.36,0.0,0.0,24.0,89.0,95.0,0.0,0.0,0.0,0.0,0.0,0.0,0.0,0.0
J133525.60+341812.6,203.8566733,34.3035022,0.255,MW,,AGN,0.516,0.274,59180.5,228.4,103.4,56.2,119.38,72.19,58.33,234.3,4.1,3.09,0.0,0.0,11.0,59.0,61.0,0.0,0.0,0.0,0.0,0.0,0.0,0.0,0.0
J133718.65+391714.2,204.3277062,39.2872953,0.754,MQ,,YSO,0.448,0.081,59301.0,16.2,14.6,19.51,30.89,49.83,79.47,269.3,5.12,6.54,1.0,0.0,47.9,10.0,9.0,0.0,0.0,0.0,0.0,0.0,0.0,0.0,0.0
J133747.33-195811.5,204.4471901,-19.9698803,0.796,MQW,,Blazar,0.659,0.155,60086.1,23.3,14.3,41.37,57.28,149.63,238.55,350.1,4.45,4.42,1.0,0.0,59.3,5.0,10.0,0.0,0.0,0.0,0.0,0.0,0.0,0.0,0.0
J133929.20+471718.5,204.8716459,47.2884731,1.32,MDQW,,AGN,0.528,0.79,59702.0,159.6,80.1,30.41,48.5,32.95,25.28,162.2,3.59,3.34,1.0,0.0,11.0,25.0,18.0,0.0,0.0,0.0,0.0,0.0,0.0,0.0,0.0
J134003.00+390038.6,205.0124982,39.0107426,1.787,MDQ,,Blazar,0.034,0.205,58313.8,3.1,1.0,41.28,46.41,223.69,314.5,120.3,12.51,13.63,0.0,0.0,1178.5,2.0,2.0,0.0,0.0,0.0,0.0,0.0,0.0,0.0,0.0
J134038.91+465012.5,205.1621186,46.836813,1.962,MDQW,,AGN,0.712,0.113,58366.4,305.4,100.2,30.02,33.05,35.23,30.33,162.2,4.34,3.77,1.0,0.0,30.8,60.0,70.0,0.0,0.0,0.0,0.0,0.0,0.0,0.0,0.0
J134238.29+631347.0,205.6595528,63.2297399,0.54,MW,,,,,59387.9,0.0,3.4,27.23,30.97,22.38,12.31,168.1,4.55,3.14,2.0,0.0,10.7,1.0,2.0,0.0,0.0,0.0,0.0,0.0,0.0,0.0,0.0
J134307.44+350623.7,205.7810138,35.1065835,1.5,MDQ,,QSO,0.462,0.224,58519.3,137.3,114.1,23.72,32.76,27.01,23.29,194.3,4.54,4.04,0.0,0.0,22.7,26.0,30.0,0.0,0.0,0.0,0.0,0.0,0.0,0.0,0.0
J134330.02+510204.0,205.8750824,51.0344668,0.131,MD,,AGN,0.473,0.304,60039.8,64.2,52.2,124.86,276.35,83.99,107.97,151.2,4.92,4.52,0.0,0.0,69.1,22.0,17.0,0.0,0.0,0.0,0.0,0.0,0.0,0.0,0.0
J134342.47+410256.4,205.9269636,41.0490212,0.682,MDW,,AGN,0.011,0.014,58748.1,82.3,126.3,12.24,16.57,23.45,25.93,226.2,3.38,3.54,0.0,0.0,41.4,20.0,24.0,0.0,0.0,0.0,0.0,0.0,0.0,0.0,0.0
J134356.68-104123.5,205.9861774,-10.6898797,0.76,MQW,,QSO,0.291,0.043,59340.3,740.9,793.4,16.72,18.21,49.18,43.21,236.2,3.97,4.11,0.0,0.0,44.2,100.0,108.0,0.0,0.0,0.0,0.0,0.0,0.0,0.0,0.0
J134426.42+441619.9,206.110089,44.2722206,0.055,MDQ,,AGN,0.567,0.051,58250.6,0.0,1.2,616.6,877.51,252.59,287.09,151.2,3.55,3.45,1.0,0.0,62.6,1.0,1.0,0.0,0.0,0.0,0.0,0.0,0.0,0.0,0.0
J134524.23+005232.9,206.3509762,0.8758297,1.777,MDQW,,AGN,0.665,0.415,59158.5,75.2,117.5,44.66,50.53,24.71,23.69,181.2,3.53,3.62,0.0,0.0,11.4,11.0,14.0,0.0,0.0,0.0,0.0,0.0,0.0,0.0,0.0
J134533.17+445259.5,206.3882183,44.8832171,2.542,MQW,Blazar,Blazar,0.571,0.018,58588.3,57.9,2.9,40.4,68.98,274.99,430.09,420.4,4.87,4.28,0.0,0.0,93.8,16.0,17.0,0.0,0.0,0.0,0.0,0.0,0.0,0.0,0.0
J134729.51-134642.6,206.8729384,-13.778506,0.76,MQW,,QSO,0.325,0.188,59210.1,90.2,584.3,138.97,137.09,62.84,59.46,224.2,3.29,2.71,0.0,0.0,18.9,42.0,46.0,0.0,0.0,0.0,0.0,0.0,0.0,0.0,0.0
J134858.33+630548.1,207.2430267,63.0967048,1.1,MQW,,QSO,0.563,0.429,59150.1,264.0,315.4,15.58,21.74,27.38,25.21,236.3,3.91,3.6,1.0,0.0,38.2,67.0,94.0,0.0,0.0,0.0,0.0,0.0,0.0,0.0,0.0
J134913.52+534611.9,207.3063319,53.7699803,1.921,M,,,,,59687.8,1.1,4.4,9.27,10.76,29.9,14.55,241.2,6.8,3.96,1.0,1.0,15.6,1.0,2.0,0.0,0.0,0.0,0.0,0.0,0.0,0.0,0.0
J135000.00+361523.2,207.49999,36.256457,0.096,M,,SNIa,0.257,0.171,59386.9,14.4,6.6,87.02,199.05,81.81,76.87,145.3,7.42,4.89,0.0,0.0,165.4,6.0,7.0,0.0,0.0,0.0,0.0,0.0,0.0,0.0,0.0
J135013.60+712547.3,207.5566623,71.4298192,1.0,MQW,,AGN,0.036,0.188,59977.5,107.6,106.9,37.61,52.4,76.29,65.66,117.2,4.55,4.64,0.0,0.0,45.7,28.0,37.0,0.0,0.0,0.0,0.0,0.0,0.0,0.0,0.0
J135103.06+093426.2,207.7627381,9.5739455,1.6,MQW,,,,,59653.5,28.4,94.5,40.9,51.75,20.72,25.99,182.2,4.88,6.22,1.0,0.0,59.7,9.0,7.0,0.0,0.0,0.0,0.0,0.0,0.0,0.0,0.0
J135406.25+254224.2,208.526057,25.7067336,1.44,MW,,Blazar,0.395,0.062,58772.1,49.2,188.3,13.73,18.8,16.28,28.27,213.2,3.45,3.04,0.0,0.0,20.5,26.0,27.0,0.0,0.0,0.0,0.0,0.0,0.0,0.0,0.0
J135409.59+615636.0,208.5399685,61.9433361,0.102,M,,,,,58833.5,0.0,18.8,144.76,323.47,144.12,67.65,168.1,5.99,3.64,1.0,1.0,29.3,1.0,1.0,0.0,0.0,0.0,0.0,0.0,0.0,0.0,0.0
J135628.51+045054.5,209.1187831,4.8484725,0.567,MDQW,,QSO,0.476,0.146,58522.4,205.3,140.7,85.83,87.12,38.8,34.23,181.2,3.57,3.58,0.0,0.0,16.3,45.0,45.0,0.0,0.0,0.0,0.0,0.0,0.0,0.0,0.0
J135732.97+624450.0,209.3873561,62.7472243,2.511,M,,QSO,0.559,0.004,59301.2,1.9,1.4,24.64,26.3,33.61,24.96,211.1,3.02,3.2,1.0,0.0,29.4,1.0,1.0,0.0,0.0,0.0,0.0,0.0,0.0,0.0,0.0
J135829.47-011242.2,209.6228005,-1.2117275,0.196,MDQW,,,,,58854.5,0.0,17.1,35.25,58.25,72.79,18.83,193.3,6.15,3.79,0.0,0.0,19.7,1.0,1.0,0.0,0.0,0.0,0.0,0.0,0.0,0.0,0.0
J135857.35+455630.3,209.7389569,45.9417505,0.172,M,,AGN,0.586,0.27,59967.4,310.1,546.5,97.29,219.91,59.17,76.29,127.3,4.15,5.08,1.0,0.0,41.3,101.0,90.0,0.0,0.0,0.0,0.0,0.0,0.0,0.0,0.0
J135910.89+580032.8,209.7953829,58.0091227,0.107,M,,SNIa,0.581,0.144,59700.7,20.9,8.5,123.14,278.85,76.27,106.88,161.2,6.16,5.03,1.0,1.0,168.7,7.0,8.0,0.0,0.0,0.0,0.0,0.0,0.0,0.0,0.0
J135938.09+401138.2,209.9087287,40.1939588,0.407,MQW,Blazar,AGN,0.734,0.029,58249.9,13.4,16.4,69.52,146.58,22.3,60.61,204.2,3.56,5.13,0.0,1.0,29.3,6.0,7.0,0.0,0.0,0.0,0.0,0.0,0.0,0.0,0.0
J140132.58+055243.6,210.3857402,5.8787951,1.17,MDQW,,QSO,0.86,0.105,58802.7,99.0,304.6,40.37,54.41,44.03,33.3,177.2,3.74,3.36,0.0,0.0,21.8,47.0,48.0,0.0,0.0,0.0,0.0,0.0,0.0,0.0,0.0
J140356.94+344659.6,210.9872292,34.7832274,0.519,M,,SN,0.277,0.066,59676.6,58.1,78.1,15.92,40.49,12.52,15.33,387.9,3.84,3.66,2.0,0.0,12.0,19.0,25.0,0.0,0.0,0.0,0.0,0.0,0.0,0.0,0.0
J140532.48+382345.1,211.3853427,38.3958744,1.232,MW,,,,,59124.1,183.8,30.8,10.8,14.18,11.96,10.72,212.7,3.81,6.1,1.0,1.0,17.2,14.0,16.0,0.0,0.0,0.0,0.0,0.0,0.0,0.0,0.0
J140549.73+245227.4,211.4572001,24.8742878,0.93,MQW,,Periodic-Other,0.051,0.09,58578.0,173.8,188.1,271.37,328.86,80.7,90.75,239.1,3.45,3.39,0.0,0.0,32.5,48.0,47.0,0.0,0.0,0.0,0.0,0.0,0.0,0.0,0.0
J140919.01+135240.0,212.3291914,13.8777889,0.58,MQ,Blazar,SLSN,0.047,0.194,59216.6,18.3,16.4,27.59,44.75,42.21,52.81,172.2,5.74,5.56,0.0,0.0,74.8,6.0,9.0,0.0,0.0,0.0,0.0,0.0,0.0,0.0,0.0
J140932.03+055138.0,212.3834644,5.8605722,0.784,MDQW,,,,,59944.1,394.3,53.9,89.25,90.75,20.23,18.53,177.2,2.92,3.19,1.0,0.0,13.0,36.0,41.0,0.0,0.0,0.0,0.0,0.0,0.0,0.0,0.0
J141035.07+073121.4,212.6461447,7.5226305,0.905,MW,Blazar,Blazar,0.258,0.04,58865.0,68.1,29.3,14.39,18.24,23.63,36.13,314.1,4.15,3.84,1.0,0.0,30.0,10.0,11.0,0.0,0.0,0.0,0.0,0.0,0.0,0.0,0.0
J141658.48-003357.6,214.2436689,-0.5660255,1.327,MDQW,,,,,58942.2,77.4,200.8,23.54,30.02,16.43,17.06,256.2,3.22,4.69,0.0,0.0,18.9,24.0,16.0,0.0,0.0,0.0,0.0,0.0,0.0,0.0,0.0
J141730.37-001717.7,214.376526,-0.2882578,0.259,MD,,SLSN,0.084,0.348,59649.4,752.7,216.0,25.11,60.99,44.13,30.47,177.3,3.37,3.86,0.0,0.0,64.4,55.0,71.0,0.0,0.0,0.0,0.0,0.0,0.0,0.0,0.0
J141909.26+060328.5,214.7885916,6.0579204,2.403,MDQW,,SNIbc,0.033,0.332,59345.4,9.3,9.8,34.0,39.84,37.53,83.85,177.2,5.52,6.42,0.0,2.0,75.8,6.0,6.0,0.0,0.0,0.0,0.0,0.0,0.0,0.0,0.0
J141915.41+252425.8,214.8142004,25.4071885,1.5,MQW,,Blazar,0.51,0.125,58903.5,18.5,16.3,24.82,36.69,240.12,286.71,175.9,4.46,4.61,1.0,1.0,188.9,6.0,9.0,0.0,0.0,0.0,0.0,0.0,0.0,0.0,0.0
J141922.56-083832.1,214.8439832,-8.6422622,0.903,MQ,Blazar,Blazar,0.674,0.027,58281.4,0.0,2.6,123.81,193.05,297.58,492.66,189.3,3.26,3.46,0.0,0.0,67.3,1.0,1.0,0.0,0.0,0.0,0.0,0.0,0.0,0.0,0.0
J141946.61+382148.4,214.9442196,38.3634659,1.83,MDQW,Blazar,QSO,0.258,0.164,58223.5,22.9,3.7,45.44,49.78,20.12,30.13,235.1,4.06,3.59,0.0,0.0,39.5,7.0,5.0,0.0,0.0,0.0,0.0,0.0,0.0,0.0,0.0
J142034.14+070450.9,215.1422634,7.0808228,1.505,MDQW,,QSO,0.811,0.329,58602.3,189.5,339.2,98.64,125.54,29.76,32.39,177.2,3.38,3.08,0.0,0.0,11.0,56.0,58.0,0.0,0.0,0.0,0.0,0.0,0.0,0.0,0.0
J142106.03+385522.8,215.2751319,38.9230082,0.489,MDQW,Blazar,QSO,0.322,0.378,59685.5,1.5,1.8,170.2,170.95,218.58,370.98,127.3,5.86,8.94,1.0,0.0,682.0,1.0,1.0,0.0,0.0,0.0,0.0,0.0,0.0,0.0,0.0
J142211.64+075927.9,215.5485131,7.9910984,0.131,M,,AGN,0.368,0.384,58638.2,81.7,12.4,238.7,396.09,48.28,94.42,177.2,3.81,3.71,1.0,0.0,98.4,17.0,19.0,0.0,0.0,0.0,0.0,0.0,0.0,0.0,0.0
J142225.42+003623.1,215.6059199,0.6064186,2.475,MDQ,,AGN,0.341,0.918,58966.7,471.5,87.7,43.27,44.2,20.27,21.34,185.3,2.94,7.01,1.0,0.0,38.1,57.0,63.0,0.0,0.0,0.0,0.0,0.0,0.0,0.0,0.0
J142238.88+580155.5,215.6620077,58.0320882,0.638,MQ,Blazar,Blazar,0.498,0.097,59205.5,67.8,529.2,58.28,78.24,54.54,65.63,140.2,3.74,3.17,0.0,0.0,22.7,107.0,101.0,0.0,0.0,0.0,0.0,0.0,0.0,0.0,0.0
J142436.30+144910.4,216.1512414,14.8195811,0.465,MQW,Blazar,Blazar,0.555,0.045,58290.2,1.5,4.8,137.57,173.5,201.29,288.71,172.2,3.97,4.28,0.0,0.0,80.7,1.0,2.0,0.0,0.0,0.0,0.0,0.0,0.0,0.0,0.0
J142445.51+532807.1,216.1896283,53.4686499,0.367,M,,,,,58700.7,102.1,29.8,21.87,42.74,22.61,21.87,150.2,4.3,6.1,0.0,0.0,109.0,15.0,10.0,0.0,0.0,0.0,0.0,0.0,0.0,0.0,0.0
J142455.51+361536.0,216.2312991,36.2600109,1.094,MQW,Blazar,Blazar,0.616,0.027,60061.5,314.5,3.2,115.57,183.99,394.73,562.44,145.5,2.23,3.17,0.0,2.0,146.4,41.0,18.0,0.0,0.0,0.0,0.0,0.0,0.0,0.0,0.0
J142512.43+335832.1,216.3017888,33.9756037,0.795,MDQW,,QSO,0.715,0.104,59377.9,208.3,14.1,35.86,42.63,19.32,22.68,169.3,3.66,4.28,1.0,0.0,105.9,27.0,27.0,0.0,0.0,0.0,0.0,0.0,0.0,0.0,0.0
J142607.72+340426.3,216.5321524,34.0739793,1.553,MQW,Blazar,Blazar,0.706,0.011,58601.6,6.5,5.9,195.63,268.33,119.93,129.82,161.8,3.57,3.68,0.0,0.0,11.3,4.0,5.0,0.0,0.0,0.0,0.0,0.0,0.0,0.0,0.0
J142609.76+372118.3,216.5406792,37.3550886,0.611,MDQW,,,,,59491.1,65.3,94.5,41.35,43.98,23.1,19.06,193.8,4.76,3.27,0.0,1.0,15.3,16.0,19.0,0.0,0.0,0.0,0.0,0.0,0.0,0.0,0.0
J142732.67+153129.9,216.8861394,15.524991,0.054,M,SN,SNIa,0.119,2.319,59275.1,10.4,9.2,309.43,765.76,346.92,179.08,147.3,7.05,3.32,0.0,2.0,106.5,3.0,5.0,0.0,0.0,0.0,0.0,0.0,0.0,0.0,0.0
J142755.80+464225.6,216.982492,46.7071327,0.302,MDQW,,Blazar,0.057,0.155,59273.4,62.1,115.4,65.42,118.74,147.69,117.17,141.2,4.47,3.49,0.0,0.0,100.5,21.0,32.0,0.0,0.0,0.0,0.0,0.0,0.0,0.0,0.0
J142801.70+593753.9,217.0071,59.6316591,1.508,MQW,,Blazar,0.005,0.133,59720.6,242.1,198.8,143.2,180.52,138.61,100.1,147.2,3.24,3.36,0.0,0.0,119.2,42.0,48.0,0.0,0.0,0.0,0.0,0.0,0.0,0.0,0.0
J142827.80+572057.1,217.1158388,57.3492173,0.534,MQW,,,,,58838.7,135.6,64.4,16.73,19.19,32.16,24.07,274.1,4.53,3.45,0.0,1.0,27.3,31.0,29.0,0.0,0.0,0.0,0.0,0.0,0.0,0.0,0.0
J142844.16+053350.5,217.1840034,5.5640345,1.119,MDQW,,QSO,0.698,0.075,59131.9,104.6,262.6,42.84,59.65,38.67,40.54,170.2,3.05,3.37,0.0,0.0,29.8,36.0,52.0,0.0,0.0,0.0,0.0,0.0,0.0,0.0,0.0
J142912.99+182638.4,217.3041262,18.4440132,0.265,M,,AGN,0.304,0.704,59069.0,210.9,20.5,40.73,91.84,42.4,41.11,150.3,3.91,3.36,0.0,1.0,22.2,21.0,36.0,0.0,0.0,0.0,0.0,0.0,0.0,0.0,0.0
J143034.18+233532.0,217.6424274,23.5922265,0.081,MW,,,,,59215.6,1.2,14.5,73.68,129.25,62.13,68.01,145.9,4.23,3.24,1.0,1.0,103.0,2.0,2.0,0.0,0.0,0.0,0.0,0.0,0.0,0.0,0.0
J143053.67+345836.4,217.7236162,34.9767868,0.084,M,,bogus,0.017,0.276,58848.8,18.2,4.3,339.78,616.22,109.18,139.86,145.8,5.91,4.62,0.0,0.0,106.7,5.0,5.0,0.0,0.0,0.0,0.0,0.0,0.0,0.0,0.0
J143058.85+003505.3,217.7452144,0.5848151,0.374,MDQ,,,,,58502.5,5.3,2.9,47.8,99.06,55.97,32.22,193.2,8.19,3.88,1.0,1.0,52.5,2.0,1.0,0.0,0.0,0.0,0.0,0.0,0.0,0.0,0.0
J143117.49+110833.7,217.8228859,11.1427187,0.5,MQW,Blazar,,,,59184.9,69.7,129.2,15.03,23.88,23.96,31.03,283.0,3.78,3.4,1.0,1.0,10.2,11.0,20.0,0.0,0.0,0.0,0.0,0.0,0.0,0.0,0.0
J143249.42+150618.5,218.2059175,15.1051422,0.262,MW,,,,,59969.1,110.9,112.7,54.05,109.21,29.42,26.47,172.2,3.39,3.88,0.0,2.0,27.3,17.0,20.0,0.0,0.0,0.0,0.0,0.0,0.0,0.0,0.0
J143257.69-180135.2,218.2403705,-18.0264575,2.331,MQW,Blazar,Blazar,0.216,0.163,60369.9,64.9,13.5,85.69,93.47,75.59,101.15,245.3,6.0,5.37,0.0,0.0,32.7,10.0,10.0,0.0,0.0,0.0,0.0,0.0,0.0,0.0,0.0
J143352.46+405643.8,218.468595,40.9454998,0.576,M,,AGN,0.041,0.133,58779.0,169.3,220.4,11.28,19.67,29.19,22.43,279.1,3.04,3.72,1.0,0.0,10.2,67.0,67.0,0.0,0.0,0.0,0.0,0.0,0.0,0.0,0.0
J143405.69+420315.9,218.5237274,42.0544427,1.238,MQW,Blazar,Blazar,0.455,0.171,58728.5,30.8,13.5,13.01,20.58,61.46,107.09,218.2,8.06,7.9,0.0,1.0,142.6,7.0,3.0,0.0,0.0,0.0,0.0,0.0,0.0,0.0,0.0
J143519.04+511739.7,218.829334,51.2943844,0.079,M,,SNIa,0.052,0.132,60475.6,38.3,15.7,76.12,158.29,222.36,236.08,99.3,7.17,10.01,0.0,0.0,452.3,15.0,5.0,0.0,0.0,0.0,0.0,0.0,0.0,0.0,0.0
J143623.20+082619.9,219.0966592,8.4388738,1.055,MDQW,,QSO,0.628,0.359,59999.4,201.9,76.0,77.25,95.34,39.57,37.22,147.3,4.78,3.82,0.0,0.0,16.3,42.0,46.0,0.0,0.0,0.0,0.0,0.0,0.0,0.0,0.0
J143817.06+633918.6,219.5710756,63.6551768,0.702,MQW,,,,,58892.0,0.5,2.9,34.15,39.55,17.58,20.43,147.2,4.17,3.6,2.0,0.0,24.6,1.0,1.0,0.0,0.0,0.0,0.0,0.0,0.0,0.0,0.0
J143920.52-242208.1,219.8355099,-24.3689429,0.055,M,,,,,59267.0,0.1,5.6,334.53,729.58,480.64,593.57,268.3,3.88,6.21,1.0,0.0,57.7,1.0,2.0,0.0,0.0,0.0,0.0,0.0,0.0,0.0,0.0
J143923.65+325354.8,219.8485609,32.8985632,0.74,MDQW,,SNIbc,0.097,1.106,58964.3,0.5,3.1,87.39,90.82,216.73,165.31,152.2,12.36,9.64,0.0,0.0,650.6,1.0,2.0,0.0,0.0,0.0,0.0,0.0,0.0,0.0,0.0
J144156.48+010419.8,220.4853522,1.0721838,1.265,MDLQW,,QSO,0.83,0.253,60279.8,131.7,476.3,41.02,58.28,25.56,23.67,165.3,3.85,3.81,1.0,0.0,73.9,49.0,68.0,0.0,0.0,0.0,0.0,0.0,0.0,0.0,0.0
J144203.86+124733.0,220.5161028,12.7925181,0.159,ML,,AGN,0.539,0.275,59673.0,66.2,55.2,127.0,284.56,129.53,117.73,147.3,4.34,5.01,0.0,1.0,38.9,25.0,24.0,0.0,0.0,0.0,0.0,0.0,0.0,0.0,0.0
J144220.05+500505.2,220.5835416,50.0848009,1.814,MQW,,AGN,0.381,0.107,58986.5,482.2,266.2,85.77,102.79,41.26,40.8,117.4,2.98,3.41,0.0,0.0,48.9,150.0,151.0,0.0,0.0,0.0,0.0,0.0,0.0,0.0,0.0
J144223.87-171510.8,220.599473,-17.253016,0.009,M,,bogus,0.366,1.784,58507.1,12.3,1.0,2952.06,5962.43,1551.54,1861.37,206.3,4.46,3.9,0.0,2.0,20.9,2.0,1.0,0.0,0.0,0.0,0.0,0.0,0.0,0.0,0.0
J144248.28+120040.3,220.7011504,12.0112045,0.163,M,Blazar,Blazar,0.363,0.199,58913.0,100.4,185.2,387.97,667.01,609.54,700.2,147.3,4.14,4.09,0.0,0.0,71.1,33.0,36.0,0.0,0.0,0.0,0.0,0.0,0.0,0.0,0.0
J144316.28+380526.1,220.8178466,38.0905843,1.162,MDQW,,QSO,0.5,0.241,60101.6,210.8,139.9,74.2,106.1,44.72,44.29,128.3,3.59,3.45,0.0,0.0,29.3,49.0,46.0,0.0,0.0,0.0,0.0,0.0,0.0,0.0,0.0
J144344.65+464153.7,220.9360435,46.6982518,1.465,MQW,,,,,59180.0,60.8,109.1,40.41,50.11,20.82,17.84,142.3,3.77,4.03,1.0,1.0,22.1,18.0,14.0,0.0,0.0,0.0,0.0,0.0,0.0,0.0,0.0
J144356.89+250144.5,220.9870505,25.0290265,0.94,MQW,Blazar,Blazar,0.769,0.056,59059.5,36.1,3.2,54.01,74.83,62.77,87.58,145.9,5.43,4.96,0.0,2.0,154.8,9.0,9.0,0.0,0.0,0.0,0.0,0.0,0.0,0.0,0.0
J144458.63+323502.5,221.2442868,32.5840402,0.071,M,SN,bogus,0.066,0.631,59761.4,10.0,6.2,112.77,233.54,109.73,124.53,145.7,7.82,5.6,0.0,0.0,175.9,6.0,4.0,0.0,0.0,0.0,0.0,0.0,0.0,0.0,0.0
J144718.14+562234.0,221.825567,56.3761149,0.412,MQ,,,,,59448.2,1.8,0.0,29.63,43.19,46.14,16.61,114.3,6.07,5.12,2.0,0.0,14.0,1.0,1.0,0.0,0.0,0.0,0.0,0.0,0.0,0.0,0.0
J144850.36+040219.9,222.2098398,4.0388601,0.871,MQW,Blazar,Blazar,0.627,0.069,59356.3,0.0,4.8,26.26,44.6,90.97,128.0,170.2,7.29,8.28,0.0,2.0,217.7,2.0,1.0,0.0,0.0,0.0,0.0,0.0,0.0,0.0,0.0
J144926.26+435628.4,222.3594316,43.9412212,0.687,MDQW,,AGN,0.171,0.02,58712.9,147.0,159.2,53.1,54.23,49.87,50.94,120.3,4.58,3.07,0.0,0.0,17.3,64.0,58.0,0.0,0.0,0.0,0.0,0.0,0.0,0.0,0.0
J145002.96+255441.3,222.5123228,25.9114937,0.06,M,,AGN,0.022,0.455,59195.5,2.4,9.7,107.88,263.87,50.52,156.55,140.3,5.11,7.46,0.0,0.0,55.1,1.0,1.0,0.0,0.0,0.0,0.0,0.0,0.0,0.0,0.0
J145017.07+574307.8,222.5711336,57.7188452,1.682,MW,,,,,60073.3,349.4,104.3,9.03,12.86,12.42,16.98,262.1,3.64,3.36,0.0,0.0,37.9,31.0,38.0,0.0,0.0,0.0,0.0,0.0,0.0,0.0,0.0
J145028.80+021743.9,222.6199817,2.2955378,1.042,MDQW,,QSO,0.782,0.196,59419.2,0.0,3.8,88.41,111.66,26.41,103.83,187.2,3.19,4.07,1.0,1.0,19.1,1.0,1.0,0.0,0.0,0.0,0.0,0.0,0.0,0.0,0.0
J145031.17+091027.9,222.6298705,9.1744318,2.628,MW,Blazar,Blazar,0.666,0.077,59690.4,185.2,86.7,21.49,30.26,144.82,244.7,243.2,3.3,4.5,1.0,0.0,119.2,34.0,44.0,0.0,0.0,0.0,0.0,0.0,0.0,0.0,0.0
J145055.43+273442.7,222.7309685,27.5785412,0.03,M,,AGN,0.344,0.304,59195.5,4.3,28.8,596.22,1394.45,241.62,715.64,127.3,4.96,8.2,2.0,0.0,54.5,2.0,2.0,0.0,0.0,0.0,0.0,0.0,0.0,0.0,0.0
J145106.21+263607.6,222.7758648,26.6021187,0.084,M,,,,,59195.5,36.8,50.9,233.63,310.7,72.31,211.3,127.3,5.23,3.75,1.0,0.0,74.8,9.0,10.0,0.0,0.0,0.0,0.0,0.0,0.0,0.0,0.0
J145127.74+635419.2,222.8655641,63.9053465,0.65,MQ,Blazar,Blazar,0.564,0.072,58523.8,106.0,70.4,91.36,118.17,65.76,81.59,147.2,4.02,3.86,0.0,0.0,11.8,32.0,31.0,0.0,0.0,0.0,0.0,0.0,0.0,0.0,0.0
J145307.93+255433.0,223.2830281,25.909177,0.049,MQ,,AGN,0.3,0.038,58285.4,370.7,12.9,690.22,1475.42,457.22,527.35,127.3,3.03,2.55,0.0,0.0,12.4,49.0,57.0,0.0,0.0,0.0,0.0,0.0,0.0,0.0,0.0
J145309.87+120223.0,223.291122,12.0397334,0.269,MD,,,,,59239.6,77.9,70.7,39.46,112.31,22.59,30.27,172.2,3.42,4.09,1.0,0.0,37.4,24.0,32.0,0.0,0.0,0.0,0.0,0.0,0.0,0.0,0.0
J145355.08+520806.3,223.47948,52.13509,0.31,M,,AGN,0.198,0.427,60035.1,45.8,76.2,35.7,91.08,46.76,36.26,150.2,4.71,4.03,0.0,0.0,31.6,18.0,21.0,0.0,0.0,0.0,0.0,0.0,0.0,0.0,0.0
J145420.85+162424.3,223.5868911,16.4067697,1.276,MQW,,Blazar,0.531,0.014,58830.6,15.8,2.1,29.26,42.53,164.8,239.17,408.8,7.15,8.07,0.0,0.0,167.1,2.0,1.0,0.0,0.0,0.0,0.0,0.0,0.0,0.0,0.0
J145422.49+544259.5,223.5937037,54.7165477,2.969,MQ,,,,,59923.5,158.8,70.9,21.13,23.44,14.61,12.27,143.2,6.39,4.52,0.0,2.0,35.0,21.0,21.0,0.0,0.0,0.0,0.0,0.0,0.0,0.0,0.0
J145500.52+434144.0,223.7521751,43.6955761,1.009,MW,,SLSN,0.726,0.154,60521.0,0.3,19.8,21.29,27.89,27.61,48.23,152.4,4.47,5.29,0.0,0.0,35.3,7.0,6.0,0.0,0.0,0.0,0.0,0.0,0.0,0.0,0.0
J145859.36+041613.7,224.7473218,4.270498,0.392,MQW,Blazar,Blazar,0.612,0.13,59034.8,1.9,2.0,53.54,113.75,513.87,610.54,147.3,11.09,10.98,0.0,0.0,629.2,1.0,1.0,0.0,0.0,0.0,0.0,0.0,0.0,0.0,0.0
J145923.84-064341.8,224.8493145,-6.7283021,1.256,MQW,,QSO,0.31,0.348,59193.0,281.9,168.5,55.99,77.44,55.47,49.54,250.2,3.58,3.84,0.0,0.0,24.2,44.0,48.0,0.0,0.0,0.0,0.0,0.0,0.0,0.0,0.0
J150029.23+222304.4,225.1217851,22.3845604,0.057,M,SN,SNIa,0.226,0.892,59215.6,17.3,7.6,176.56,404.87,178.27,223.34,146.3,10.18,5.39,0.0,2.0,210.1,7.0,7.0,0.0,0.0,0.0,0.0,0.0,0.0,0.0,0.0
J150048.65+475115.5,225.2027233,47.8543142,1.059,MQW,Blazar,Blazar,0.759,0.11,59012.6,2.6,9.8,47.76,78.52,147.8,183.57,295.2,4.91,3.98,0.0,0.0,170.5,4.0,4.0,0.0,0.0,0.0,0.0,0.0,0.0,0.0,0.0
J150127.29+242950.4,225.3636973,24.4973467,0.285,MW,,,,,59195.5,3.4,0.0,39.69,95.89,23.16,56.96,163.3,5.81,8.9,0.0,1.0,49.3,1.0,1.0,0.0,0.0,0.0,0.0,0.0,0.0,0.0,0.0
J150243.93+281739.9,225.6830373,28.2944342,1.164,MQ,,AGN,0.462,0.055,59659.4,145.0,256.8,42.48,98.8,31.35,41.69,158.3,3.66,4.68,0.0,1.0,36.8,57.0,60.0,0.0,0.0,0.0,0.0,0.0,0.0,0.0,0.0
J150254.42-154441.0,225.7267467,-15.744726,2.06,MQ,,QSO,0.551,0.18,59871.8,266.7,260.4,66.77,77.11,30.23,33.59,206.3,3.63,2.63,0.0,0.0,24.0,45.0,54.0,0.0,0.0,0.0,0.0,0.0,0.0,0.0,0.0
J150337.59+165524.6,225.9066347,16.9235054,1.9,MW,,QSO,0.049,0.054,59256.8,733.0,163.2,96.74,106.94,66.6,60.65,304.2,2.34,3.33,0.0,0.0,16.6,112.0,140.0,0.0,0.0,0.0,0.0,0.0,0.0,0.0,0.0
J150340.67-154114.1,225.9194484,-15.6872619,0.38,MQW,Blazar,Blazar,0.461,0.087,60483.0,18.8,7.8,320.63,429.8,240.52,318.26,206.3,3.62,3.94,0.0,0.0,29.5,7.0,4.0,0.0,0.0,0.0,0.0,0.0,0.0,0.0,0.0
J150348.00+475931.0,225.9499819,47.991956,0.159,MQW,Blazar,Blazar,0.606,0.016,58534.4,6.2,251.7,30.55,44.98,57.46,82.93,161.4,4.64,4.22,0.0,1.0,17.7,37.0,35.0,0.0,0.0,0.0,0.0,0.0,0.0,0.0,0.0
J150424.98+102939.2,226.104084,10.4942245,1.838,MQW,Blazar,Blazar,0.582,0.031,59059.7,68.3,32.2,152.31,208.03,617.58,1071.89,145.3,4.48,4.72,0.0,0.0,35.6,15.0,20.0,0.0,0.0,0.0,0.0,0.0,0.0,0.0,0.0
J150441.18+071621.9,226.1715668,7.2727627,0.23,MDQW,,AGN,0.255,0.378,60288.3,193.1,192.1,48.51,84.53,32.34,27.28,148.3,3.6,4.55,2.0,0.0,62.0,44.0,56.0,0.0,0.0,0.0,0.0,0.0,0.0,0.0,0.0
J150749.87+531908.9,226.9578104,53.3191639,2.201,M,,,,,58677.2,98.7,331.1,27.25,29.61,64.58,57.66,143.4,5.55,5.51,1.0,0.0,108.9,65.0,59.0,0.0,0.0,0.0,0.0,0.0,0.0,0.0,0.0
J150816.22+513835.5,227.0675638,51.6431937,0.874,MW,,,,,60100.3,142.3,191.9,18.99,19.99,11.43,10.21,143.3,3.83,4.56,1.0,1.0,26.6,34.0,41.0,0.0,0.0,0.0,0.0,0.0,0.0,0.0,0.0
J150854.63+212125.9,227.2276307,21.3572045,0.08,MD,,AGN,0.311,0.085,59227.5,335.1,295.5,256.34,594.84,143.11,178.64,127.3,3.6,3.15,1.0,1.0,106.7,115.0,146.0,0.0,0.0,0.0,0.0,0.0,0.0,0.0,0.0
J150856.31+272844.9,227.2346353,27.4791517,0.989,MDQW,,QSO,0.462,0.281,60272.6,203.0,209.6,149.4,180.71,58.43,61.54,129.2,3.3,3.56,0.0,0.0,22.2,60.0,37.0,0.0,0.0,0.0,0.0,0.0,0.0,0.0,0.0
J150928.89+272521.2,227.3703704,27.4225771,0.059,M,,,,,59195.5,3.6,9.0,541.62,1396.29,140.47,532.48,127.3,3.95,7.25,1.0,1.0,30.6,1.0,1.0,0.0,0.0,0.0,0.0,0.0,0.0,0.0,0.0
J151203.05+532403.0,228.0127209,53.4008521,1.058,MQW,,QSO,0.85,0.349,59584.8,244.4,162.1,25.49,34.74,22.43,26.07,117.4,3.26,3.0,1.0,1.0,39.0,57.0,56.0,0.0,0.0,0.0,0.0,0.0,0.0,0.0,0.0
J151233.27+040302.8,228.1386116,4.0507937,0.079,MW,,AGN,0.61,0.118,58221.9,27.5,10.1,117.43,240.19,85.69,118.06,170.3,6.09,6.27,0.0,0.0,156.7,5.0,7.0,0.0,0.0,0.0,0.0,0.0,0.0,0.0,0.0
J151349.30+274510.9,228.4554218,27.7530479,0.117,M,,AGN,0.61,0.199,59195.5,3.6,4.4,108.75,230.33,49.54,156.65,130.4,4.05,8.0,1.0,1.0,43.8,1.0,1.0,0.0,0.0,0.0,0.0,0.0,0.0,0.0,0.0
J151441.92+512154.1,228.6746738,51.3650535,0.616,M,,QSO,0.194,0.272,59304.1,378.1,45.1,20.41,24.89,35.99,35.45,113.5,3.92,3.51,0.0,2.0,119.7,79.0,80.0,0.0,0.0,0.0,0.0,0.0,0.0,0.0,0.0
J151542.43+550608.2,228.9267761,55.102291,0.51,MQW,,,,,58889.4,20.6,119.2,28.85,47.06,15.22,19.14,150.3,3.54,5.16,2.0,0.0,10.3,15.0,19.0,0.0,0.0,0.0,0.0,0.0,0.0,0.0,0.0
J151642.31+084510.6,229.1763032,8.752947,0.282,MDQ,,AGN,0.711,0.138,59016.2,27.7,281.4,31.06,58.78,23.21,20.71,163.3,3.4,5.54,1.0,1.0,31.9,25.0,47.0,0.0,0.0,0.0,0.0,0.0,0.0,0.0,0.0
J151807.27+372814.4,229.530289,37.4706665,1.862,MD,,,,,58561.4,116.8,298.7,14.58,15.1,16.15,13.12,213.2,4.24,5.36,0.0,2.0,13.7,67.0,71.0,0.0,0.0,0.0,0.0,0.0,0.0,0.0,0.0
J151921.92+042230.1,229.8413131,4.3750377,0.102,M,,SN,0.635,0.456,58514.5,21.8,9.8,82.5,188.91,56.36,91.78,140.3,5.89,5.09,2.0,0.0,135.1,3.0,5.0,0.0,0.0,0.0,0.0,0.0,0.0,0.0,0.0
J151947.31-041650.1,229.9471428,-4.2806036,0.2,MQ,,AGN,0.119,0.079,58680.4,86.3,34.4,22.94,40.58,44.86,88.21,262.2,4.35,4.66,0.0,0.0,17.3,13.0,13.0,0.0,0.0,0.0,0.0,0.0,0.0,0.0,0.0
J151958.84+315836.2,229.995156,31.9767437,0.985,MDQW,,QSO,0.292,0.23,58529.3,87.3,290.1,73.3,91.62,48.76,48.77,120.3,3.42,3.85,0.0,0.0,24.1,61.0,66.0,0.0,0.0,0.0,0.0,0.0,0.0,0.0,0.0
J152010.92+254319.4,230.0455,25.72206,0.034,M,,bogus,0.644,0.352,59215.4,0.4,17.0,1103.99,2692.74,435.85,1277.73,117.4,6.07,8.45,2.0,0.0,108.7,2.0,2.0,0.0,0.0,0.0,0.0,0.0,0.0,0.0,0.0
J152108.92+504007.0,230.2871839,50.668613,0.056,MDL,,AGN,0.486,0.243,60504.3,65.8,44.3,197.69,464.2,90.47,129.71,109.4,4.89,4.22,0.0,1.0,173.7,24.0,25.0,0.0,0.0,0.0,0.0,0.0,0.0,0.0,0.0
J152215.88+272723.9,230.566148,27.4566561,0.071,M,,,,,59216.6,0.0,19.3,156.16,387.0,83.45,218.69,121.4,7.53,8.35,1.0,0.0,125.8,2.0,1.0,0.0,0.0,0.0,0.0,0.0,0.0,0.0,0.0
J152323.38+492238.1,230.8474072,49.3772659,1.573,MQ,,QSO,0.129,0.101,58592.4,342.0,263.9,38.1,58.16,51.97,48.36,109.4,3.85,3.09,0.0,0.0,23.0,99.0,89.0,0.0,0.0,0.0,0.0,0.0,0.0,0.0,0.0
J152332.86+393224.7,230.8869286,39.5402063,0.599,MDQ,,Blazar,0.019,0.054,58602.6,99.5,40.4,117.29,106.13,64.67,54.1,109.3,3.72,3.54,0.0,0.0,42.9,40.0,38.0,0.0,0.0,0.0,0.0,0.0,0.0,0.0,0.0
J152403.62+410104.2,231.0151005,41.0178561,2.348,MDLQW,,QSO,0.641,0.056,58264.8,1.9,0.9,30.85,33.91,82.15,23.56,141.3,3.84,3.39,0.0,0.0,42.3,1.0,1.0,0.0,0.0,0.0,0.0,0.0,0.0,0.0,0.0
J152408.72+393803.2,231.0363444,39.6342227,0.183,MDQW,,AGN,0.615,0.138,58638.3,170.5,213.8,33.72,82.33,26.22,28.45,109.3,3.9,3.68,0.0,0.0,24.0,69.0,65.0,0.0,0.0,0.0,0.0,0.0,0.0,0.0,0.0
J152433.35+274311.5,231.1389754,27.7198868,0.068,MD,,AGN,0.239,0.542,58610.4,15.0,7.6,428.08,935.35,145.87,215.54,121.3,6.06,4.59,0.0,2.0,89.3,4.0,5.0,0.0,0.0,0.0,0.0,0.0,0.0,0.0,0.0
J152440.70+380259.7,231.1696039,38.0499353,2.97,MDQW,,QSO,0.288,0.122,60176.5,98.3,75.2,76.41,106.78,21.74,24.81,109.3,3.43,4.24,0.0,0.0,39.9,25.0,26.0,0.0,0.0,0.0,0.0,0.0,0.0,0.0,0.0
J152452.10+274543.4,231.2170949,27.7620624,0.07,M,,,,,59215.2,0.9,13.4,290.71,583.88,125.05,384.55,121.3,5.8,9.5,0.0,1.0,135.7,2.0,1.0,0.0,0.0,0.0,0.0,0.0,0.0,0.0,0.0
J152604.75+284353.2,231.5198004,28.7314671,0.067,M,,,,,59215.4,0.5,19.5,228.26,572.95,103.7,217.22,117.4,6.22,7.0,0.0,0.0,89.5,2.0,2.0,0.0,0.0,0.0,0.0,0.0,0.0,0.0,0.0
J152642.65+425810.5,231.6777244,42.9696039,1.944,MDQW,,QSO,0.886,0.098,58891.0,0.0,1.6,58.29,62.86,17.97,39.59,111.3,2.83,4.55,0.0,0.0,30.2,1.0,1.0,0.0,0.0,0.0,0.0,0.0,0.0,0.0,0.0
J152755.85+550404.3,231.9827087,55.06787,0.739,M,,AGN,0.512,0.24,58508.5,355.0,300.7,11.47,12.97,16.01,16.41,239.3,3.6,5.06,0.0,0.0,13.4,101.0,113.0,0.0,0.0,0.0,0.0,0.0,0.0,0.0,0.0
J153006.52+071020.1,232.527159,7.1722666,0.127,MD,,AGN,0.725,0.102,59239.1,75.8,96.6,104.24,235.57,64.83,65.54,143.3,4.73,4.23,0.0,2.0,113.1,20.0,23.0,0.0,0.0,0.0,0.0,0.0,0.0,0.0,0.0
J153013.48+155446.4,232.5561864,15.9129059,0.158,MDW,,AGN,0.846,0.105,58708.2,113.3,182.0,75.79,146.55,44.4,43.59,146.3,4.06,3.34,0.0,1.0,30.6,39.0,44.0,0.0,0.0,0.0,0.0,0.0,0.0,0.0,0.0
J153024.55+055403.7,232.6022737,5.901054,0.216,MW,,AGN,0.904,0.278,58318.9,213.6,84.5,46.07,86.24,24.03,29.57,146.3,3.16,3.97,1.0,0.0,10.6,20.0,25.0,0.0,0.0,0.0,0.0,0.0,0.0,0.0,0.0
J153151.74+434641.6,232.9655808,43.7782463,0.393,MQ,,Blazar,0.048,0.079,59304.4,36.5,61.1,55.16,78.94,62.1,44.83,121.3,3.08,3.27,0.0,0.0,11.4,25.0,24.0,0.0,0.0,0.0,0.0,0.0,0.0,0.0,0.0
J153215.78+233423.8,233.0657604,23.5732891,0.089,M,,,,,59216.4,0.1,18.9,106.14,286.42,23.86,115.07,121.4,3.11,5.33,0.0,2.0,13.9,2.0,1.0,0.0,0.0,0.0,0.0,0.0,0.0,0.0,0.0
J153241.65+561514.8,233.1735396,56.2541234,1.422,M,,,,,58850.5,22.8,146.1,12.08,16.78,13.7,13.05,247.1,3.53,3.78,0.0,1.0,25.1,12.0,16.0,0.0,0.0,0.0,0.0,0.0,0.0,0.0,0.0
J153314.21-042116.6,233.3091907,-4.3546162,0.84,MQW,Blazar,Blazar,0.519,0.16,59339.3,33.0,1.8,27.02,47.31,55.15,76.15,200.4,3.75,4.48,0.0,1.0,22.3,8.0,10.0,0.0,0.0,0.0,0.0,0.0,0.0,0.0,0.0
J153334.96-035005.6,233.3956518,-3.8349008,0.63,MQW,,,,,58714.1,0.0,9.0,75.64,81.63,37.48,54.62,183.4,3.61,3.87,1.0,0.0,26.6,1.0,1.0,0.0,0.0,0.0,0.0,0.0,0.0,0.0,0.0
J153539.96+141935.4,233.9164986,14.326523,0.363,MQ,,AGN,0.227,0.118,60429.2,19.6,250.3,53.67,77.59,38.97,38.19,130.4,5.44,4.15,0.0,0.0,34.7,18.0,28.0,0.0,0.0,0.0,0.0,0.0,0.0,0.0,0.0
J153939.14+274438.2,234.9130724,27.7439438,2.191,MLQ,Blazar,Blazar,0.572,0.02,59311.9,3.5,0.1,142.16,120.96,278.19,173.87,146.3,3.54,4.58,0.0,0.0,92.0,1.0,1.0,0.0,0.0,0.0,0.0,0.0,0.0,0.0,0.0
J154011.03+222715.6,235.0459377,22.454359,0.4,MQW,,,,,58769.0,227.7,40.3,15.53,24.43,21.16,31.48,186.3,3.51,3.93,0.0,2.0,15.3,22.0,38.0,0.0,0.0,0.0,0.0,0.0,0.0,0.0,0.0
J154034.78+255143.6,235.1449066,25.8621239,0.09,M,,SN,0.806,0.683,60076.4,12.6,9.3,118.57,269.32,88.21,93.58,117.4,6.72,5.1,1.0,0.0,97.8,4.0,6.0,0.0,0.0,0.0,0.0,0.0,0.0,0.0,0.0
J154049.49+144745.9,235.2062017,14.7960903,0.605,M,Blazar,Blazar,0.686,0.194,60434.4,90.2,16.0,202.69,334.36,554.59,995.53,130.4,4.7,5.41,1.0,1.0,71.9,28.0,28.0,0.0,0.0,0.0,0.0,0.0,0.0,0.0,0.0
J154143.18+600628.2,235.4299329,60.1078519,0.779,M,,SLSN,0.477,0.051,58518.3,138.6,74.1,15.46,16.36,80.28,92.27,234.0,4.31,3.94,0.0,0.0,178.7,24.0,31.0,0.0,0.0,0.0,0.0,0.0,0.0,0.0,0.0
J154156.20+453654.0,235.4841597,45.6150106,3.524,M,,,,,58270.0,0.0,4.5,9.79,18.45,22.68,10.03,182.2,7.99,4.28,0.0,2.0,35.8,2.0,1.0,0.0,0.0,0.0,0.0,0.0,0.0,0.0,0.0
J154258.20+054016.8,235.7425168,5.6713423,3.135,MDQ,,,,,59302.4,0.0,2.9,49.41,79.36,20.03,25.64,147.8,3.65,2.76,0.0,0.0,20.5,2.0,1.0,0.0,0.0,0.0,0.0,0.0,0.0,0.0,0.0
J154442.96+501711.3,236.1789927,50.2864871,0.494,MQW,Blazar,Blazar,0.525,0.028,58669.1,0.0,5.2,24.84,50.45,132.34,157.3,117.3,9.81,8.63,0.0,1.0,189.7,1.0,1.0,0.0,0.0,0.0,0.0,0.0,0.0,0.0,0.0
J154529.63+251127.8,236.3734558,25.1910708,0.117,MD,,AGN,0.365,0.316,59215.6,156.9,118.0,182.65,389.54,95.93,85.13,117.4,4.52,5.08,0.0,0.0,59.5,40.0,45.0,0.0,0.0,0.0,0.0,0.0,0.0,0.0,0.0
J154608.19+424037.0,236.5341269,42.6769703,1.214,MDW,,,,,58469.9,141.8,212.9,8.55,12.04,15.14,19.27,320.0,3.19,3.9,1.0,0.0,48.4,46.0,60.0,0.0,0.0,0.0,0.0,0.0,0.0,0.0,0.0
J154611.47-100326.1,236.5478105,-10.057264,0.519,MQW,Blazar,Blazar,0.676,0.079,60494.3,51.7,145.9,254.41,424.43,435.96,715.74,203.2,3.03,2.74,0.0,0.0,10.1,36.0,34.0,0.0,0.0,0.0,0.0,0.0,0.0,0.0,0.0
J154839.96+200333.6,237.1665011,20.0593535,0.098,M,SN,SNIa,0.085,0.154,59374.6,15.4,6.8,130.5,258.62,133.69,137.86,128.4,6.83,5.67,0.0,0.0,208.3,5.0,6.0,0.0,0.0,0.0,0.0,0.0,0.0,0.0,0.0
J154917.58+431256.6,237.3232505,43.2157302,1.402,MD,,,,,58462.6,91.0,185.0,8.56,12.0,9.35,9.79,262.7,3.23,4.42,1.0,0.0,23.0,24.0,32.0,0.0,0.0,0.0,0.0,0.0,0.0,0.0,0.0
J155035.27+052710.4,237.6469581,5.4529039,1.417,MQW,Blazar,Blazar,0.558,0.128,59310.4,11.4,1.8,124.14,212.17,739.15,1071.99,148.9,5.51,6.4,0.0,1.0,302.4,2.0,4.0,0.0,0.0,0.0,0.0,0.0,0.0,0.0,0.0
J155309.88+265928.4,238.2911741,26.9912384,0.178,MW,,,,,58806.6,151.0,18.3,45.37,87.81,16.64,17.57,141.3,3.18,3.16,1.0,1.0,25.5,14.0,19.0,0.0,0.0,0.0,0.0,0.0,0.0,0.0,0.0
J155331.63-242206.0,238.3817811,-24.3683433,0.332,MQ,,Blazar,0.549,0.065,59757.8,1.5,3.2,173.26,284.01,801.95,1020.72,258.2,5.46,4.42,0.0,0.0,65.7,1.0,1.0,0.0,0.0,0.0,0.0,0.0,0.0,0.0,0.0
J155447.84+232029.0,238.699324,23.3413986,0.349,MDQW,,AGN,0.459,0.178,60176.7,63.8,34.0,40.64,62.64,24.75,24.15,124.4,4.23,4.62,0.0,2.0,26.7,14.0,13.0,0.0,0.0,0.0,0.0,0.0,0.0,0.0,0.0
J155621.19+291132.6,239.0883104,29.1924131,0.08,M,,SNIa,0.021,0.257,58632.3,11.5,11.1,120.54,294.98,72.64,99.72,107.4,7.27,4.98,0.0,0.0,112.6,4.0,3.0,0.0,0.0,0.0,0.0,0.0,0.0,0.0,0.0
J155646.22+713331.1,239.1925854,71.5586537,0.805,MDQW,,QSO,0.22,0.147,58781.7,306.9,280.0,58.44,84.38,47.85,64.17,76.4,3.16,2.62,0.0,0.0,17.1,147.0,147.0,0.0,0.0,0.0,0.0,0.0,0.0,0.0,0.0
J155723.34+392130.6,239.3472497,39.3585203,1.902,MD,,,,,59359.1,117.4,182.4,17.43,17.45,12.27,9.55,141.3,3.19,5.93,1.0,1.0,15.5,70.0,74.0,0.0,0.0,0.0,0.0,0.0,0.0,0.0,0.0
J155807.34+045525.3,239.5305874,4.9237012,0.719,MDLQW,,QSO,0.622,0.051,59956.5,211.3,108.5,78.69,78.46,49.62,49.85,148.9,2.76,3.4,1.0,0.0,35.7,39.0,48.0,0.0,0.0,0.0,0.0,0.0,0.0,0.0,0.0
J155821.74+374611.1,239.5905933,37.7697747,0.27,MDQW,,AGN,0.08,0.067,59744.4,84.3,101.1,80.34,138.31,60.54,52.3,98.3,3.58,3.28,0.0,1.0,33.1,45.0,47.0,0.0,0.0,0.0,0.0,0.0,0.0,0.0,0.0
J155848.29+562514.1,239.7012034,56.420589,0.3,MQW,Blazar,Blazar,0.771,0.048,58329.9,2.6,1.5,222.55,343.18,409.16,479.97,109.3,4.51,3.74,0.0,0.0,139.2,1.0,1.0,0.0,0.0,0.0,0.0,0.0,0.0,0.0,0.0
J155952.20+231656.7,239.9675129,23.2824256,1.034,MQ,Blazar,AGN,0.076,0.019,58327.5,23.1,29.0,301.29,486.81,1016.57,1359.5,286.2,4.36,4.57,0.0,0.0,69.1,8.0,10.0,0.0,0.0,0.0,0.0,0.0,0.0,0.0,0.0
J160118.58+344400.5,240.327407,34.7334875,1.995,MDQW,,QSO,0.916,0.228,59730.2,136.7,301.0,30.24,33.18,15.0,15.48,124.3,3.54,4.59,1.0,0.0,18.0,66.0,74.0,0.0,0.0,0.0,0.0,0.0,0.0,0.0,0.0
J160144.37+485512.6,240.4348734,48.9201751,0.11,M,,AGN,0.033,0.195,59813.4,17.6,7.6,135.96,294.32,114.8,109.65,118.4,7.83,7.46,0.0,0.0,279.8,8.0,6.0,0.0,0.0,0.0,0.0,0.0,0.0,0.0,0.0
J160222.58+055119.6,240.5940625,5.8554513,0.581,MD,,VS,0.012,0.168,59626.6,256.7,277.5,13.02,23.17,28.35,24.46,277.1,3.34,3.27,0.0,0.0,29.5,59.0,76.0,0.0,0.0,0.0,0.0,0.0,0.0,0.0,0.0
J160454.14+500600.7,241.2255759,50.1002103,0.206,M,,AGN,0.887,0.256,59263.3,906.1,371.5,107.19,183.24,54.61,51.48,112.2,3.63,3.71,0.0,0.0,44.3,251.0,256.0,0.0,0.0,0.0,0.0,0.0,0.0,0.0,0.0
J160526.67+184149.1,241.3611304,18.6969951,0.179,M,,,,,59219.4,0.3,26.9,62.75,113.26,39.55,24.6,136.4,5.66,3.17,1.0,1.0,20.4,2.0,4.0,0.0,0.0,0.0,0.0,0.0,0.0,0.0,0.0
J160533.05+300129.6,241.3877,30.0249137,2.407,MQW,Blazar,Blazar,0.402,0.138,60351.5,95.0,103.8,31.79,34.51,37.07,60.52,112.4,5.38,5.7,1.0,1.0,17.1,14.0,19.0,0.0,0.0,0.0,0.0,0.0,0.0,0.0,0.0
J160547.99+590454.5,241.4499456,59.0818301,1.717,MQ,,QSO,0.555,0.189,58233.8,244.7,20.1,61.88,74.32,26.45,26.26,98.3,3.9,3.48,1.0,0.0,92.7,50.0,57.0,0.0,0.0,0.0,0.0,0.0,0.0,0.0,0.0
J160620.88+563017.4,241.5869961,56.5048563,0.45,MQ,Blazar,Blazar,0.372,0.029,58537.4,27.7,134.7,61.98,89.75,63.27,75.32,98.3,6.06,5.15,0.0,0.0,25.6,18.0,17.0,0.0,0.0,0.0,0.0,0.0,0.0,0.0,0.0
J160631.42+481711.9,241.6308966,48.286642,0.29,MW,,AGN,0.591,0.369,60101.3,86.5,29.4,18.91,45.41,23.41,20.04,130.4,3.97,4.45,0.0,0.0,58.9,29.0,29.0,0.0,0.0,0.0,0.0,0.0,0.0,0.0,0.0
J160637.09+481338.9,241.6545461,48.2274897,1.603,MDQW,,QSO,0.721,0.067,59684.4,387.6,136.2,18.19,22.02,37.87,41.88,128.3,3.7,3.21,0.0,0.0,93.5,71.0,76.0,0.0,0.0,0.0,0.0,0.0,0.0,0.0,0.0
J160638.66+340856.7,241.661091,34.1490908,2.412,MDQ,,QSO,0.59,0.22,58463.3,236.3,253.0,71.81,68.42,44.6,44.75,119.4,3.25,3.16,0.0,0.0,11.0,104.0,103.0,0.0,0.0,0.0,0.0,0.0,0.0,0.0,0.0
J160706.43+155134.4,241.7767962,15.8595804,0.496,MQ,Blazar,Blazar,0.683,0.052,58806.7,74.8,29.2,92.07,160.92,690.42,725.92,115.7,8.74,7.77,1.0,0.0,116.0,6.0,11.0,0.0,0.0,0.0,0.0,0.0,0.0,0.0,0.0
J160822.16+401217.8,242.0923215,40.2049531,0.628,MDW,Blazar,Blazar,0.523,0.207,58932.9,15.8,15.7,32.83,37.23,48.6,80.29,125.9,4.4,5.89,0.0,0.0,90.0,2.0,2.0,0.0,0.0,0.0,0.0,0.0,0.0,0.0,0.0
J160830.05+234204.0,242.1252104,23.7011171,0.069,M,SN,SNIa,0.259,0.144,59464.5,43.3,6.2,62.8,152.68,148.41,180.34,124.3,6.68,6.42,0.0,0.0,347.9,8.0,12.0,0.0,0.0,0.0,0.0,0.0,0.0,0.0,0.0
J160844.69+290046.4,242.1862101,29.0129064,0.94,MLQW,,,,,58646.3,3.4,2.6,49.49,57.98,40.29,26.16,245.7,6.94,6.51,1.0,0.0,93.8,1.0,1.0,0.0,0.0,0.0,0.0,0.0,0.0,0.0,0.0
J160846.20+102907.7,242.1925132,10.4854938,1.232,MQ,Blazar,Blazar,0.618,0.063,59693.5,20.2,0.0,155.0,187.44,953.03,1631.26,140.4,3.96,3.88,0.0,0.0,206.8,3.0,4.0,0.0,0.0,0.0,0.0,0.0,0.0,0.0,0.0
J160948.26+373906.2,242.4510741,37.6517364,2.647,MD,,,,,59390.3,0.1,4.0,9.48,10.39,21.88,17.98,287.1,6.57,5.52,0.0,1.0,33.0,1.0,1.0,0.0,0.0,0.0,0.0,0.0,0.0,0.0,0.0
J161002.38+402635.7,242.5099373,40.4432626,0.733,MQ,,Blazar,0.134,0.104,58472.7,212.0,219.3,13.74,16.1,19.16,18.26,258.3,4.56,3.03,0.0,0.0,36.8,55.0,63.0,0.0,0.0,0.0,0.0,0.0,0.0,0.0,0.0
J161014.93+374343.4,242.5621952,37.7287257,0.784,MDQW,,QSO,0.605,0.398,58768.3,81.2,48.0,53.0,53.97,23.9,24.62,98.3,3.64,3.91,1.0,0.0,12.1,14.0,12.0,0.0,0.0,0.0,0.0,0.0,0.0,0.0,0.0
J161135.07+080755.4,242.896126,8.1320718,0.396,MDLQW,,AGN,0.38,0.15,58498.4,151.6,141.4,98.14,108.66,51.35,47.8,137.9,4.11,4.16,0.0,0.0,15.2,28.0,33.0,0.0,0.0,0.0,0.0,0.0,0.0,0.0,0.0
J161259.83+421940.3,243.2493061,42.3278704,0.234,MQW,,AGN,0.43,0.136,58693.0,284.9,27.2,199.14,279.7,170.77,209.61,118.4,3.85,4.4,0.0,0.0,226.4,58.0,52.0,0.0,0.0,0.0,0.0,0.0,0.0,0.0,0.0
J161654.71+335653.9,244.2279679,33.9483302,0.836,MD,,,,,58416.5,317.6,176.4,16.98,19.39,17.19,15.86,150.3,4.07,3.18,0.0,1.0,21.2,101.0,101.0,0.0,0.0,0.0,0.0,0.0,0.0,0.0,0.0
J161727.39+174306.9,244.3641081,17.7186089,0.762,MDQW,,QSO,0.096,0.189,58359.8,135.6,91.3,66.52,65.0,25.43,21.28,257.2,3.36,3.35,0.0,0.0,11.4,16.0,29.0,0.0,0.0,0.0,0.0,0.0,0.0,0.0,0.0
J161909.24+425352.2,244.7885148,42.8978536,0.415,MD,,,,,58465.5,225.7,107.8,11.77,25.43,18.5,15.77,239.1,4.0,4.12,1.0,1.0,18.8,50.0,58.0,0.0,0.0,0.0,0.0,0.0,0.0,0.0,0.0
J162125.98+430459.3,245.3582377,43.0831414,1.702,MD,,,,,59386.9,183.6,185.9,17.84,18.55,10.39,10.68,157.3,2.84,3.7,2.0,0.0,34.5,58.0,75.0,0.0,0.0,0.0,0.0,0.0,0.0,0.0,0.0
J162641.11+195809.1,246.6712751,19.9691968,1.7,M,,AGN,0.2,0.178,60398.5,12.7,3.9,15.2,18.01,26.57,35.68,260.3,7.52,7.06,1.0,1.0,82.9,3.0,3.0,0.0,0.0,0.0,0.0,0.0,0.0,0.0,0.0
J162914.09+151415.3,247.3087193,15.2376005,0.313,MDQ,,AGN,0.283,0.598,59070.4,221.8,6.6,253.41,473.37,97.84,115.44,138.0,3.97,4.1,0.0,0.0,141.5,22.0,33.0,0.0,0.0,0.0,0.0,0.0,0.0,0.0,0.0
J162938.99+341611.4,247.4124513,34.2698515,0.88,MDLQW,,AGN,0.434,0.093,59820.2,143.1,69.1,66.27,68.24,27.73,26.69,99.4,4.68,4.26,0.0,0.0,15.6,34.0,38.0,0.0,0.0,0.0,0.0,0.0,0.0,0.0,0.0
J163116.54+492739.5,247.818909,49.4609808,0.518,MQW,Blazar,Blazar,0.767,0.013,59746.9,18.8,5.3,80.62,153.17,230.16,285.71,129.3,5.62,4.75,0.0,0.0,72.7,8.0,8.0,0.0,0.0,0.0,0.0,0.0,0.0,0.0,0.0
J163119.28+502259.5,247.830327,50.3831966,0.838,MDQW,,QSO,0.703,0.226,59160.0,277.4,83.4,22.85,24.66,25.29,31.56,127.3,3.75,3.44,0.0,1.0,90.3,69.0,74.0,0.0,0.0,0.0,0.0,0.0,0.0,0.0,0.0
J163124.71+421702.4,247.8529486,42.2840024,0.467,MQ,Blazar,Blazar,0.134,0.033,59504.6,64.5,23.3,40.47,68.48,60.63,69.48,109.0,6.23,5.51,0.0,0.0,124.0,6.0,7.0,0.0,0.0,0.0,0.0,0.0,0.0,0.0,0.0
J163333.90+384628.9,248.3912432,38.7746932,1.811,MDQW,,QSO,0.369,0.12,58893.4,0.0,3.7,52.24,47.12,38.66,35.27,97.8,3.66,4.32,1.0,1.0,41.3,1.0,1.0,0.0,0.0,0.0,0.0,0.0,0.0,0.0,0.0
J163445.76-010808.8,248.6906735,-1.1357919,0.543,MDQ,,QSO,0.159,0.173,59320.8,136.9,24.8,36.56,42.69,40.01,30.61,229.3,3.39,3.35,0.0,1.0,16.4,37.0,38.0,0.0,0.0,0.0,0.0,0.0,0.0,0.0,0.0
J163552.12+712853.8,248.9671651,71.4816244,0.171,MQ,,AGN,0.131,0.071,58602.7,210.6,181.1,363.43,624.08,330.91,366.57,86.4,3.49,3.49,0.0,0.0,20.7,76.0,82.0,0.0,0.0,0.0,0.0,0.0,0.0,0.0,0.0
J163641.61+092459.1,249.1733679,9.4164351,1.1,MDQW,,Blazar,0.731,0.106,58691.8,12.9,0.5,58.17,76.05,170.13,215.24,142.3,9.44,10.0,0.0,0.0,154.5,3.0,3.0,0.0,0.0,0.0,0.0,0.0,0.0,0.0,0.0
J163915.81+412833.6,249.8158649,41.4760246,0.69,MDQW,,Blazar,0.438,0.038,58326.2,100.6,23.7,31.62,35.12,185.7,257.01,241.2,4.24,4.58,1.0,1.0,174.5,16.0,15.0,0.0,0.0,0.0,0.0,0.0,0.0,0.0,0.0
J163920.64+560902.3,249.8360114,56.1506399,0.446,MQW,Blazar,AGN,0.018,0.073,60421.4,63.1,361.9,65.77,69.6,77.31,67.51,98.3,3.38,3.33,0.0,0.0,28.8,69.0,68.0,0.0,0.0,0.0,0.0,0.0,0.0,0.0,0.0
J164203.41+421103.0,250.5141965,42.1841821,0.882,M,,QSO,0.68,0.163,59319.7,247.3,109.9,11.95,12.82,19.71,19.87,151.8,4.47,3.81,0.0,0.0,49.2,71.0,80.0,0.0,0.0,0.0,0.0,0.0,0.0,0.0,0.0
J164216.71+314606.9,250.5696121,31.7685927,1.224,MDQW,,,,,59418.6,1.2,0.9,30.9,40.41,14.67,24.46,120.4,3.1,4.67,1.0,0.0,58.8,1.0,2.0,0.0,0.0,0.0,0.0,0.0,0.0,0.0,0.0
J164510.43+454000.0,251.2934597,45.6666903,0.803,MQ,,QSO,0.323,0.155,58806.2,0.0,1.3,102.77,93.17,43.45,40.88,99.4,3.16,3.11,0.0,0.0,20.1,1.0,1.0,0.0,0.0,0.0,0.0,0.0,0.0,0.0,0.0
J164907.64+642422.2,252.2818291,64.4061806,0.184,M,,,,,59967.5,98.2,53.4,64.43,119.28,33.57,41.04,71.4,8.94,6.55,0.0,2.0,126.8,15.0,18.0,0.0,0.0,0.0,0.0,0.0,0.0,0.0,0.0
J164924.99+523515.0,252.3541308,52.5874997,0.0,MQW,Blazar,VS,0.737,0.069,58617.1,15.0,1.4,378.48,574.73,225.41,346.02,71.4,3.09,3.12,0.0,0.0,15.8,3.0,3.0,0.0,0.0,0.0,0.0,0.0,0.0,0.0,0.0
J165012.84+252111.0,252.5535124,25.3530625,2.3,M,,,,,58431.6,568.1,92.9,9.19,12.13,16.32,15.71,248.2,3.63,3.36,0.0,0.0,28.0,81.0,86.0,0.0,0.0,0.0,0.0,0.0,0.0,0.0,0.0
J165121.88+215526.3,252.8411765,21.9239734,0.055,MD,,AGN,0.206,0.649,58722.9,10.3,6.7,284.7,650.47,179.19,279.71,147.4,8.34,8.43,0.0,0.0,259.7,4.0,3.0,0.0,0.0,0.0,0.0,0.0,0.0,0.0,0.0
J165533.31+344550.5,253.8888117,34.7640285,2.589,MD,,,,,58977.6,1.8,2.3,12.81,16.27,27.08,17.52,194.3,6.6,5.01,0.0,2.0,27.5,2.0,2.0,0.0,0.0,0.0,0.0,0.0,0.0,0.0,0.0
J165719.01+482919.7,254.3292234,48.4888106,0.202,MQ,,AGN,0.84,0.349,59303.4,88.6,137.6,50.3,109.5,32.42,31.17,85.4,4.3,4.24,0.0,0.0,30.5,42.0,48.0,0.0,0.0,0.0,0.0,0.0,0.0,0.0,0.0
J165827.19+414904.2,254.6133028,41.8178501,1.633,M,,SN,0.566,0.164,60420.4,119.7,17.5,14.78,17.13,15.96,14.83,153.4,6.25,5.28,0.0,1.0,59.7,31.0,33.0,0.0,0.0,0.0,0.0,0.0,0.0,0.0,0.0
J170136.11+283413.1,255.4004565,28.5703049,2.388,MDQW,,QSO,0.63,0.069,59597.3,509.6,247.7,85.43,99.61,39.22,43.71,120.4,3.44,3.52,0.0,0.0,25.1,133.0,148.0,0.0,0.0,0.0,0.0,0.0,0.0,0.0,0.0
J170301.84+192757.7,255.7576739,19.4660305,0.391,MDQW,,AGN,0.112,0.022,59889.3,69.6,57.7,187.11,226.61,131.41,116.39,147.4,5.1,5.13,0.0,0.0,74.2,10.0,12.0,0.0,0.0,0.0,0.0,0.0,0.0,0.0,0.0
J170744.16+220049.8,256.9339882,22.0138507,1.593,MD,,SLSN,0.179,0.038,59095.4,83.0,1.3,13.93,17.95,27.87,37.8,326.0,3.63,3.62,0.0,0.0,14.2,9.0,11.0,0.0,0.0,0.0,0.0,0.0,0.0,0.0,0.0
J170820.02+461941.3,257.0834222,46.3281629,0.637,M,,SN,0.829,0.177,60200.2,0.0,6.9,15.67,18.92,37.74,45.53,168.9,7.48,9.04,1.0,1.0,189.3,2.0,2.0,0.0,0.0,0.0,0.0,0.0,0.0,0.0,0.0
J171039.70+305953.8,257.665437,30.9982912,1.672,MD,,,,,58388.4,4.2,4.9,10.14,12.98,22.6,33.12,258.1,6.43,7.34,0.0,0.0,195.4,3.0,3.0,0.0,0.0,0.0,0.0,0.0,0.0,0.0,0.0
J171045.51+224923.0,257.6896335,22.8230627,0.209,MDQ,,AGN,0.819,0.121,58985.4,81.8,29.2,119.31,189.39,66.48,76.88,122.0,4.42,4.92,0.0,0.0,26.4,30.0,30.0,0.0,0.0,0.0,0.0,0.0,0.0,0.0,0.0
J171324.38+330829.9,258.3515978,33.141661,0.767,MDQ,,QSO,0.199,0.181,58781.0,0.3,0.0,30.32,33.33,22.7,27.4,150.4,3.32,4.36,1.0,1.0,16.4,1.0,1.0,0.0,0.0,0.0,0.0,0.0,0.0,0.0,0.0
J171335.15+491632.6,258.3964715,49.2757227,1.552,MW,Blazar,SN,0.532,0.103,59847.1,11.5,7.1,7.92,10.51,17.17,29.45,387.0,3.67,6.18,0.0,1.0,76.3,5.0,2.0,0.0,0.0,0.0,0.0,0.0,0.0,0.0,0.0
J171414.70+650626.2,258.5612702,65.1072916,0.079,M,,AGN,0.781,0.009,59966.6,251.2,103.2,166.6,355.87,87.48,142.1,96.3,4.28,5.5,0.0,0.0,188.3,60.0,63.0,0.0,0.0,0.0,0.0,0.0,0.0,0.0,0.0
J171450.27+291407.7,258.7094594,29.2354812,0.876,MDW,,QSO,0.198,0.045,59414.6,1091.3,161.8,24.57,26.06,23.78,28.41,178.3,3.2,2.93,0.0,0.0,12.1,197.0,224.0,0.0,0.0,0.0,0.0,0.0,0.0,0.0,0.0
J171647.41+310403.1,259.1975406,31.0675321,0.275,MQW,,AGN,0.664,0.1,59668.6,59.4,65.1,51.09,136.04,47.61,43.52,111.4,5.49,4.78,0.0,0.0,35.7,16.0,17.0,0.0,0.0,0.0,0.0,0.0,0.0,0.0,0.0
J171729.79+333003.8,259.3741094,33.5010546,0.888,MD,,,,,59145.1,596.0,526.2,14.88,17.01,12.39,11.92,173.3,5.81,3.12,1.0,0.0,29.6,188.0,196.0,0.0,0.0,0.0,0.0,0.0,0.0,0.0,0.0
J171824.31+274749.6,259.6012813,27.7971313,0.4,MQW,,,,,59555.3,534.2,258.6,27.7,27.64,17.29,16.85,98.4,5.05,4.46,1.0,0.0,23.5,144.0,160.0,0.0,0.0,0.0,0.0,0.0,0.0,0.0,0.0
J172102.48+273301.2,260.2603322,27.5503436,0.592,M,,CV/Nova,0.038,0.154,59453.5,7.3,0.8,30.36,24.23,827.78,1289.56,140.9,7.18,14.15,1.0,1.0,883.5,2.0,3.0,0.0,0.0,0.0,0.0,0.0,0.0,0.0,0.0
J172438.13+342958.7,261.1588782,34.4996487,0.546,MDQ,,AGN,0.066,0.128,58665.4,22.4,15.1,59.61,83.01,32.78,30.45,143.4,3.61,3.51,1.0,1.0,56.1,13.0,12.0,0.0,0.0,0.0,0.0,0.0,0.0,0.0,0.0
J172652.62+345759.3,261.7192696,34.9664958,0.927,MD,,AGN,0.47,0.054,58779.8,87.4,74.7,14.22,22.54,25.02,28.14,177.4,4.14,5.57,0.0,0.0,30.4,21.0,19.0,0.0,0.0,0.0,0.0,0.0,0.0,0.0,0.0
J173044.57+490625.8,262.6857121,49.1071857,1.038,MDQW,,Blazar,0.098,0.006,60354.8,36.3,2.7,53.9,73.37,91.71,159.36,96.4,7.99,10.26,0.0,0.0,348.9,4.0,5.0,0.0,0.0,0.0,0.0,0.0,0.0,0.0,0.0
J173721.51+335729.8,264.3396226,33.9582939,1.3,MDW,,Blazar,0.197,0.044,59487.0,387.5,213.3,90.64,138.41,127.62,117.23,117.3,3.06,2.84,0.0,0.0,103.2,121.0,126.0,0.0,0.0,0.0,0.0,0.0,0.0,0.0,0.0
J174036.98+521143.4,265.154075,52.1953922,1.379,MLQW,Blazar,Blazar,0.691,0.154,59400.3,5.7,3.5,155.29,701.99,400.96,574.51,93.4,5.97,6.97,2.0,0.0,609.1,3.0,2.0,0.0,0.0,0.0,0.0,0.0,0.0,0.0,0.0
J174347.65+374753.8,265.9485374,37.7982836,1.958,MDQW,Blazar,,,,60370.9,53.2,192.0,20.18,21.08,19.06,21.32,120.4,5.09,5.2,0.0,1.0,22.5,29.0,21.0,0.0,0.0,0.0,0.0,0.0,0.0,0.0,0.0
J174358.86-035004.6,265.9952344,-3.8346192,1.057,M,Blazar,Blazar,0.606,0.173,59065.1,3.1,7.6,96.96,212.27,50.8,122.11,177.3,5.58,6.99,1.0,0.0,77.0,2.0,2.0,0.0,0.0,0.0,0.0,0.0,0.0,0.0,0.0
J174535.21+172001.4,266.3967029,17.3337282,1.702,MDQ,Blazar,CV/Nova,0.066,0.028,59845.2,222.3,365.1,30.29,44.25,28.15,36.18,140.4,3.92,4.22,0.0,0.0,31.6,65.0,92.0,0.0,0.0,0.0,0.0,0.0,0.0,0.0,0.0
J174726.65+465850.9,266.8610212,46.9808107,1.484,MW,Blazar,Blazar,0.711,0.111,60131.0,4.9,3.6,21.86,39.69,50.53,74.43,115.4,3.61,4.85,0.0,0.0,43.1,1.0,1.0,0.0,0.0,0.0,0.0,0.0,0.0,0.0,0.0
J174747.97+624823.3,266.9498637,62.8064979,1.236,MD,,,,,58662.2,0.0,4.0,11.68,10.57,14.4,46.23,316.1,3.46,6.22,0.0,0.0,45.8,2.0,1.0,0.0,0.0,0.0,0.0,0.0,0.0,0.0,0.0
J174836.94+644950.8,267.1539294,64.8307876,1.398,MDW,,,,,58811.6,718.3,93.7,15.96,20.52,16.62,14.6,119.3,3.89,5.87,1.0,1.0,39.8,180.0,185.0,0.0,0.0,0.0,0.0,0.0,0.0,0.0,0.0
J174938.12+472003.4,267.4088347,47.33428,1.8,MQW,,Blazar,0.236,0.112,60136.5,36.3,16.6,34.47,41.59,76.13,121.78,98.4,6.39,7.06,0.0,0.0,99.8,12.0,13.0,0.0,0.0,0.0,0.0,0.0,0.0,0.0,0.0
J175322.65+440945.6,268.3443744,44.1626926,0.871,MDQW,Blazar,AGN,0.327,0.163,58332.9,7.3,0.0,80.85,79.71,40.39,71.05,97.2,4.56,4.8,0.0,2.0,48.6,2.0,2.0,0.0,0.0,0.0,0.0,0.0,0.0,0.0,0.0
J175511.24+335059.8,268.7968514,33.8499448,0.242,M,,AGN,0.535,0.183,60146.3,3.1,1.5,45.8,138.68,47.14,62.89,138.2,7.2,6.39,0.0,0.0,45.5,2.0,2.0,0.0,0.0,0.0,0.0,0.0,0.0,0.0,0.0
J175653.10+153520.8,269.2212585,15.5891183,,MW,Blazar,Blazar,0.618,0.058,58306.0,0.1,69.6,18.62,28.92,21.62,54.19,198.3,3.94,4.93,1.0,1.0,107.1,19.0,19.0,0.0,0.0,0.0,0.0,0.0,0.0,0.0,0.0
J180036.70+632703.9,270.1529264,63.4511003,1.152,MDQW,,QSO,0.684,0.174,59532.2,10.2,0.6,50.29,69.42,43.81,47.54,99.3,3.89,3.43,0.0,0.0,18.5,2.0,1.0,0.0,0.0,0.0,0.0,0.0,0.0,0.0,0.0
J180143.97+295055.5,270.4332165,29.8487694,0.5,MQ,Blazar,Blazar,0.472,0.029,59720.9,101.6,49.1,51.61,67.43,35.15,46.84,97.4,4.93,3.94,0.0,0.0,13.1,39.0,43.0,0.0,0.0,0.0,0.0,0.0,0.0,0.0,0.0
J180619.95+614118.3,271.5831079,61.688425,1.139,MDQW,,QSO,0.141,0.143,58251.9,7.8,30.7,92.11,126.06,29.99,60.07,97.9,3.69,4.22,0.0,2.0,68.7,9.0,7.0,0.0,0.0,0.0,0.0,0.0,0.0,0.0,0.0
J180813.21+694805.9,272.0550493,69.8016398,0.095,MD,,AGN,0.679,0.156,58457.1,370.6,250.2,144.75,278.62,81.21,87.15,98.0,3.73,4.05,0.0,1.0,189.3,131.0,131.0,0.0,0.0,0.0,0.0,0.0,0.0,0.0,0.0
J181422.71+411305.6,273.5946268,41.218225,1.564,MDQW,Blazar,,,,58249.0,2.4,3.7,16.69,27.66,35.6,64.61,170.4,7.78,9.57,1.0,1.0,310.4,2.0,2.0,0.0,0.0,0.0,0.0,0.0,0.0,0.0,0.0
J184255.11+624151.1,280.7296313,62.6975321,0.083,M,,AGN,0.316,0.12,59685.8,90.0,35.1,215.39,544.92,126.26,160.14,106.0,6.75,4.61,0.0,0.0,184.5,30.0,28.0,0.0,0.0,0.0,0.0,0.0,0.0,0.0,0.0
J184920.10+302414.2,282.3337597,30.4039458,0.672,MQ,Blazar,QSO,0.074,0.051,59306.4,7.0,30.9,25.8,34.88,37.36,77.53,146.3,4.63,5.35,0.0,0.0,39.0,6.0,8.0,0.0,0.0,0.0,0.0,0.0,0.0,0.0,0.0
J185022.24+495921.4,282.5926708,49.989288,2.1,MQW,,Blazar,0.741,0.035,59264.2,9.4,0.5,65.66,89.72,201.22,930.75,97.4,9.45,13.33,0.0,0.0,982.1,2.0,1.0,0.0,0.0,0.0,0.0,0.0,0.0,0.0,0.0
J185244.25+560747.7,283.1843905,56.1299405,1.16,MQ,,QSO,0.554,0.185,59496.0,225.3,122.3,46.82,76.06,23.02,26.98,123.3,4.76,3.68,0.0,0.0,21.8,49.0,58.0,0.0,0.0,0.0,0.0,0.0,0.0,0.0,0.0
J185853.50+570809.6,284.7229212,57.1360252,0.076,MQW,,Blazar,0.708,0.066,59475.9,0.2,2.8,111.02,170.26,173.12,269.05,93.4,3.62,3.45,1.0,1.0,45.1,1.0,1.0,0.0,0.0,0.0,0.0,0.0,0.0,0.0,0.0
J192332.19-210433.3,290.8841269,-21.0759211,0.874,MQ,Blazar,Blazar,0.452,0.118,59823.1,0.1,16.2,202.53,231.07,98.12,246.3,270.6,3.62,3.56,0.0,0.0,121.8,6.0,5.0,0.0,0.0,0.0,0.0,0.0,0.0,0.0,0.0
J192519.06+370535.8,291.3293974,37.0933017,0.3,M,Blazar,,,,59264.9,45.5,58.3,52.88,91.77,18.7,65.9,93.0,5.65,3.48,0.0,2.0,73.9,13.0,14.0,0.0,0.0,0.0,0.0,0.0,0.0,0.0,0.0
J193109.17+093716.2,292.7881885,9.6211917,,M,Blazar,RRL,0.011,0.04,60239.0,46.5,3.4,218.5,527.95,104.63,218.84,130.4,3.6,3.23,0.0,0.0,13.8,8.0,7.0,0.0,0.0,0.0,0.0,0.0,0.0,0.0,0.0
J194122.78+621608.3,295.3449106,62.2689956,0.7,MQW,,SLSN,0.325,0.088,60102.6,168.7,110.5,28.64,29.96,54.67,64.46,152.3,3.2,3.42,0.0,0.0,61.7,59.0,60.0,0.0,0.0,0.0,0.0,0.0,0.0,0.0,0.0
J200042.15-132533.5,300.1756133,-13.4259798,0.222,MQ,Blazar,Blazar,0.221,0.165,59401.7,8.4,9.9,66.13,194.04,104.0,213.44,162.4,5.57,5.02,0.0,1.0,47.8,6.0,6.0,0.0,0.0,0.0,0.0,0.0,0.0,0.0,0.0
J200556.47-090227.2,301.4853,-9.04091,0.016,M,,,,,58457.1,0.0,15.7,1840.44,4527.71,1493.34,1434.33,159.3,9.41,8.01,0.0,1.0,179.5,1.0,1.0,0.0,0.0,0.0,0.0,0.0,0.0,0.0,0.0
J200617.70+642445.4,301.5737317,64.4126171,1.574,MQW,Blazar,Blazar,0.229,0.11,60118.6,10.7,5.0,28.84,47.06,39.05,65.38,124.3,5.06,6.05,0.0,2.0,76.5,5.0,5.0,0.0,0.0,0.0,0.0,0.0,0.0,0.0,0.0
J200952.30+722919.3,302.4679356,72.4887074,0.395,MQ,Blazar,Blazar,0.648,0.078,58752.2,83.8,4.0,41.03,79.52,95.4,197.7,141.8,3.01,3.21,0.0,0.0,87.3,25.0,23.0,0.0,0.0,0.0,0.0,0.0,0.0,0.0,0.0
J202509.63+031644.5,306.2901364,3.2790311,2.21,MQW,Blazar,Blazar,0.415,0.035,60181.3,114.5,90.7,37.67,59.49,241.77,416.14,187.4,5.21,6.56,1.0,1.0,103.8,47.0,39.0,0.0,0.0,0.0,0.0,0.0,0.0,0.0,0.0
J202630.79+764448.5,306.6282943,76.7468058,0.3,M,Blazar,Blazar,0.258,0.115,59372.4,10.2,70.9,52.16,106.76,50.7,74.57,101.4,4.77,5.41,0.0,0.0,22.1,18.0,24.0,0.0,0.0,0.0,0.0,0.0,0.0,0.0,0.0
J202704.38-213619.0,306.768263,-21.6052943,0.459,MQW,,AGN,0.422,0.181,60257.6,41.8,93.4,29.42,43.06,23.41,23.51,271.3,3.67,3.68,0.0,0.0,19.4,17.0,19.0,0.0,0.0,0.0,0.0,0.0,0.0,0.0,0.0
J203057.13+193612.9,307.7380565,19.6035906,0.367,M,Blazar,Blazar,0.437,0.093,58362.0,2.8,4.0,164.79,243.85,68.99,112.51,135.4,4.58,4.99,0.0,0.0,48.3,2.0,2.0,0.0,0.0,0.0,0.0,0.0,0.0,0.0,0.0
J203419.07+082310.3,308.5794436,8.3862119,0.441,MQW,,Blazar,0.109,0.131,59416.8,230.4,76.8,235.1,222.14,180.47,159.91,138.4,2.94,3.49,0.0,0.0,55.3,60.0,53.0,0.0,0.0,0.0,0.0,0.0,0.0,0.0,0.0
J203522.33+105606.7,308.8430591,10.9352194,0.601,MQ,Blazar,VS,0.305,0.086,58324.9,8.7,1.2,44.29,75.47,108.58,253.15,177.3,9.15,12.72,0.0,0.0,311.2,1.0,3.0,0.0,0.0,0.0,0.0,0.0,0.0,0.0,0.0
J203802.07+003648.5,309.50864,0.6134915,0.083,MW,,AGN,0.033,0.146,59445.0,17.9,6.4,74.29,160.1,55.42,71.38,177.3,6.83,5.5,0.0,1.0,150.8,6.0,7.0,0.0,0.0,0.0,0.0,0.0,0.0,0.0,0.0
J203844.92-263632.6,309.6871594,-26.6090662,0.437,M,Blazar,,,,59410.4,70.8,281.6,24.49,59.17,15.19,13.36,266.2,2.93,3.27,0.0,1.0,20.4,19.0,22.0,0.0,0.0,0.0,0.0,0.0,0.0,0.0,0.0
J203934.81+215209.6,309.8950309,21.8693554,2.78,MQW,,Blazar,0.38,0.079,59488.9,6.0,3.5,93.93,116.29,52.98,104.66,145.3,4.82,5.45,0.0,2.0,25.7,2.0,1.0,0.0,0.0,0.0,0.0,0.0,0.0,0.0,0.0
J204514.59-052903.5,311.3108079,-5.4843088,0.027,M,SN,,,,60247.6,48.7,2.7,994.48,2064.62,1411.79,1061.28,160.4,7.17,7.16,0.0,0.0,333.8,8.0,5.0,0.0,0.0,0.0,0.0,0.0,0.0,0.0,0.0
J204654.33-101040.1,311.7263719,-10.1778256,0.723,MQW,Blazar,Blazar,0.636,0.064,59742.6,11.4,14.5,368.29,536.46,326.31,446.11,175.4,3.93,4.2,0.0,0.0,184.7,6.0,5.0,0.0,0.0,0.0,0.0,0.0,0.0,0.0,0.0
J204827.07+381124.5,312.1127855,38.1901402,0.105,M,,bogus,0.605,0.078,58606.4,260.4,161.2,7.6,27.9,10.55,39.71,345.9,2.74,3.4,0.0,0.0,28.9,33.0,64.0,0.0,0.0,0.0,0.0,0.0,0.0,0.0,0.0
J205032.29-070131.2,312.6345462,-7.0253425,0.169,MDQ,,Blazar,0.019,0.075,58726.4,163.8,223.7,153.71,319.86,323.85,302.72,192.3,3.94,4.55,0.0,0.0,37.9,33.0,33.0,0.0,0.0,0.0,0.0,0.0,0.0,0.0,0.0
J205350.70+292314.8,313.4612394,29.3874613,0.2,MQ,Blazar,Blazar,0.349,0.066,59865.7,0.2,61.9,312.95,444.41,198.45,234.62,135.4,4.47,4.43,0.0,0.0,76.2,17.0,15.0,0.0,0.0,0.0,0.0,0.0,0.0,0.0,0.0
J205354.76+010758.6,313.4781599,1.1329552,0.998,MQW,,QSO,0.619,0.025,60159.8,152.2,274.3,45.89,59.88,18.32,21.09,168.3,3.49,3.6,2.0,0.0,59.4,53.0,64.0,0.0,0.0,0.0,0.0,0.0,0.0,0.0,0.0
J210303.77+004925.1,315.7656905,0.8236621,0.137,M,,AGN,0.428,0.39,60060.8,75.3,68.0,45.99,103.3,39.8,68.58,177.3,4.26,4.62,0.0,1.0,128.0,13.0,17.0,0.0,0.0,0.0,0.0,0.0,0.0,0.0,0.0
J210710.96+084832.0,316.7956474,8.8088906,1.724,MQW,,QSO,0.668,0.19,59227.2,279.0,274.2,49.67,60.67,32.07,27.66,178.3,3.07,3.44,1.0,0.0,71.8,120.0,126.0,0.0,0.0,0.0,0.0,0.0,0.0,0.0,0.0
J211221.97-013324.8,318.0915581,-1.5569108,1.426,MDQW,,QSO,0.693,0.235,59185.6,39.5,199.3,70.2,93.51,33.31,25.32,178.3,3.11,3.66,0.0,0.0,74.3,46.0,47.0,0.0,0.0,0.0,0.0,0.0,0.0,0.0,0.0
J211458.33+283257.2,318.7430586,28.5492225,2.345,MQW,Blazar,Blazar,0.335,0.192,58705.9,1.9,1.3,78.13,89.17,35.49,67.98,139.3,4.06,5.05,1.0,0.0,96.5,1.0,1.0,0.0,0.0,0.0,0.0,0.0,0.0,0.0,0.0
J211529.41+293338.3,318.8725515,29.5606546,1.514,MQW,Blazar,Blazar,0.721,0.049,58770.2,6.4,2.9,86.44,140.33,123.67,407.45,135.3,4.12,6.5,0.0,0.0,165.1,3.0,3.0,0.0,0.0,0.0,0.0,0.0,0.0,0.0,0.0
J211720.75+050304.1,319.3364623,5.0511442,1.794,MD,,AGN,0.647,0.16,58299.6,33.7,18.3,12.89,17.02,22.73,33.14,270.1,3.98,4.71,0.0,0.0,64.3,9.0,12.0,0.0,0.0,0.0,0.0,0.0,0.0,0.0,0.0
J211939.88-110614.7,319.9161704,-11.1040825,1.844,M,Blazar,Blazar,0.239,0.114,58374.7,3.7,3.2,14.86,20.13,26.76,48.99,384.0,4.04,4.47,0.0,0.0,45.0,2.0,3.0,0.0,0.0,0.0,0.0,0.0,0.0,0.0,0.0
J212041.18+053345.0,320.1715934,5.5625036,0.535,MQW,,Blazar,0.534,0.03,59800.8,80.5,22.2,12.93,29.04,50.81,97.89,241.3,3.66,5.2,0.0,0.0,51.7,27.0,23.0,0.0,0.0,0.0,0.0,0.0,0.0,0.0,0.0
J212105.33+131120.8,320.2722156,13.1891119,1.4,MQW,,AGN,0.616,0.158,58941.1,85.5,329.2,52.33,83.09,30.56,33.36,156.3,3.77,3.58,0.0,0.0,12.2,43.0,53.0,0.0,0.0,0.0,0.0,0.0,0.0,0.0,0.0
J212629.75+103437.2,321.6239605,10.5770011,0.098,M,,bogus,0.581,0.561,60140.8,10.9,8.5,181.33,316.4,54.42,93.83,147.3,4.47,4.85,1.0,0.0,34.3,5.0,3.0,0.0,0.0,0.0,0.0,0.0,0.0,0.0,0.0
J212936.97-072431.8,322.4040508,-7.4088524,0.432,MDQW,,Blazar,0.009,0.243,58657.4,113.9,166.2,141.12,167.02,172.03,155.33,178.3,3.75,3.34,0.0,0.0,12.5,19.0,26.0,0.0,0.0,0.0,0.0,0.0,0.0,0.0,0.0
J213019.09-092737.4,322.5795329,-9.4603994,0.78,MQW,Blazar,Blazar,0.612,0.16,59871.7,0.6,47.4,108.14,191.49,268.43,316.5,178.3,4.98,3.68,0.0,1.0,53.9,11.0,7.0,0.0,0.0,0.0,0.0,0.0,0.0,0.0,0.0
J213941.30+242418.0,324.9220888,24.4050107,0.037,M,,AGN,0.453,0.072,59933.8,168.0,41.2,572.61,1181.26,248.15,320.98,133.3,6.45,4.12,0.0,0.0,47.7,21.0,24.0,0.0,0.0,0.0,0.0,0.0,0.0,0.0,0.0
J214215.18-212947.3,325.5632415,-21.4964923,1.48,MQW,,QSO,0.494,0.155,58615.0,250.2,280.9,108.94,172.13,50.85,49.54,246.3,2.92,3.08,0.0,0.0,28.4,29.0,42.0,0.0,0.0,0.0,0.0,0.0,0.0,0.0,0.0
J214622.98-152543.8,326.5957464,-15.4288586,0.698,MQ,Blazar,Blazar,0.406,0.118,59361.6,350.8,0.1,327.92,345.48,142.27,165.57,198.3,3.37,3.86,0.0,0.0,41.6,33.0,32.0,0.0,0.0,0.0,0.0,0.0,0.0,0.0,0.0
J214650.22+271912.3,326.7092571,27.3201014,2.161,MQ,,SLSN,0.142,0.196,59245.7,418.0,157.5,51.41,61.56,39.64,37.59,135.3,3.08,3.0,0.0,0.0,13.7,91.0,97.0,0.0,0.0,0.0,0.0,0.0,0.0,0.0,0.0
J214726.71+254851.2,326.8613074,25.8142472,0.252,MW,,AGN,0.026,0.078,58282.3,69.5,45.2,16.04,38.15,24.75,25.7,173.8,4.13,4.54,2.0,0.0,52.4,30.0,32.0,0.0,0.0,0.0,0.0,0.0,0.0,0.0,0.0
J215055.73-010654.1,327.7322254,-1.1150353,0.088,M,,AGN,0.235,0.108,58414.1,561.9,54.4,33.71,78.91,35.18,76.76,186.3,3.18,3.54,1.0,0.0,74.2,46.0,60.0,0.0,0.0,0.0,0.0,0.0,0.0,0.0,0.0
J215157.80+054133.6,327.990845,5.6926912,2.421,MD,,QSO,0.595,0.124,59475.3,312.8,247.0,36.8,37.93,17.67,17.62,199.3,3.08,3.43,2.0,0.0,58.7,64.0,68.0,0.0,0.0,0.0,0.0,0.0,0.0,0.0,0.0
J215533.64+091639.8,328.890185,9.2777398,0.4,MQW,,Blazar,0.661,0.065,60233.2,164.4,126.7,21.62,33.99,29.06,48.98,184.3,5.28,4.18,0.0,0.0,37.5,40.0,46.0,0.0,0.0,0.0,0.0,0.0,0.0,0.0,0.0
J215642.10+293131.0,329.1754238,29.5252844,1.004,MQ,,,,,58772.1,0.2,3.0,16.26,27.03,35.02,14.61,211.4,5.98,3.79,1.0,1.0,43.1,1.0,1.0,0.0,0.0,0.0,0.0,0.0,0.0,0.0,0.0
J215846.94+283541.9,329.6955658,28.5949814,0.918,MQW,,AGN,0.033,0.176,59530.9,192.1,70.7,28.13,36.32,53.05,66.82,149.8,4.1,4.15,0.0,0.0,95.6,30.0,33.0,0.0,0.0,0.0,0.0,0.0,0.0,0.0,0.0
J220007.47+040121.6,330.0311064,4.022667,0.206,MD,,Blazar,0.379,0.078,60065.0,110.7,183.4,38.09,87.78,39.7,33.7,183.3,3.72,3.01,0.0,0.0,44.4,26.0,25.0,0.0,0.0,0.0,0.0,0.0,0.0,0.0,0.0
J220007.93+103007.8,330.0330541,10.5021861,0.172,MQW,Blazar,Blazar,0.743,0.109,59116.1,0.7,2.2,28.44,47.45,115.53,181.59,212.3,5.52,7.36,1.0,1.0,114.9,1.0,1.0,0.0,0.0,0.0,0.0,0.0,0.0,0.0,0.0
J220046.57-071215.3,330.1940529,-7.2042613,0.809,MQW,,QSO,0.148,0.069,59229.0,72.7,491.4,77.03,71.22,56.29,58.51,192.3,3.08,2.83,0.0,0.0,10.2,48.0,59.0,0.0,0.0,0.0,0.0,0.0,0.0,0.0,0.0
J220052.83+184319.9,330.2201127,18.7221959,2.1,M,,,,,59240.1,187.0,151.0,10.48,14.63,14.75,15.41,241.2,2.96,3.27,1.0,1.0,26.9,58.0,63.0,0.0,0.0,0.0,0.0,0.0,0.0,0.0,0.0
J220136.20+265831.9,330.4008143,26.9755372,1.216,MDW,,QSO,0.176,0.16,60144.5,115.1,53.1,17.13,21.17,32.77,32.42,167.3,4.05,4.0,0.0,0.0,54.8,36.0,41.0,0.0,0.0,0.0,0.0,0.0,0.0,0.0,0.0
J220443.15+131645.7,331.1798096,13.2793784,1.617,MQW,,QSO,0.479,0.044,59030.4,87.5,320.8,78.95,99.65,29.03,28.26,154.2,3.07,3.31,0.0,0.0,11.4,48.0,63.0,0.0,0.0,0.0,0.0,0.0,0.0,0.0,0.0
J220725.93+160333.4,331.8580298,16.059296,2.409,MQ,,,,,60396.5,141.8,66.7,33.19,37.04,23.7,29.01,180.3,4.48,10.18,1.0,0.0,53.6,23.0,29.0,0.0,0.0,0.0,0.0,0.0,0.0,0.0,0.0
J221051.65+201324.0,332.7152186,20.2233489,1.233,MQW,,Blazar,0.797,0.137,59062.8,4.7,1.2,44.47,65.01,78.54,107.76,178.7,5.09,4.3,0.0,1.0,156.1,2.0,2.0,0.0,0.0,0.0,0.0,0.0,0.0,0.0,0.0
J221205.97+235540.5,333.0248617,23.9279312,1.127,MQW,Blazar,Blazar,0.567,0.041,59861.6,30.9,5.0,50.7,80.81,474.89,776.17,152.3,6.95,6.59,0.0,2.0,169.9,11.0,11.0,0.0,0.0,0.0,0.0,0.0,0.0,0.0,0.0
J221220.01+254653.7,333.0833803,25.7816003,1.183,M,,,,,59033.3,103.7,0.5,8.95,11.0,11.54,10.33,239.5,3.69,4.02,0.0,2.0,54.6,27.0,30.0,0.0,0.0,0.0,0.0,0.0,0.0,0.0,0.0
J221248.79+045839.6,333.2033081,4.9776917,0.4,M,,Blazar,0.486,0.193,58740.1,94.2,4.2,14.19,20.38,34.01,43.3,309.1,3.96,4.81,0.0,1.0,18.4,8.0,11.0,0.0,0.0,0.0,0.0,0.0,0.0,0.0,0.0
J221252.55-015518.4,333.2189582,-1.9217931,0.276,MQW,,AGN,0.386,0.106,59352.5,70.2,127.3,40.24,72.73,111.41,129.69,172.4,4.19,4.79,0.0,0.0,63.4,16.0,21.0,0.0,0.0,0.0,0.0,0.0,0.0,0.0,0.0
J221300.14+125313.9,333.2505901,12.8872012,1.142,MQW,,Blazar,0.044,0.078,58651.5,211.0,271.1,56.02,80.89,36.26,38.63,168.3,3.17,4.11,0.0,0.0,10.8,51.0,62.0,0.0,0.0,0.0,0.0,0.0,0.0,0.0,0.0
J221304.61+233343.2,333.2692261,23.5620223,0.424,MQW,,AGN,0.234,0.026,58597.3,131.5,69.9,45.64,59.13,56.68,61.77,163.3,4.82,4.99,0.0,0.0,71.2,27.0,33.0,0.0,0.0,0.0,0.0,0.0,0.0,0.0,0.0
J221555.99+010127.0,333.9833093,1.0241898,2.232,MDLQW,,QSO,0.732,0.291,58898.8,412.5,357.8,70.02,79.29,38.64,37.88,168.8,2.93,3.54,0.0,0.0,38.9,105.0,111.0,0.0,0.0,0.0,0.0,0.0,0.0,0.0,0.0
J221822.40-152623.8,334.593349,-15.4399619,0.07,M,,AGN,0.016,0.182,59199.7,300.7,8.5,248.79,588.44,88.24,135.47,190.3,3.32,3.49,0.0,1.0,61.1,26.0,33.0,0.0,0.0,0.0,0.0,0.0,0.0,0.0,0.0
J221859.18-090113.2,334.7465815,-9.0203457,0.972,MQW,,QSO,0.103,0.047,58820.1,94.9,339.5,124.45,165.77,47.06,59.25,189.3,3.46,3.51,0.0,0.0,18.9,31.0,30.0,0.0,0.0,0.0,0.0,0.0,0.0,0.0,0.0
J222017.94-002541.9,335.0747433,-0.428315,0.14,M,,,,,58457.2,0.0,0.6,83.1,197.25,22.74,52.38,181.3,4.12,6.02,0.0,2.0,19.9,1.0,1.0,0.0,0.0,0.0,0.0,0.0,0.0,0.0,0.0
J222041.78+252427.1,335.1740636,25.4075428,1.318,MDQW,,QSO,0.759,0.238,60227.2,283.0,198.1,59.51,80.84,31.92,31.99,152.3,5.75,3.72,0.0,0.0,36.0,56.0,65.0,0.0,0.0,0.0,0.0,0.0,0.0,0.0,0.0
J222226.07-083132.8,335.6086154,-8.5257806,0.085,M,,,,,58467.2,0.0,19.9,188.95,482.55,122.2,144.87,187.3,5.82,6.85,1.0,0.0,43.0,1.0,2.0,0.0,0.0,0.0,0.0,0.0,0.0,0.0,0.0
J222308.74+243912.4,335.7864287,24.6534563,1.498,MQW,,Blazar,0.52,0.039,59122.9,5.4,2.6,50.86,75.76,45.89,71.82,151.3,5.27,7.13,0.0,0.0,301.5,2.0,2.0,0.0,0.0,0.0,0.0,0.0,0.0,0.0,0.0
J222513.52+195921.3,336.306347,19.9892565,1.093,MDQ,,,,,59316.9,169.4,125.3,34.42,50.16,21.42,23.43,172.3,4.15,3.94,1.0,1.0,29.2,46.0,56.0,0.0,0.0,0.0,0.0,0.0,0.0,0.0,0.0
J222547.26-045701.4,336.4469158,-4.950389,1.404,MQ,Blazar,Blazar,0.646,0.136,60141.8,9.9,1.5,100.97,168.27,709.8,1029.21,187.3,9.83,9.68,1.0,0.0,690.6,2.0,3.0,0.0,0.0,0.0,0.0,0.0,0.0,0.0,0.0
J222702.54+061326.6,336.7605882,6.2240714,1.234,MDW,,Blazar,0.2,0.075,58988.4,233.0,51.9,21.76,28.6,105.84,121.39,206.3,3.55,3.62,0.0,0.0,185.2,47.0,50.0,0.0,0.0,0.0,0.0,0.0,0.0,0.0,0.0
J222716.61+290554.1,336.8192187,29.0983788,0.705,MD,,,,,59408.1,188.3,123.6,17.15,20.08,12.3,11.11,173.3,2.99,3.45,1.0,0.0,12.6,51.0,65.0,0.0,0.0,0.0,0.0,0.0,0.0,0.0,0.0
J222842.25+243319.7,337.176055,24.555488,1.649,MDQW,,QSO,0.58,0.241,59637.3,163.2,149.2,82.45,96.93,46.67,40.16,151.3,3.66,3.55,0.0,0.0,22.8,39.0,46.0,0.0,0.0,0.0,0.0,0.0,0.0,0.0,0.0
J223159.32+182721.6,337.9971869,18.4560222,2.522,MD,,,,,58732.8,206.1,256.2,15.97,17.72,12.29,11.7,189.3,3.0,3.12,0.0,1.0,45.8,44.0,51.0,0.0,0.0,0.0,0.0,0.0,0.0,0.0,0.0
J223434.95-272911.4,338.6456256,-27.4865,0.04,M,SN,SNIa,0.021,1.346,59909.8,12.1,7.5,908.11,1732.28,943.61,795.82,241.3,8.52,6.13,0.0,0.0,154.2,2.0,2.0,0.0,0.0,0.0,0.0,0.0,0.0,0.0,0.0
J223525.78+203655.1,338.8573983,20.6153169,1.537,M,,,,,59943.7,390.3,30.5,8.46,10.21,10.93,11.9,255.6,4.01,4.54,0.0,1.0,18.1,25.0,42.0,0.0,0.0,0.0,0.0,0.0,0.0,0.0,0.0
J224155.22+315339.9,340.4800767,31.8944232,1.893,MDQW,,,,,58394.6,394.0,135.3,25.22,29.31,16.55,14.24,167.3,4.16,2.86,1.0,0.0,35.7,100.0,106.0,0.0,0.0,0.0,0.0,0.0,0.0,0.0,0.0
J224412.73+405713.6,341.0530476,40.9537839,1.171,MQ,Blazar,Blazar,0.449,0.012,58284.7,39.7,6.8,109.8,178.78,690.59,1232.93,192.2,5.1,5.55,0.0,0.0,168.4,14.0,13.0,0.0,0.0,0.0,0.0,0.0,0.0,0.0,0.0
J224435.50+050612.5,341.147901,5.1034958,2.005,M,,,,,58412.4,184.9,38.2,8.4,8.63,14.64,20.92,382.9,2.86,3.32,0.0,0.0,27.3,12.0,12.0,0.0,0.0,0.0,0.0,0.0,0.0,0.0,0.0
J224553.65+050056.9,341.4735601,5.0158216,1.091,MQW,Blazar,QSO,0.305,0.274,59135.6,1.7,2.6,124.22,165.77,66.04,136.71,200.2,2.78,5.46,0.0,1.0,222.3,2.0,2.0,0.0,0.0,0.0,0.0,0.0,0.0,0.0,0.0
J225606.79+224343.4,344.0283035,22.728743,0.524,MQ,,QSO,0.352,0.164,58897.9,340.2,54.5,41.12,43.84,72.59,58.03,187.2,4.24,3.13,0.0,0.0,15.4,74.0,78.0,0.0,0.0,0.0,0.0,0.0,0.0,0.0,0.0
J225649.69-081441.4,344.2070363,-8.2448357,0.192,M,,AGN,0.246,0.126,60288.2,1.0,414.3,70.83,193.64,49.65,49.29,195.2,3.31,3.15,0.0,0.0,89.5,46.0,47.0,0.0,0.0,0.0,0.0,0.0,0.0,0.0,0.0
J225730.55+074507.0,344.3772983,7.7519504,1.79,MLQW,,QSO,0.651,0.095,58772.3,0.1,5.2,56.69,61.78,27.03,12.65,208.2,3.24,4.18,0.0,0.0,17.8,1.0,2.0,0.0,0.0,0.0,0.0,0.0,0.0,0.0,0.0
J225943.08-242939.0,344.9295,-24.4941667,0.087,M,,,,,58438.2,36.2,3.5,65.02,179.8,73.67,200.79,248.6,4.06,4.85,1.0,1.0,35.3,2.0,2.0,0.0,0.0,0.0,0.0,0.0,0.0,0.0,0.0
J230109.00+164137.9,345.2875087,16.6938756,2.284,MQ,,,,,58950.6,217.1,240.9,20.72,29.92,15.03,20.76,211.2,4.02,4.89,1.0,0.0,20.2,67.0,81.0,0.0,0.0,0.0,0.0,0.0,0.0,0.0,0.0
J230127.74+372649.2,345.3655733,37.4470095,2.179,MQ,Blazar,,,,58658.5,373.0,398.4,22.67,27.32,24.57,27.72,187.2,3.51,3.65,0.0,0.0,46.9,115.0,135.0,0.0,0.0,0.0,0.0,0.0,0.0,0.0,0.0
J230321.73+011056.3,345.8405594,1.1823315,0.184,MQW,,AGN,0.586,0.316,60136.1,27.4,1.7,135.08,273.87,52.99,66.6,197.2,5.53,3.87,0.0,2.0,72.2,9.0,4.0,0.0,0.0,0.0,0.0,0.0,0.0,0.0,0.0
J230352.07-035513.5,345.9669706,-3.9204242,0.5,MQW,,Blazar,0.353,0.062,58716.9,31.9,48.1,25.84,44.02,35.3,53.43,229.2,3.85,6.32,0.0,0.0,13.9,11.0,9.0,0.0,0.0,0.0,0.0,0.0,0.0,0.0,0.0
J230436.71+370507.4,346.1529762,37.085395,0.387,MQW,Blazar,Blazar,0.48,0.05,60203.4,11.3,12.1,213.8,291.12,98.6,134.13,187.2,3.66,3.76,0.0,0.0,46.1,7.0,6.0,0.0,0.0,0.0,0.0,0.0,0.0,0.0,0.0
J230456.98+164845.5,346.2374007,16.8126601,2.0,MQW,,Blazar,0.718,0.051,60502.0,3.5,4.2,63.47,94.19,59.18,75.25,197.2,3.12,3.03,0.0,0.0,20.6,1.0,2.0,0.0,0.0,0.0,0.0,0.0,0.0,0.0,0.0
J231101.29+020505.3,347.7553877,2.0848125,0.603,MQW,Blazar,Blazar,0.777,0.077,60126.8,2.0,1.8,154.14,258.69,335.3,546.37,196.3,6.14,5.79,2.0,0.0,249.3,1.0,1.0,0.0,0.0,0.0,0.0,0.0,0.0,0.0,0.0
J231418.40+282516.5,348.5766808,28.4212696,1.083,MQW,,QSO,0.25,0.247,60486.7,94.4,232.0,67.61,95.89,41.8,49.03,187.2,4.07,3.97,0.0,0.0,12.0,33.0,42.0,0.0,0.0,0.0,0.0,0.0,0.0,0.0,0.0
J231418.78+242739.2,348.5782484,24.4608911,1.013,MW,,QSO,0.233,0.238,60246.4,140.5,64.7,11.47,17.81,23.68,29.85,205.2,3.61,4.32,0.0,0.0,44.6,22.0,27.0,0.0,0.0,0.0,0.0,0.0,0.0,0.0,0.0
J231510.42+263812.8,348.7934277,26.6369013,0.641,MQ,,QSO,0.352,0.445,59324.1,110.5,366.1,15.74,25.44,24.37,30.09,207.2,3.31,2.48,1.0,0.0,33.4,87.0,101.0,0.0,0.0,0.0,0.0,0.0,0.0,0.0,0.0
J231610.60+102903.7,349.044165,10.4843656,0.124,M,,SNIa,0.04,0.754,59106.9,17.1,10.0,79.0,208.07,60.36,81.49,194.3,5.45,3.9,1.0,1.0,59.8,4.0,7.0,0.0,0.0,0.0,0.0,0.0,0.0,0.0,0.0
J231636.23+111314.7,349.1509525,11.2207682,0.09,MQ,,AGN,0.272,0.12,59048.5,204.5,224.4,345.14,465.2,138.74,140.39,194.3,3.36,3.3,0.0,0.0,17.4,46.0,71.0,0.0,0.0,0.0,0.0,0.0,0.0,0.0,0.0
J231836.90+304836.9,349.653733,30.8102603,0.103,MD,Blazar,AGN,0.012,0.031,58355.6,383.6,41.3,158.82,406.73,160.68,152.06,188.2,3.96,3.82,0.0,0.0,120.4,67.0,66.0,0.0,0.0,0.0,0.0,0.0,0.0,0.0,0.0
J231940.46+263836.6,349.9186012,26.6435248,0.848,M,,AGN,0.31,0.18,59644.9,148.0,179.7,10.07,10.93,16.63,18.84,262.3,4.68,4.29,0.0,0.0,46.7,32.0,40.0,0.0,0.0,0.0,0.0,0.0,0.0,0.0,0.0
J231946.24+223350.1,349.9426762,22.5639209,1.462,MQW,,,,,59966.1,368.3,288.5,20.28,29.13,12.36,13.35,187.2,3.02,6.25,0.0,1.0,12.4,101.0,117.0,0.0,0.0,0.0,0.0,0.0,0.0,0.0,0.0
J232051.87+024556.6,350.216136,2.7657367,2.609,MD,,YSO,0.042,0.142,58556.0,599.6,221.8,12.24,14.19,20.31,24.17,234.3,4.31,4.42,0.0,0.0,34.5,77.0,92.0,0.0,0.0,0.0,0.0,0.0,0.0,0.0,0.0
J232154.95+320407.6,350.4789778,32.068787,1.489,MQ,Blazar,Blazar,0.656,0.086,58760.7,17.5,19.1,18.44,42.23,65.41,143.17,190.2,3.14,5.1,1.0,1.0,61.8,9.0,10.0,0.0,0.0,0.0,0.0,0.0,0.0,0.0,0.0
J232227.49+282727.7,350.6145552,28.4577062,1.148,M,,,,,60073.0,93.1,457.1,11.91,20.51,11.24,16.22,216.2,3.82,3.74,0.0,2.0,14.1,60.0,81.0,0.0,0.0,0.0,0.0,0.0,0.0,0.0,0.0
J232625.65+011208.7,351.6068564,1.202419,1.595,MQW,Blazar,Blazar,0.534,0.099,58349.6,6.9,4.1,70.2,122.67,501.01,842.14,230.3,5.62,5.78,0.0,1.0,99.6,3.0,4.0,0.0,0.0,0.0,0.0,0.0,0.0,0.0,0.0
J232625.82+115546.1,351.6075874,11.9294849,0.121,M,,AGN,0.184,0.095,59912.4,319.4,36.5,111.93,307.94,61.62,63.46,196.2,4.32,5.7,0.0,1.0,108.8,43.0,41.0,0.0,0.0,0.0,0.0,0.0,0.0,0.0,0.0
J232733.58+094009.4,351.8899159,9.6692958,1.843,MDQW,Blazar,Blazar,0.441,0.135,60120.4,2.6,0.8,145.9,157.89,212.38,415.94,196.2,8.11,12.7,1.0,0.0,500.4,1.0,2.0,0.0,0.0,0.0,0.0,0.0,0.0,0.0,0.0
J232841.41+224847.9,352.172532,22.8133296,0.129,MDLQ,,AGN,0.007,0.12,59970.2,105.5,95.6,158.43,263.3,265.25,241.21,189.2,4.33,4.05,0.0,0.0,52.6,20.0,28.0,0.0,0.0,0.0,0.0,0.0,0.0,0.0,0.0
J232944.70+073311.9,352.4362662,7.5533258,0.989,MDQW,,AGN,0.605,0.133,58365.3,6.0,6.2,31.58,41.43,30.33,47.21,229.3,4.28,4.75,1.0,1.0,63.5,4.0,4.0,0.0,0.0,0.0,0.0,0.0,0.0,0.0,0.0
J233115.33+195834.5,352.8138779,19.9762721,0.3,MQW,,Blazar,0.445,0.091,58461.4,183.6,96.5,18.08,37.49,64.66,56.89,238.2,4.02,3.66,0.0,0.0,39.6,27.0,34.0,0.0,0.0,0.0,0.0,0.0,0.0,0.0,0.0
J233453.84+143214.7,353.7243179,14.5374356,2.223,MQW,Blazar,Blazar,0.792,0.177,60601.4,3.8,0.7,104.18,171.32,114.57,174.61,196.2,5.88,6.55,0.0,0.0,43.3,1.0,1.0,0.0,0.0,0.0,0.0,0.0,0.0,0.0,0.0
J233515.98+020418.2,353.8165819,2.0717419,1.668,MLQW,,,,,60257.2,168.1,52.1,63.92,78.16,21.82,18.19,202.2,4.31,4.95,0.0,0.0,16.5,15.0,20.0,0.0,0.0,0.0,0.0,0.0,0.0,0.0,0.0
J233735.73+273755.7,354.3988593,27.6321636,1.444,MQW,,AGN,0.659,0.355,60103.6,49.8,432.8,59.58,87.01,20.53,22.15,187.2,2.91,3.46,1.0,0.0,17.3,70.0,85.0,0.0,0.0,0.0,0.0,0.0,0.0,0.0,0.0
J233757.34-023057.6,354.4889143,-2.5160088,1.065,MDQW,Blazar,Blazar,0.701,0.22,59040.9,9.6,9.5,79.35,111.42,116.23,165.34,200.3,3.45,4.21,1.0,0.0,69.5,3.0,5.0,0.0,0.0,0.0,0.0,0.0,0.0,0.0,0.0
J233807.83+311548.7,354.5326241,31.2635377,1.873,MQ,,QSO,0.354,0.042,58963.4,0.2,279.0,45.94,49.35,14.22,22.43,188.2,2.45,3.62,0.0,0.0,10.8,44.0,52.0,0.0,0.0,0.0,0.0,0.0,0.0,0.0,0.0
J233856.38+212441.2,354.7349348,21.4114631,0.291,MQW,Blazar,Blazar,0.774,0.065,58789.3,3.8,12.9,249.62,374.01,129.25,202.81,199.1,3.18,3.73,0.0,0.0,25.6,3.0,4.0,0.0,0.0,0.0,0.0,0.0,0.0,0.0,0.0
J234123.29+262004.8,355.3470561,26.3346763,0.249,M,,Blazar,0.24,0.098,58825.8,177.4,161.2,24.0,67.14,38.5,37.5,201.3,3.68,4.3,0.0,1.0,28.8,55.0,57.0,0.0,0.0,0.0,0.0,0.0,0.0,0.0,0.0
J234145.12+150727.4,355.4379809,15.1242881,0.576,MDQW,,AGN,0.243,0.083,59674.3,247.6,105.2,122.54,136.09,151.32,160.81,201.3,4.02,3.59,0.0,0.0,75.2,45.0,46.0,0.0,0.0,0.0,0.0,0.0,0.0,0.0,0.0
J234333.59+343950.9,355.8899413,34.664153,0.366,MQ,Blazar,YSO,0.394,0.117,60220.7,26.2,15.2,76.57,135.26,91.2,116.69,188.2,5.27,5.18,0.0,0.0,158.2,13.0,13.0,0.0,0.0,0.0,0.0,0.0,0.0,0.0,0.0
J234921.03+453540.1,357.3376327,45.5944741,,MW,Blazar,Blazar,0.787,0.045,58296.0,4.5,9.9,64.97,106.61,98.61,140.02,122.3,4.77,4.81,1.0,1.0,62.2,5.0,5.0,0.0,0.0,0.0,0.0,0.0,0.0,0.0,0.0
J235114.69+254150.6,357.8112164,25.6973936,0.504,MQW,,Blazar,0.394,0.044,60181.2,69.3,8.6,124.72,146.16,258.86,244.02,205.2,6.12,6.25,0.0,0.0,651.1,22.0,20.0,0.0,0.0,0.0,0.0,0.0,0.0,0.0,0.0
J235221.02+330359.2,358.0875982,33.0664573,0.659,MQW,,AGN,0.053,0.13,58457.2,215.1,182.3,39.44,46.3,41.93,40.91,127.3,4.02,3.63,0.0,0.0,12.3,58.0,69.0,0.0,0.0,0.0,0.0,0.0,0.0,0.0,0.0
J235810.88-102008.6,359.545342,-10.3357264,1.636,MQW,Blazar,Blazar,0.688,0.037,58360.4,12.9,3.2,112.31,146.51,660.8,1189.6,212.3,8.74,8.02,1.0,0.0,296.3,5.0,5.0,0.0,0.0,0.0,0.0,0.0,0.0,0.0,0.0
J235915.62+221450.1,359.8150769,22.2472725,0.702,MQW,Blazar,Blazar,0.577,0.097,59199.1,184.2,151.8,20.92,41.88,36.59,49.46,223.2,3.89,4.26,0.0,0.0,38.6,46.0,59.0,0.0,0.0,0.0,0.0,0.0,0.0,0.0,0.0
J222647.55+092450.1,336.6981067625798,9.413939914513636,1.964,DQ,,QSO,0.55,0.079,58725.5,224.9,236.3,55.36,60.93,40.19,41.35,182.2,3.19,3.16,0.0,0.0,56.0,39.0,44.0,0.0,0.0,0.0,0.0,0.0,0.0,0.0,0.0
J015047.14-182551.3,27.69641747693112,-18.430942436527644,0.444,DQW,,AGN,0.181,0.094,59250.5,699.0,1.3,24.16,35.59,59.53,53.94,287.1,3.05,2.99,0.0,0.0,28.8,52.0,40.0,0.0,0.0,0.0,0.0,0.0,0.0,0.0,0.0
J031521.97-145435.4,48.84153111589155,-14.909838393685137,0.526,DQW,,Blazar,0.013,0.106,59244.5,317.0,61.7,55.84,57.32,57.08,54.26,201.3,3.39,3.29,0.0,0.0,38.4,41.0,40.0,0.0,0.0,0.0,0.0,0.0,0.0,0.0,0.0
J014552.81-144146.6,26.470045878318206,-14.696299993005171,2.142,DQ,,,,,59147.3,4.3,0.3,23.97,26.81,81.83,77.0,258.2,5.48,8.56,1.0,0.0,153.0,1.0,1.0,0.0,0.0,0.0,0.0,0.0,0.0,0.0,0.0
J023127.90-134952.5,37.86626269826512,-13.831249456541704,0.264,DQW,,AGN,0.213,0.074,58910.3,339.7,60.9,164.43,231.01,629.42,668.32,192.3,3.23,3.15,0.0,0.0,173.0,57.0,54.0,0.0,0.0,0.0,0.0,0.0,0.0,0.0,0.0
J223844.89-124811.6,339.6870348825107,-12.803237404448474,2.295,DQW,,,,,58913.3,228.8,337.3,33.97,40.75,32.9,35.61,189.3,3.46,4.91,0.0,0.0,38.0,51.0,55.0,0.0,0.0,0.0,0.0,0.0,0.0,0.0,0.0
J224025.90-120933.0,340.1079224567502,-12.15917057678951,2.045,DW,,bogus,0.267,0.067,60123.0,12.3,7.6,15.51,19.36,61.28,109.51,353.0,3.75,5.12,1.0,0.0,93.2,4.0,3.0,0.0,0.0,0.0,0.0,0.0,0.0,0.0,0.0
J221645.80-115823.9,334.1908263467044,-11.973309389090083,1.184,DQW,,,,,59129.8,438.0,46.8,28.61,34.06,22.18,20.93,311.2,3.26,3.4,0.0,0.0,22.9,38.0,48.0,0.0,0.0,0.0,0.0,0.0,0.0,0.0,0.0
J220532.75-113627.2,331.3864754282795,-11.607571493661435,0.643,DQW,,QSO,0.51,0.126,58482.1,214.7,195.4,34.13,43.25,22.06,26.01,210.2,3.36,4.56,1.0,0.0,12.1,31.0,44.0,0.0,0.0,0.0,0.0,0.0,0.0,0.0,0.0
J035656.21-111634.9,59.23420008840231,-11.27638594313444,0.244,D,,,,,59201.1,319.9,37.0,46.97,97.03,28.92,23.5,185.3,3.51,2.62,1.0,1.0,25.9,50.0,51.0,0.0,0.0,0.0,0.0,0.0,0.0,0.0,0.0
J213737.04-112131.2,324.40432261257405,-11.35867396994338,0.203,D,,AGN,0.054,0.244,58401.6,396.2,55.3,31.54,86.61,27.88,27.22,217.2,3.62,3.68,0.0,1.0,30.2,27.0,48.0,0.0,0.0,0.0,0.0,0.0,0.0,0.0,0.0
J222201.51-105704.8,335.5062752878254,-10.951341487366086,2.143,D,,,,,59185.0,1.2,2.7,18.02,20.31,18.9,17.29,261.2,4.33,4.03,1.0,0.0,12.9,2.0,1.0,0.0,0.0,0.0,0.0,0.0,0.0,0.0,0.0
J215242.12-102630.0,328.1754957277081,-10.441689017605526,1.21,DQ,,,,,59240.9,138.9,265.9,27.07,34.35,23.79,22.33,213.2,4.04,3.05,0.0,0.0,32.0,37.0,46.0,0.0,0.0,0.0,0.0,0.0,0.0,0.0,0.0
J220628.08-103149.4,331.61699295694217,-10.530411146498736,1.071,DQW,,QSO,0.509,0.593,59187.2,276.7,415.5,20.05,31.34,29.05,29.26,261.1,3.26,4.46,0.0,0.0,23.7,46.0,71.0,0.0,0.0,0.0,0.0,0.0,0.0,0.0,0.0
J215541.62-101459.2,328.9234225776466,-10.249776407460446,1.717,D,,QSO,0.462,0.131,59219.1,177.1,171.0,11.42,14.97,17.46,21.81,321.1,3.9,3.26,0.0,0.0,26.8,22.0,34.0,0.0,0.0,0.0,0.0,0.0,0.0,0.0,0.0
J224246.53-094900.4,340.69387844059383,-9.816795894094358,0.346,D,,,,,59183.1,0.1,44.2,29.08,48.05,34.31,25.11,327.2,3.13,2.86,0.0,0.0,16.2,8.0,8.0,0.0,0.0,0.0,0.0,0.0,0.0,0.0,0.0
J123153.50-090233.7,187.9729210224656,-9.042715800524611,1.196,DQW,,QSO,0.246,0.187,60273.9,58.0,390.4,157.45,205.36,41.64,51.15,247.1,3.14,3.25,0.0,0.0,28.4,26.0,36.0,0.0,0.0,0.0,0.0,0.0,0.0,0.0,0.0
J134817.25-085411.1,207.07186951969337,-8.90309102351227,1.103,DQW,,QSO,0.235,0.306,58661.5,395.2,378.2,274.42,372.22,82.36,90.06,191.2,3.09,2.78,0.0,0.0,31.0,53.0,50.0,0.0,0.0,0.0,0.0,0.0,0.0,0.0,0.0
J214404.26-085657.1,326.0177570460807,-8.949194639640691,0.229,DQ,,Blazar,0.12,0.022,58432.2,239.4,128.7,48.58,113.39,43.84,41.22,182.3,3.56,3.16,0.0,0.0,55.0,31.0,33.0,0.0,0.0,0.0,0.0,0.0,0.0,0.0,0.0
J110809.02-082624.8,167.0375962798695,-8.440229152709138,0.909,DQW,,Blazar,0.177,0.014,58437.5,210.7,175.5,32.14,47.3,37.81,59.07,253.2,3.11,3.61,0.0,0.0,17.4,23.0,23.0,0.0,0.0,0.0,0.0,0.0,0.0,0.0,0.0
J091253.86-073958.8,138.22439687653838,-7.666338151531135,2.05,DQW,,QSO,0.218,0.408,58830.4,176.4,144.5,163.17,183.37,52.37,44.62,181.3,3.96,3.39,0.0,1.0,30.7,21.0,25.0,0.0,0.0,0.0,0.0,0.0,0.0,0.0,0.0
J205422.04-072120.4,313.59185312632786,-7.355691224792077,0.154,D,,AGN,0.57,0.17,59363.5,227.7,109.7,49.74,92.45,20.6,21.49,201.8,3.13,4.25,2.0,0.0,89.2,40.0,43.0,0.0,0.0,0.0,0.0,0.0,0.0,0.0,0.0
J021711.15-064928.7,34.29645239129151,-6.824648493337549,0.132,DQW,,Blazar,0.505,0.037,58786.3,52.9,19.2,100.97,180.33,89.93,84.41,190.3,4.3,3.08,0.0,0.0,14.2,11.0,11.0,0.0,0.0,0.0,0.0,0.0,0.0,0.0,0.0
J135411.66-064509.8,208.5485695275164,-6.752738322028174,0.597,DQW,,QSO,0.384,0.182,59271.4,4.1,1.1,90.48,90.82,43.72,49.31,212.2,3.29,2.9,0.0,1.0,20.2,1.0,1.0,0.0,0.0,0.0,0.0,0.0,0.0,0.0,0.0
J213542.22-063606.2,323.92590135967555,-6.601724131865214,1.242,DQ,,,,,58846.1,11.1,74.7,49.06,69.63,25.5,21.06,183.3,4.63,3.93,0.0,0.0,11.8,6.0,10.0,0.0,0.0,0.0,0.0,0.0,0.0,0.0,0.0
J083624.27-061348.2,129.10114312592563,-6.230081160342234,1.768,DQW,,QSO,0.565,0.181,58944.7,354.9,176.7,48.33,51.63,23.53,25.56,178.4,2.79,3.57,2.0,0.0,66.5,77.0,86.0,0.0,0.0,0.0,0.0,0.0,0.0,0.0,0.0
J112049.80-061610.3,170.20750986168522,-6.269546769964765,0.233,DW,,AGN,0.842,0.251,59627.6,87.7,5.5,94.19,160.56,34.02,34.0,183.3,5.62,2.94,0.0,0.0,18.9,17.0,14.0,0.0,0.0,0.0,0.0,0.0,0.0,0.0,0.0
J123409.76-061851.3,188.540652501226,-6.31426656700621,2.915,D,SN,SNIa,0.11,0.521,59192.4,28.3,8.0,26.83,42.07,690.61,682.37,207.3,5.84,5.82,0.0,0.0,671.5,7.0,8.0,0.0,0.0,0.0,0.0,0.0,0.0,0.0,0.0
J143743.27-061519.3,219.4303090238432,-6.255364396501723,0.401,DQW,,,,,58817.7,194.0,4.2,21.31,27.36,14.16,19.08,208.3,3.38,4.45,0.0,0.0,20.8,23.0,28.0,0.0,0.0,0.0,0.0,0.0,0.0,0.0,0.0
J222547.15-060948.8,336.44647764305824,-6.163554509213141,2.473,DQ,,QSO,0.536,0.397,60015.1,410.3,318.9,54.59,59.17,36.41,39.43,187.3,3.54,3.43,1.0,0.0,15.2,95.0,94.0,0.0,0.0,0.0,0.0,0.0,0.0,0.0,0.0
J215150.38-060034.8,327.9599316524627,-6.00967414122131,1.647,DQW,,,,,60108.4,0.0,11.7,28.77,31.98,39.37,20.04,192.2,5.21,3.99,0.0,2.0,41.2,2.0,2.0,0.0,0.0,0.0,0.0,0.0,0.0,0.0,0.0
J221110.35-060546.8,332.7931143078839,-6.096331945593959,1.022,DQW,,AGN,0.668,0.144,59352.2,63.6,255.2,38.89,50.9,34.34,35.55,197.3,3.43,4.4,0.0,1.0,31.9,40.0,52.0,0.0,0.0,0.0,0.0,0.0,0.0,0.0,0.0
J085715.06-054038.4,134.3127621650065,-5.677339520186991,0.561,DQW,,QSO,0.359,0.162,59945.4,287.3,309.4,107.3,110.72,38.43,41.34,176.0,3.08,2.75,0.0,1.0,10.7,34.0,49.0,0.0,0.0,0.0,0.0,0.0,0.0,0.0,0.0
J140041.55-054219.6,210.1731148848989,-5.70546720449508,0.251,D,,AGN,0.6,0.235,60060.4,279.9,169.6,37.47,98.82,35.94,40.37,187.3,2.88,3.2,0.0,0.0,86.9,33.0,39.0,0.0,0.0,0.0,0.0,0.0,0.0,0.0,0.0
J120138.17-052808.8,180.4090624380588,-5.4691329435732765,0.492,DQ,,SLSN,0.065,0.051,58971.8,240.6,289.9,42.69,50.67,36.35,35.07,248.1,2.72,3.76,0.0,0.0,23.6,32.0,34.0,0.0,0.0,0.0,0.0,0.0,0.0,0.0,0.0
J011924.42-051328.0,19.85174442306553,-5.224454382566417,0.714,DW,,,,,58431.3,31.0,0.1,28.19,32.4,20.87,23.55,231.2,4.05,5.07,1.0,0.0,17.4,2.0,4.0,0.0,0.0,0.0,0.0,0.0,0.0,0.0,0.0
J123352.83-050931.7,188.470106084674,-5.158811446628196,1.776,DQW,,QSO,0.622,0.068,59358.3,179.3,77.5,26.22,33.67,41.21,50.66,194.3,2.88,4.0,0.0,0.0,36.0,24.0,26.0,0.0,0.0,0.0,0.0,0.0,0.0,0.0,0.0
J090417.44-045914.1,136.0726602253871,-4.987259854915832,0.274,DQ,,AGN,0.845,0.135,59285.2,930.5,782.6,66.75,114.54,42.25,47.03,176.0,4.03,3.83,0.0,0.0,54.0,136.0,154.0,0.0,0.0,0.0,0.0,0.0,0.0,0.0,0.0
J133732.05-050000.2,204.38354719905945,-5.000078538446008,2.569,DQ,,QSO,0.303,0.058,58387.5,478.8,154.4,42.61,55.42,46.01,44.62,191.2,3.32,2.7,0.0,0.0,101.5,42.0,46.0,0.0,0.0,0.0,0.0,0.0,0.0,0.0,0.0
J144631.80-050201.9,221.6324986538044,-5.03386579258503,1.573,DQ,,QSO,0.756,0.031,58842.7,453.3,321.0,69.43,84.55,44.8,38.07,193.2,2.99,3.64,0.0,0.0,50.0,74.0,89.0,0.0,0.0,0.0,0.0,0.0,0.0,0.0,0.0
J215030.14-050230.4,327.62557750667355,-5.041790169974409,2.27,D,,,,,58982.4,323.4,217.0,48.19,69.22,27.45,35.56,183.3,3.01,2.95,0.0,1.0,68.8,56.0,61.0,0.0,0.0,0.0,0.0,0.0,0.0,0.0,0.0
J133523.92-042444.6,203.8496496053373,-4.412407004583897,0.991,DQ,,AGN,0.54,0.064,59007.6,75.8,249.9,24.6,31.37,22.36,20.57,216.3,3.19,3.2,0.0,1.0,10.1,23.0,27.0,0.0,0.0,0.0,0.0,0.0,0.0,0.0,0.0
J133750.52-042133.1,204.46049562967505,-4.35919943293956,0.746,DW,,Blazar,0.149,0.024,58785.0,129.7,167.7,15.69,18.14,68.19,70.95,264.1,3.46,3.1,0.0,0.0,40.8,22.0,24.0,0.0,0.0,0.0,0.0,0.0,0.0,0.0,0.0
J225836.28-041405.1,344.6511711803323,-4.234763265050931,0.222,D,,SN,0.435,0.173,60066.7,119.3,58.4,26.56,82.86,33.28,34.22,226.2,4.72,3.63,0.0,1.0,27.0,15.0,15.0,0.0,0.0,0.0,0.0,0.0,0.0,0.0,0.0
J083045.76-034045.4,127.6906789680098,-3.67929331729348,0.946,DQW,,,,,59393.4,330.2,36.2,35.51,40.37,23.83,34.08,178.3,2.88,3.55,1.0,0.0,11.5,22.0,25.0,0.0,0.0,0.0,0.0,0.0,0.0,0.0,0.0
J090457.06-035141.7,136.23773923667594,-3.861605709646641,0.508,D,,AGN,0.038,0.35,60030.2,240.1,70.9,35.88,50.16,25.73,19.98,191.3,2.98,3.37,0.0,0.0,32.9,18.0,25.0,0.0,0.0,0.0,0.0,0.0,0.0,0.0,0.0
J094923.64-035148.1,147.3484843285496,-3.863369338044314,1.662,DQW,,,,,58446.1,170.0,0.0,29.3,30.93,118.97,85.7,393.0,3.19,3.97,0.0,2.0,18.2,10.0,14.0,0.0,0.0,0.0,0.0,0.0,0.0,0.0,0.0
J132724.44-035152.8,201.8518460495394,-3.8646928315648097,1.428,DQ,,QSO,0.626,0.377,59540.0,15.9,332.8,105.56,138.63,43.22,36.38,222.3,3.32,3.52,1.0,0.0,20.6,40.0,38.0,0.0,0.0,0.0,0.0,0.0,0.0,0.0,0.0
J135759.92-034917.8,209.49966772864445,-3.821625415630823,0.426,DQ,,AGN,0.456,0.173,59138.4,184.7,115.1,20.56,33.96,37.55,37.25,270.1,2.66,3.48,0.0,0.0,26.8,26.0,27.0,0.0,0.0,0.0,0.0,0.0,0.0,0.0,0.0
J210338.65-034854.9,315.91102537210065,-3.815256417845757,1.483,DW,,,,,58836.1,357.6,465.5,13.8,22.97,29.59,30.05,219.2,3.68,2.86,0.0,0.0,21.7,83.0,100.0,0.0,0.0,0.0,0.0,0.0,0.0,0.0,0.0
J214119.34-034557.6,325.3305740591945,-3.766014489384932,2.012,DQ,,,,,59199.1,488.8,855.2,16.38,17.52,11.41,13.68,201.3,4.0,3.71,0.0,0.0,11.9,97.0,114.0,0.0,0.0,0.0,0.0,0.0,0.0,0.0,0.0
J230821.12-034220.7,347.08799667136554,-3.705765949082642,0.177,DW,,AGN,0.149,0.111,58503.1,116.0,208.5,18.09,35.84,32.78,32.83,226.2,3.76,7.09,0.0,0.0,37.2,25.0,29.0,0.0,0.0,0.0,0.0,0.0,0.0,0.0,0.0
J090358.93-031608.8,135.99554255035224,-3.269114684579629,1.526,DW,,,,,58452.9,48.5,12.6,17.96,19.12,27.37,22.31,216.3,4.33,5.38,0.0,0.0,19.2,7.0,8.0,0.0,0.0,0.0,0.0,0.0,0.0,0.0,0.0
J042402.16-025953.5,66.00899539794459,-2.9982057116355856,0.097,D,,,,,58789.5,0.0,6.4,155.48,421.21,62.11,187.45,180.6,3.27,5.65,1.0,0.0,19.8,1.0,2.0,0.0,0.0,0.0,0.0,0.0,0.0,0.0,0.0
J034051.58-025225.3,55.21491293008477,-2.87370654434507,1.524,DQ,,,,,58911.6,1.6,4.1,28.54,38.45,46.88,69.51,206.3,4.4,4.23,2.0,0.0,17.7,1.0,1.0,0.0,0.0,0.0,0.0,0.0,0.0,0.0,0.0
J135600.76-022845.3,209.00318002703537,-2.4792589999761816,2.176,D,,,,,59092.8,466.1,36.1,15.32,20.18,13.38,12.86,253.2,3.85,4.28,0.0,2.0,10.7,28.0,36.0,0.0,0.0,0.0,0.0,0.0,0.0,0.0,0.0
J023232.48-021515.1,38.13532375049847,-2.2542000965824847,0.405,DW,,AGN,0.184,0.215,60066.5,193.4,60.3,20.81,37.17,69.1,53.38,255.2,3.37,4.2,0.0,0.0,51.5,24.0,18.0,0.0,0.0,0.0,0.0,0.0,0.0,0.0,0.0
J120139.08-020849.0,180.41282785577687,-2.146946285192161,0.247,D,,AGN,0.565,0.334,59975.4,171.4,75.1,44.45,124.14,42.04,37.3,191.3,3.45,3.37,0.0,1.0,100.6,18.0,23.0,0.0,0.0,0.0,0.0,0.0,0.0,0.0,0.0
J145705.60-021911.4,224.2733140241812,-2.319850474866964,0.059,D,,SNIa,0.119,0.087,59419.5,82.9,3.5,30.69,49.25,190.46,210.57,190.4,6.78,7.85,0.0,0.0,581.8,7.0,6.0,0.0,0.0,0.0,0.0,0.0,0.0,0.0,0.0
J114427.78-020440.7,176.11574279184333,-2.077994436931132,1.182,D,,QSO,0.078,0.194,58667.3,125.4,129.6,50.38,59.82,25.52,31.42,183.3,3.73,3.32,0.0,0.0,26.7,17.0,18.0,0.0,0.0,0.0,0.0,0.0,0.0,0.0,0.0
J131302.71-020215.6,198.2612727487908,-2.0376929381435924,0.185,D,,AGN,0.38,0.336,60172.9,164.4,93.6,63.41,168.66,41.3,44.62,222.3,3.46,3.25,2.0,0.0,69.1,18.0,18.0,0.0,0.0,0.0,0.0,0.0,0.0,0.0,0.0
J215030.90-020303.9,327.6287640027369,-2.0510893283914484,0.181,DW,,SN,0.668,0.121,60441.4,58.7,25.8,38.13,97.26,36.44,38.64,187.3,4.78,4.92,1.0,1.0,22.0,6.0,10.0,0.0,0.0,0.0,0.0,0.0,0.0,0.0,0.0
J021014.28-014848.8,32.55950998248107,-1.8135644277354823,0.282,D,,SN,0.477,0.267,59809.5,167.5,261.4,57.09,128.19,62.53,60.63,198.3,2.85,3.04,0.0,0.0,19.7,40.0,43.0,0.0,0.0,0.0,0.0,0.0,0.0,0.0,0.0
J032030.64-013512.4,50.12764614033552,-1.5867867746050528,0.201,D,,,,,59972.1,0.0,9.5,19.85,60.54,13.13,37.95,292.1,3.44,5.58,0.0,0.0,21.4,2.0,2.0,0.0,0.0,0.0,0.0,0.0,0.0,0.0,0.0
J102155.58-012610.6,155.48159317645283,-1.436285385594289,0.094,D,,SNIbc,0.095,1.043,58807.8,51.1,4.8,155.19,310.46,90.74,190.04,175.3,6.37,5.66,0.0,0.0,188.8,6.0,7.0,0.0,0.0,0.0,0.0,0.0,0.0,0.0,0.0
J134846.61-013656.1,207.1942250187868,-1.6155995820153373,0.43,D,,,,,59163.1,170.3,99.8,17.69,23.95,22.12,15.97,306.2,3.52,3.38,1.0,0.0,10.4,16.0,20.0,0.0,0.0,0.0,0.0,0.0,0.0,0.0,0.0
J144713.36-013608.2,221.8056840725036,-1.602293720112477,0.292,DW,,AGN,0.653,0.051,59339.7,270.0,116.4,26.04,61.48,28.37,28.75,240.2,3.63,3.53,0.0,0.0,87.6,40.0,42.0,0.0,0.0,0.0,0.0,0.0,0.0,0.0,0.0
J024724.84-012053.3,41.85348492489286,-1.3481645127226107,0.335,D,,,,,58513.7,0.2,17.4,16.54,50.99,18.65,14.26,267.2,5.15,3.65,0.0,1.0,24.4,2.0,2.0,0.0,0.0,0.0,0.0,0.0,0.0,0.0,0.0
J041516.25-012205.1,63.81771936480667,-1.368100826865211,0.233,D,,AGN,0.501,0.075,60198.5,344.0,243.0,42.22,128.24,34.26,36.43,189.8,3.35,3.07,1.0,1.0,123.0,40.0,39.0,0.0,0.0,0.0,0.0,0.0,0.0,0.0,0.0
J154759.08-005527.2,236.99615999148284,-0.9242461404899348,0.566,D,,QSO,0.091,0.275,60122.2,268.3,114.3,20.89,28.44,31.32,26.92,220.3,2.8,3.38,0.0,0.0,10.2,35.0,36.0,0.0,0.0,0.0,0.0,0.0,0.0,0.0,0.0
J154300.89-003440.4,235.75369398689185,-0.577909684388946,0.31,DQW,,,,,59075.1,407.7,327.7,22.4,38.31,19.7,19.84,276.0,3.19,2.88,0.0,0.0,19.7,49.0,70.0,0.0,0.0,0.0,0.0,0.0,0.0,0.0,0.0
J213214.95-003005.1,323.0623031815524,-0.5014325469253066,0.142,D,SN,SLSN,0.084,0.071,59419.2,42.0,84.7,34.1,68.24,52.71,87.32,183.3,3.94,4.4,0.0,0.0,158.3,36.0,38.0,0.0,0.0,0.0,0.0,0.0,0.0,0.0,0.0
J220955.60-001512.4,332.4816796776027,-0.2534623502568036,0.18,D,,AGN,0.42,0.277,58474.1,176.6,186.0,37.02,91.43,22.07,24.14,181.3,5.75,3.33,0.0,0.0,88.5,34.0,38.0,0.0,0.0,0.0,0.0,0.0,0.0,0.0,0.0
J223321.08-001352.9,338.33782879230915,-0.2313687988885861,0.213,D,,,,,59179.6,49.2,0.0,15.08,39.76,19.75,7.97,257.1,5.39,5.46,1.0,1.0,18.3,3.0,10.0,0.0,0.0,0.0,0.0,0.0,0.0,0.0,0.0
J092635.42-000641.5,141.64758719994168,-0.1115485030824597,0.278,D,,,,,60305.5,28.0,384.8,23.83,64.0,18.55,21.72,181.3,3.76,5.48,1.0,0.0,54.1,23.0,34.0,0.0,0.0,0.0,0.0,0.0,0.0,0.0,0.0
J153851.89+000025.7,234.71622809770284,0.0071484159101154,0.422,DQW,,AGN,0.348,0.049,59248.5,189.3,218.8,66.76,94.89,84.37,72.56,183.4,3.66,3.39,0.0,0.0,26.2,43.0,54.0,0.0,0.0,0.0,0.0,0.0,0.0,0.0,0.0
J140505.94+001159.9,211.27473022463872,0.1999872631852014,0.264,D,,,,,60448.3,12.7,10.9,16.68,55.84,15.92,19.53,290.1,3.66,3.39,0.0,1.0,16.7,4.0,6.0,0.0,0.0,0.0,0.0,0.0,0.0,0.0,0.0
J042922.72+003707.5,67.34466631501536,0.6187529524353825,0.097,D,,SLSN,0.051,0.138,58749.8,34.4,10.4,180.53,262.94,378.47,390.79,203.2,6.17,5.45,0.0,0.0,213.9,10.0,11.0,0.0,0.0,0.0,0.0,0.0,0.0,0.0,0.0
J100238.67+005102.5,150.66110506404002,0.8506958018332659,0.785,DQW,,Blazar,0.39,0.013,59312.2,90.6,86.9,35.74,50.03,40.44,54.18,180.3,3.63,3.31,0.0,0.0,26.1,32.0,34.0,0.0,0.0,0.0,0.0,0.0,0.0,0.0,0.0
J163009.85+010149.3,247.54104897615207,1.0303668316938677,0.473,D,,AGN,0.269,0.1,59713.1,527.9,326.8,18.16,30.97,35.46,34.8,211.3,2.68,3.54,0.0,0.0,16.0,110.0,137.0,0.0,0.0,0.0,0.0,0.0,0.0,0.0,0.0
J132056.51+011422.6,200.23547021935528,1.239632778872567,1.644,D,,AGN,0.441,0.221,59304.1,0.6,6.7,35.97,44.0,43.38,55.25,222.2,4.38,3.23,0.0,1.0,14.4,1.0,1.0,0.0,0.0,0.0,0.0,0.0,0.0,0.0,0.0
J081316.08+013120.0,123.3169863494507,1.522229965117437,0.489,DQW,,QSO,0.107,0.103,58353.5,418.3,130.5,68.78,66.08,70.77,56.82,162.3,4.22,3.18,0.0,0.0,24.0,39.0,38.0,0.0,0.0,0.0,0.0,0.0,0.0,0.0,0.0
J102641.52+015229.2,156.67301738255154,1.8747859336957349,0.184,D,,AGN,0.249,0.141,59608.6,179.6,85.4,54.39,131.12,37.78,38.01,169.4,3.17,3.07,0.0,0.0,28.4,22.0,26.0,0.0,0.0,0.0,0.0,0.0,0.0,0.0,0.0
J231416.39+021151.0,348.56827749501804,2.197501015309567,0.204,D,,,,,58437.4,0.3,3.4,26.87,73.24,19.38,55.15,217.2,3.49,4.34,1.0,1.0,15.2,1.0,2.0,0.0,0.0,0.0,0.0,0.0,0.0,0.0,0.0
J150110.52+022334.2,225.2938499877125,2.3928366501832907,0.675,D,,,,,59529.8,225.7,51.6,11.49,14.68,26.41,32.31,239.2,3.73,4.56,0.0,0.0,37.8,20.0,27.0,0.0,0.0,0.0,0.0,0.0,0.0,0.0,0.0
J023442.74+025335.1,38.678063254963234,2.8930928120322323,0.175,D,,Blazar,0.115,0.242,59118.4,13.3,10.2,33.68,85.4,24.21,26.12,256.3,5.09,4.28,0.0,0.0,59.1,6.0,6.0,0.0,0.0,0.0,0.0,0.0,0.0,0.0,0.0
J123203.54+025608.9,188.0147500832149,2.935826259157106,0.462,DW,,AGN,0.111,0.095,59965.4,66.3,44.0,29.61,38.97,43.07,36.47,224.2,3.74,5.45,0.0,0.0,23.2,13.0,9.0,0.0,0.0,0.0,0.0,0.0,0.0,0.0,0.0
J140309.81+025734.6,210.7908861127668,2.9596142141692376,1.359,DQ,,QSO,0.118,0.093,59675.4,408.2,161.5,47.77,78.8,64.24,67.18,177.2,3.26,2.95,0.0,0.0,32.6,51.0,55.0,0.0,0.0,0.0,0.0,0.0,0.0,0.0,0.0
J144906.21+025329.6,222.2758609126373,2.891564424194096,0.582,DQW,,QSO,0.362,0.32,59919.5,190.1,186.2,19.4,23.17,42.53,40.63,193.3,2.84,3.09,0.0,0.0,12.7,30.0,43.0,0.0,0.0,0.0,0.0,0.0,0.0,0.0,0.0
J024156.60+030820.1,40.48584792488803,3.138933271308112,0.281,D,,Blazar,0.313,0.192,60101.6,297.3,349.9,17.44,31.35,49.69,45.62,256.3,2.85,3.04,0.0,0.0,17.0,61.0,73.0,0.0,0.0,0.0,0.0,0.0,0.0,0.0,0.0
J160842.81+031836.8,242.17839301067,3.310242268044163,1.492,DW,,,,,59300.4,40.3,307.8,19.17,25.77,10.46,10.96,209.3,3.62,3.42,0.0,0.0,36.8,32.0,53.0,0.0,0.0,0.0,0.0,0.0,0.0,0.0,0.0
J164438.07+031547.8,251.1586396570565,3.2632914926325047,2.825,DQW,,QSO,0.416,0.09,59187.9,935.5,254.4,31.94,52.25,20.72,34.96,157.8,3.35,3.82,1.0,0.0,63.5,155.0,198.0,0.0,0.0,0.0,0.0,0.0,0.0,0.0,0.0
J024044.44+033349.6,40.18518519790854,3.563791775244854,1.064,DQ,,AGN,0.089,0.341,58502.1,130.5,136.8,22.1,31.8,24.01,25.35,256.3,3.34,5.52,1.0,0.0,21.1,24.0,27.0,0.0,0.0,0.0,0.0,0.0,0.0,0.0,0.0
J082406.89+033855.8,126.02868968744929,3.64885235970301,0.395,D,,,,,58859.7,150.9,40.7,14.5,31.15,11.86,16.07,245.3,2.98,5.37,0.0,1.0,40.4,17.0,25.0,0.0,0.0,0.0,0.0,0.0,0.0,0.0,0.0
J164626.04+035508.1,251.6085116466127,3.918942929006546,0.26,DW,,SN,0.761,0.063,60417.4,39.8,188.2,31.38,79.91,21.73,20.4,193.5,3.54,3.85,0.0,0.0,19.6,18.0,24.0,0.0,0.0,0.0,0.0,0.0,0.0,0.0,0.0
J080949.22+040808.5,122.4550867634912,4.135717282071004,0.435,D,,SLSN,0.222,0.098,59294.7,120.8,22.1,12.01,15.03,40.42,42.17,312.2,2.82,3.36,0.0,0.0,98.8,13.0,15.0,0.0,0.0,0.0,0.0,0.0,0.0,0.0,0.0
J154316.89+042642.8,235.8203754391469,4.4452408093276485,1.646,DQW,,,,,59447.2,0.0,4.0,23.49,26.81,17.83,38.57,304.7,3.94,5.37,0.0,2.0,22.0,1.0,2.0,0.0,0.0,0.0,0.0,0.0,0.0,0.0,0.0
J020644.51+044049.3,31.68547636759057,4.680372710903073,0.216,D,,,,,60301.6,252.6,200.1,15.73,45.59,14.08,15.7,255.2,3.43,3.28,2.0,0.0,24.5,25.0,25.0,0.0,0.0,0.0,0.0,0.0,0.0,0.0,0.0
J210129.23+044738.3,315.3718048781328,4.793985215305346,1.835,DQW,,QSO,0.788,0.173,59360.0,996.8,453.3,67.72,91.38,45.97,45.85,160.4,3.53,3.18,0.0,0.0,25.9,201.0,223.0,0.0,0.0,0.0,0.0,0.0,0.0,0.0,0.0
J151041.34+045426.3,227.67224077004389,4.907324186178521,0.221,D,,Blazar,0.156,0.098,60065.3,385.7,101.6,38.44,114.63,26.65,25.49,170.9,3.02,3.06,1.0,0.0,84.9,52.0,67.0,0.0,0.0,0.0,0.0,0.0,0.0,0.0,0.0
J221438.04+045506.9,333.6584896971011,4.918603738275422,0.507,DW,,,,,59365.5,168.6,487.4,15.32,27.32,12.78,13.12,202.8,3.92,3.38,0.0,2.0,19.6,93.0,104.0,0.0,0.0,0.0,0.0,0.0,0.0,0.0,0.0
J160001.38+050932.3,240.00573954950428,5.15899310654102,0.188,D,,AGN,0.616,0.123,58944.2,43.7,177.3,42.08,94.19,24.61,22.08,148.9,4.76,4.14,0.0,2.0,19.3,12.0,26.0,0.0,0.0,0.0,0.0,0.0,0.0,0.0,0.0
J134317.51+052826.1,205.82295988119787,5.473918625642609,0.686,D,,,,,59237.9,118.8,119.7,14.11,20.58,13.84,13.99,231.2,3.35,3.72,0.0,0.0,22.1,25.0,31.0,0.0,0.0,0.0,0.0,0.0,0.0,0.0,0.0
J210607.46+052404.5,316.53107330396176,5.401264360779912,1.702,DQW,,QSO,0.802,0.226,59455.6,133.1,31.3,39.1,42.46,15.08,19.35,168.3,3.46,3.46,1.0,0.0,14.0,20.0,25.0,0.0,0.0,0.0,0.0,0.0,0.0,0.0,0.0
J082843.20+054501.2,127.1800169191151,5.750343107173267,0.376,DQW,,,,,60411.0,186.5,108.4,26.31,55.48,23.24,15.44,168.3,3.45,2.36,1.0,1.0,14.5,15.0,21.0,0.0,0.0,0.0,0.0,0.0,0.0,0.0,0.0
J150627.72+054442.3,226.61549273495496,5.745084808213419,0.881,DQ,,,,,59442.2,61.3,63.7,11.42,12.94,12.39,12.36,296.1,3.03,3.23,1.0,0.0,20.8,12.0,11.0,0.0,0.0,0.0,0.0,0.0,0.0,0.0,0.0
J155046.65+054434.6,237.6943814269372,5.74297069545202,0.245,D,,Blazar,0.245,0.136,59260.0,181.0,26.3,34.41,104.2,37.57,31.43,194.3,3.71,3.04,0.0,1.0,58.7,46.0,44.0,0.0,0.0,0.0,0.0,0.0,0.0,0.0,0.0
J163418.03+054043.7,248.5751081674803,5.678820162515722,1.949,DQW,,QSO,0.705,0.045,58888.5,237.8,359.0,37.59,40.56,27.6,26.18,188.2,3.22,3.55,0.0,0.0,20.5,65.0,83.0,0.0,0.0,0.0,0.0,0.0,0.0,0.0,0.0
J165005.43+054301.1,252.5226195224633,5.716972518899606,0.283,D,,,,,60268.3,63.9,144.3,38.08,77.56,21.28,22.85,193.5,3.6,3.29,0.0,2.0,17.0,16.0,24.0,0.0,0.0,0.0,0.0,0.0,0.0,0.0,0.0
J080729.93+061717.5,121.874725150106,6.288203687277638,1.048,DQ,,bogus,0.412,0.298,59446.5,206.0,148.6,45.52,57.93,30.0,28.36,187.8,3.5,3.71,0.0,0.0,99.5,23.0,28.0,0.0,0.0,0.0,0.0,0.0,0.0,0.0,0.0
J162426.59+061234.1,246.1107910207842,6.209481345663383,1.806,DW,,,,,60306.6,157.0,256.2,20.68,21.84,17.72,13.89,199.2,3.71,4.09,1.0,0.0,15.7,42.0,42.0,0.0,0.0,0.0,0.0,0.0,0.0,0.0,0.0
J170815.84+061321.4,257.0659820081472,6.222618097320432,0.939,DQW,,,,,59242.5,848.4,815.4,14.33,22.06,23.7,29.15,135.4,3.63,2.74,1.0,0.0,11.2,211.0,278.0,0.0,0.0,0.0,0.0,0.0,0.0,0.0,0.0
J021136.48+064604.1,32.90199866735261,6.767827319986981,0.421,D,,AGN,0.555,0.117,59623.2,12.2,249.1,27.39,44.81,37.22,33.21,223.3,2.75,3.35,1.0,1.0,12.5,26.0,33.0,0.0,0.0,0.0,0.0,0.0,0.0,0.0,0.0
J021509.83+070952.2,33.79094911292199,7.164518753092774,0.427,DQW,,AGN,0.074,0.004,58533.5,494.4,34.2,28.45,65.32,318.3,389.08,213.3,3.6,2.97,0.0,0.0,344.1,52.0,53.0,0.0,0.0,0.0,0.0,0.0,0.0,0.0,0.0
J104152.85+071621.4,160.47019091593708,7.272622801522727,1.049,DQW,,QSO,0.529,0.485,58882.9,121.1,135.5,63.12,86.58,50.59,44.93,169.3,3.82,3.15,0.0,0.0,25.3,28.0,34.0,0.0,0.0,0.0,0.0,0.0,0.0,0.0,0.0
J140748.61+070733.8,211.9525442335945,7.126080335498458,0.14,D,,AGN,0.02,0.159,59344.0,267.9,53.5,61.23,138.66,67.79,64.91,177.2,3.52,3.47,0.0,0.0,204.1,36.0,37.0,0.0,0.0,0.0,0.0,0.0,0.0,0.0,0.0
J022755.85+073436.6,36.98268991667543,7.576842507200718,0.98,DW,,QSO,0.319,0.109,59373.4,239.0,122.7,13.98,18.76,25.19,34.33,251.2,3.37,3.38,0.0,0.0,19.4,22.0,27.0,0.0,0.0,0.0,0.0,0.0,0.0,0.0,0.0
J080013.90+081711.0,120.05791709762744,8.286394204449302,1.571,DQ,,,,,58618.2,0.0,289.7,21.02,28.42,11.26,12.24,174.3,3.48,3.79,1.0,1.0,27.6,20.0,37.0,0.0,0.0,0.0,0.0,0.0,0.0,0.0,0.0
J084303.78+080816.6,130.76573145170792,8.137955353011742,2.497,D,,asteroid,1.0,2.282,58747.2,156.9,6.5,17.35,17.1,15.19,17.66,203.3,3.13,3.09,1.0,1.0,31.6,30.0,29.0,0.0,0.0,0.0,0.0,0.0,0.0,0.0,0.0
J155146.08+081450.1,237.94198561845337,8.247263887563884,1.255,DQW,,QSO,0.635,0.128,59303.1,540.4,367.5,38.8,50.23,29.94,27.62,148.9,3.61,3.48,0.0,1.0,41.3,124.0,151.0,0.0,0.0,0.0,0.0,0.0,0.0,0.0,0.0
J110619.60+083541.9,166.58168341328442,8.594975650777323,0.272,DQW,,AGN,0.532,0.259,59849.6,148.9,142.9,30.59,53.48,41.37,43.52,186.2,3.33,4.05,0.0,1.0,35.3,18.0,25.0,0.0,0.0,0.0,0.0,0.0,0.0,0.0,0.0
J134824.57+083143.3,207.1023864557168,8.528711649476053,0.397,DW,,AGN,0.293,0.152,58749.7,201.2,37.9,33.15,64.47,122.42,127.47,182.3,4.43,4.78,0.0,0.0,164.2,21.0,20.0,0.0,0.0,0.0,0.0,0.0,0.0,0.0,0.0
J231408.90+083300.6,348.5370828052573,8.550173528232273,1.339,DQW,,AGN,0.469,0.015,58835.2,0.0,0.3,82.84,167.15,44.61,39.18,194.3,3.32,2.76,0.0,0.0,24.1,1.0,1.0,0.0,0.0,0.0,0.0,0.0,0.0,0.0,0.0
J021121.05+084718.2,32.83769462606211,8.788393933300457,1.346,DQW,,,,,58712.7,72.9,341.0,14.85,21.18,14.2,49.97,258.2,4.48,4.56,1.0,1.0,73.9,39.0,51.0,0.0,0.0,0.0,0.0,0.0,0.0,0.0,0.0
J085717.02+084646.3,134.32090314897133,8.779528731530736,1.668,DQ,,Blazar,0.074,0.099,58481.3,1.3,1.6,38.92,46.8,38.37,30.41,167.3,4.24,4.11,0.0,0.0,50.6,2.0,2.0,0.0,0.0,0.0,0.0,0.0,0.0,0.0,0.0
J134859.55+084646.7,207.2481169525544,8.779646148401293,0.224,DW,,AGN,0.159,0.145,58530.6,87.1,230.7,26.53,83.65,36.52,47.46,191.2,3.88,3.86,0.0,0.0,43.5,35.0,32.0,0.0,0.0,0.0,0.0,0.0,0.0,0.0,0.0
J101845.01+100554.2,154.6875347530927,10.098406348728671,0.744,DQ,,QSO,0.216,0.139,58595.7,379.2,44.7,26.36,29.53,29.62,29.38,181.3,3.25,3.32,0.0,0.0,34.6,39.0,46.0,0.0,0.0,0.0,0.0,0.0,0.0,0.0,0.0
J080227.47+101829.8,120.6144609252056,10.308287949976243,1.813,DQW,,QSO,0.784,0.169,59210.4,259.7,171.3,52.68,53.67,21.69,16.54,173.3,3.35,2.87,0.0,0.0,30.3,50.0,55.0,0.0,0.0,0.0,0.0,0.0,0.0,0.0,0.0
J081926.32+101543.0,124.85968057413638,10.26196697721122,2.928,DQ,,QSO,0.172,0.055,58860.9,0.8,3.8,37.4,50.08,45.94,32.41,196.4,3.93,2.02,1.0,0.0,35.3,1.0,1.0,0.0,0.0,0.0,0.0,0.0,0.0,0.0,0.0
J151010.65+102206.9,227.54438842851903,10.368585458925828,0.194,D,,,,,59054.6,17.0,8.7,52.23,132.31,32.97,39.99,146.3,4.15,3.87,1.0,1.0,40.8,6.0,8.0,0.0,0.0,0.0,0.0,0.0,0.0,0.0,0.0
J214054.29+101930.3,325.22622758007526,10.325097274154963,0.367,D,SN,SNIbc,0.194,0.17,59421.9,49.9,5.1,39.07,60.71,78.22,154.43,172.3,5.84,6.82,1.0,1.0,180.9,17.0,17.0,0.0,0.0,0.0,0.0,0.0,0.0,0.0,0.0
J224048.09+101355.8,340.200386895416,10.23217724286208,1.407,DQW,,QSO,0.726,0.178,59211.1,147.8,298.2,38.74,53.61,18.74,19.72,203.2,3.39,4.18,0.0,0.0,21.6,61.0,67.0,0.0,0.0,0.0,0.0,0.0,0.0,0.0,0.0
J083017.68+102855.6,127.57364666139976,10.48211528498004,1.68,D,,,,,58480.5,8.4,1.4,15.5,18.89,45.76,53.98,254.1,7.14,7.03,0.0,0.0,163.1,2.0,2.0,0.0,0.0,0.0,0.0,0.0,0.0,0.0,0.0
J221755.29+102707.4,334.48038201250915,10.452060457353484,0.853,D,,QSO,0.065,0.042,58707.2,301.2,341.5,12.85,11.28,18.05,24.66,299.1,3.19,3.77,0.0,0.0,14.4,44.0,49.0,0.0,0.0,0.0,0.0,0.0,0.0,0.0,0.0
J151138.90+111509.8,227.91206316732365,11.252736830153172,0.28,D,,Blazar,0.133,0.054,58580.9,90.0,111.4,16.18,34.05,50.08,43.01,273.1,4.21,4.49,0.0,0.0,49.6,28.0,29.0,0.0,0.0,0.0,0.0,0.0,0.0,0.0,0.0
J081047.27+113116.0,122.6969494697534,11.521110666679895,0.168,D,,SNIbc,0.078,0.217,58854.4,58.5,2.2,23.03,48.24,51.01,67.73,180.2,3.96,5.25,0.0,0.0,158.8,13.0,16.0,0.0,0.0,0.0,0.0,0.0,0.0,0.0,0.0
J015741.62+120606.1,29.423396177511,12.101701264167904,0.829,DW,,QSO,0.621,0.091,58830.7,190.3,265.6,11.37,16.36,18.39,31.68,310.1,3.27,2.56,0.0,0.0,15.2,47.0,55.0,0.0,0.0,0.0,0.0,0.0,0.0,0.0,0.0
J083342.05+120653.5,128.42521502121735,12.114879928084418,0.825,DQW,,AGN,0.024,0.117,58360.1,114.3,141.5,45.16,53.08,29.94,22.56,174.3,5.22,2.97,0.0,1.0,13.4,14.0,20.0,0.0,0.0,0.0,0.0,0.0,0.0,0.0,0.0
J104231.52+120234.9,160.63132434173292,12.04303867825713,0.279,D,,AGN,0.113,0.06,60378.1,115.0,41.5,18.34,37.49,37.37,34.11,191.2,3.79,4.45,0.0,0.0,70.2,16.0,16.0,0.0,0.0,0.0,0.0,0.0,0.0,0.0,0.0
J075327.23+120821.8,118.36345517801448,12.139389446372393,0.569,DQW,,Blazar,0.019,0.037,58396.6,415.0,134.3,69.86,70.62,60.86,59.8,163.3,3.18,3.6,0.0,0.0,24.8,44.0,55.0,0.0,0.0,0.0,0.0,0.0,0.0,0.0,0.0
J221607.90+122533.4,334.032934026216,12.42596970247124,1.008,DQ,,,,,58843.9,121.0,346.3,18.56,24.68,11.87,15.32,201.3,3.19,4.63,0.0,1.0,33.0,30.0,42.0,0.0,0.0,0.0,0.0,0.0,0.0,0.0,0.0
J161750.33+125643.1,244.4597147674992,12.945306276172907,1.074,DQ,,,,,59708.1,143.6,68.2,39.83,52.21,22.1,22.7,174.3,3.54,3.36,1.0,0.0,14.4,38.0,44.0,0.0,0.0,0.0,0.0,0.0,0.0,0.0,0.0
J103333.41+131547.5,158.38922172550576,13.263218019967937,0.245,D,,,,,59872.4,38.2,0.4,39.5,98.75,33.74,47.16,178.3,3.48,2.34,1.0,1.0,16.3,5.0,7.0,0.0,0.0,0.0,0.0,0.0,0.0,0.0,0.0
J222621.37+142033.4,336.58902278706995,14.342611591956512,1.566,D,,,,,59193.9,98.4,48.6,10.0,12.86,8.72,8.7,266.1,3.76,3.5,0.0,2.0,21.5,9.0,11.0,0.0,0.0,0.0,0.0,0.0,0.0,0.0,0.0
J154711.13+151532.0,236.7963868126813,15.25889080584226,3.382,D,,,,,58295.4,24.4,10.1,10.86,13.48,58.68,38.99,283.1,6.84,7.96,0.0,1.0,114.0,2.0,2.0,0.0,0.0,0.0,0.0,0.0,0.0,0.0,0.0
J163322.19+152749.0,248.34245048117745,15.463618155643095,0.279,D,,AGN,0.586,0.112,59250.4,48.0,183.3,16.25,31.08,22.88,19.61,154.7,3.5,5.62,0.0,0.0,14.0,24.0,37.0,0.0,0.0,0.0,0.0,0.0,0.0,0.0,0.0
J224636.51+152404.9,341.6521302835032,15.401376986787607,0.28,D,,,,,59149.8,140.9,164.5,13.07,36.37,12.52,11.85,209.3,4.07,4.86,0.0,2.0,26.9,53.0,71.0,0.0,0.0,0.0,0.0,0.0,0.0,0.0,0.0
J172131.32+153807.0,260.3804864085039,15.635301237966477,0.275,D,,AGN,0.531,0.112,60085.4,170.5,115.0,33.0,88.62,34.13,31.84,183.4,3.9,4.13,0.0,0.0,78.0,49.0,56.0,0.0,0.0,0.0,0.0,0.0,0.0,0.0,0.0
J083005.12+161646.1,127.52135180562362,16.27948816820013,0.286,DW,,Blazar,0.081,0.09,58884.6,350.9,582.3,26.82,46.85,35.79,29.17,165.2,4.62,2.66,0.0,0.0,44.3,113.0,129.0,0.0,0.0,0.0,0.0,0.0,0.0,0.0,0.0
J223624.40+160839.4,339.1016570220278,16.144291021382273,0.197,D,,AGN,0.452,0.097,59039.8,100.9,148.7,21.94,62.47,25.58,28.33,190.4,3.83,3.95,1.0,0.0,83.7,39.0,43.0,0.0,0.0,0.0,0.0,0.0,0.0,0.0,0.0
J002236.27+162856.2,5.651126299123007,16.48227712829628,0.991,DQW,,QSO,0.677,0.118,60081.2,4.1,357.7,31.42,38.74,22.11,24.5,207.2,3.23,4.14,0.0,2.0,27.4,46.0,45.0,0.0,0.0,0.0,0.0,0.0,0.0,0.0,0.0
J093150.18+163435.3,142.95910086871476,16.576482733958986,2.457,DQ,,AGN,0.563,0.287,58709.4,134.1,179.2,35.23,41.57,19.41,19.02,171.3,3.98,3.73,0.0,0.0,28.3,17.0,24.0,0.0,0.0,0.0,0.0,0.0,0.0,0.0,0.0
J170603.77+162352.9,256.5157195598545,16.398031408506952,0.329,DQ,,AGN,0.414,0.083,58379.3,83.8,113.5,15.17,38.39,29.8,24.25,200.3,3.41,4.31,0.0,0.0,12.6,26.0,30.0,0.0,0.0,0.0,0.0,0.0,0.0,0.0,0.0
J080847.82+164308.2,122.1992530131992,16.71894374736809,0.415,DQ,,AGN,0.282,0.094,59800.9,45.4,342.3,21.9,42.52,25.88,37.32,203.2,3.32,4.35,0.0,0.0,22.7,24.0,28.0,0.0,0.0,0.0,0.0,0.0,0.0,0.0,0.0
J222207.64+171528.5,335.531849522064,17.25793813504338,1.816,DQW,,QSO,0.922,0.236,59204.6,209.7,461.1,20.12,22.42,19.43,17.1,176.2,2.82,4.38,0.0,1.0,24.8,101.0,104.0,0.0,0.0,0.0,0.0,0.0,0.0,0.0,0.0
J010304.60+173717.3,15.769179153214418,17.621474534856382,1.326,DQW,,QSO,0.826,0.077,58769.4,2.8,2.1,64.33,80.99,26.28,51.64,146.3,4.06,4.0,0.0,0.0,80.9,1.0,1.0,0.0,0.0,0.0,0.0,0.0,0.0,0.0,0.0
J164347.13+172739.5,250.9463923051516,17.460981343231406,1.079,DW,,QSO,0.493,0.225,59418.4,153.2,71.1,9.55,14.47,22.32,29.28,267.7,3.49,5.02,0.0,0.0,72.5,41.0,46.0,0.0,0.0,0.0,0.0,0.0,0.0,0.0,0.0
J172807.60+173220.7,262.0316746607861,17.539101983007296,1.118,D,,,,,59453.3,81.0,25.3,9.61,11.15,11.1,10.34,218.3,3.85,3.54,1.0,0.0,18.7,8.0,19.0,0.0,0.0,0.0,0.0,0.0,0.0,0.0,0.0
J082236.13+174749.2,125.65054616142952,17.797007734366645,2.127,DQW,,AGN,0.63,0.548,58712.5,84.4,260.5,50.89,58.63,24.24,26.84,171.2,3.02,3.57,0.0,0.0,25.8,31.0,35.0,0.0,0.0,0.0,0.0,0.0,0.0,0.0,0.0
J172746.20+182015.0,261.9425203076828,18.337500541179004,0.535,D,,AGN,0.016,0.105,60322.6,142.2,98.2,16.86,22.61,50.93,44.68,183.4,3.49,4.14,0.0,0.0,37.6,24.0,31.0,0.0,0.0,0.0,0.0,0.0,0.0,0.0,0.0
J163447.81+183122.2,248.699214261198,18.52284413995318,0.49,DW,,AGN,0.082,0.077,60369.4,69.1,65.7,18.34,30.31,32.39,39.35,176.3,5.39,6.47,1.0,0.0,75.5,12.0,15.0,0.0,0.0,0.0,0.0,0.0,0.0,0.0,0.0
J174343.39+191536.6,265.93077699219754,19.26019061608207,1.768,D,,,,,58574.9,0.1,223.2,11.34,15.48,8.65,9.64,201.3,4.29,3.43,0.0,0.0,38.2,15.0,19.0,0.0,0.0,0.0,0.0,0.0,0.0,0.0,0.0
J174551.38+194816.1,266.4640681397501,19.8044771136502,1.262,DW,,,,,60126.4,40.8,17.8,11.0,15.35,13.38,15.78,212.3,5.21,4.18,0.0,0.0,43.3,10.0,14.0,0.0,0.0,0.0,0.0,0.0,0.0,0.0,0.0
J172350.86+195647.8,260.96193447003805,19.946616632081493,0.087,D,SN,asteroid,0.697,0.063,60516.5,14.7,11.7,127.0,340.22,126.28,140.32,151.4,6.83,5.27,0.0,0.0,228.6,8.0,9.0,0.0,0.0,0.0,0.0,0.0,0.0,0.0,0.0
J173051.37+201509.3,262.7140389013369,20.252603511418314,0.323,D,,,,,59306.4,82.5,103.4,13.78,42.99,17.75,16.54,194.2,3.79,4.21,0.0,0.0,52.9,27.0,38.0,0.0,0.0,0.0,0.0,0.0,0.0,0.0,0.0
J171218.77+211307.0,258.07822618587744,21.218620479719867,0.121,D,,AGN,0.756,0.142,59806.2,650.2,91.2,56.95,126.65,22.33,28.98,151.4,3.29,2.79,2.0,0.0,78.9,108.0,127.0,0.0,0.0,0.0,0.0,0.0,0.0,0.0,0.0
J015459.09+212322.2,28.74619118789325,21.389519608771096,0.194,DQW,,AGN,0.736,0.152,60249.4,195.4,307.4,68.68,116.29,30.01,30.79,160.3,3.54,3.0,0.0,0.0,26.3,42.0,42.0,0.0,0.0,0.0,0.0,0.0,0.0,0.0,0.0
J153209.09+213841.7,233.0378787021135,21.644917056314465,1.575,D,,,,,58793.0,105.6,115.1,10.97,12.61,15.19,18.95,334.1,2.44,6.71,1.0,0.0,13.4,16.0,20.0,0.0,0.0,0.0,0.0,0.0,0.0,0.0,0.0
J171748.99+220513.9,259.4541250778949,22.08720685632646,0.149,D,,AGN,0.373,0.045,59308.4,60.7,29.0,74.39,169.07,46.37,43.15,122.4,4.58,3.97,0.0,1.0,43.3,23.0,21.0,0.0,0.0,0.0,0.0,0.0,0.0,0.0,0.0
J160722.86+220855.5,241.8452357905253,22.148775426811227,0.291,DQ,,AGN,0.424,0.097,59890.1,203.5,511.6,20.12,46.54,47.8,46.29,129.4,2.69,3.12,0.0,0.0,18.3,111.0,140.0,0.0,0.0,0.0,0.0,0.0,0.0,0.0,0.0
J235849.23+221354.8,359.7051157223748,22.231894700020742,0.956,D,,,,,59006.6,62.2,329.6,9.55,14.06,17.87,17.35,299.1,4.45,3.72,0.0,0.0,14.7,49.0,52.0,0.0,0.0,0.0,0.0,0.0,0.0,0.0,0.0
J174121.96+223237.5,265.3414999225444,22.543750566517783,0.149,D,,AGN,0.71,0.094,59295.5,95.0,109.9,63.24,165.47,35.36,38.22,140.4,3.82,5.9,0.0,1.0,45.7,30.0,40.0,0.0,0.0,0.0,0.0,0.0,0.0,0.0,0.0
J172637.61+231509.8,261.65669183581457,23.252731762383007,2.422,D,,,,,58510.1,73.2,247.1,10.19,9.67,7.58,7.24,202.3,4.24,3.04,1.0,1.0,12.3,33.0,35.0,0.0,0.0,0.0,0.0,0.0,0.0,0.0,0.0
J152734.08+242725.6,231.8919949814549,24.457116658754657,1.359,DQW,,QSO,0.63,0.292,58772.1,21.7,94.9,67.92,87.4,32.89,21.07,117.4,4.87,4.08,1.0,1.0,10.6,11.0,19.0,0.0,0.0,0.0,0.0,0.0,0.0,0.0,0.0
J161555.63+245842.0,243.98180888316057,24.978334594360035,0.589,D,,SNII,0.083,0.056,60394.7,92.6,88.9,14.17,18.61,43.24,42.2,339.0,2.86,3.4,0.0,0.0,53.4,23.0,30.0,0.0,0.0,0.0,0.0,0.0,0.0,0.0,0.0
J174955.14+245623.7,267.47973698195227,24.93992270186372,0.678,D,,,,,58374.7,28.3,11.0,11.08,13.96,23.64,18.6,203.3,4.49,3.89,0.0,2.0,90.8,9.0,11.0,0.0,0.0,0.0,0.0,0.0,0.0,0.0,0.0
J173943.63+251553.0,264.93180221528405,25.264727614557582,0.274,D,,SN,0.526,0.733,59630.5,329.4,139.4,24.38,78.67,16.94,17.85,127.4,6.13,3.82,1.0,0.0,23.5,60.0,82.0,0.0,0.0,0.0,0.0,0.0,0.0,0.0,0.0
J172950.51+255031.8,262.46045402297847,25.84218304878613,1.569,D,TDE,SLSN,0.079,0.014,59669.4,152.3,13.8,71.18,155.9,179.55,165.2,109.8,5.18,5.19,0.0,0.0,175.8,42.0,44.0,0.0,0.0,0.0,0.0,0.0,0.0,0.0,0.0
J100956.75+270337.6,152.48646084032168,27.060461706210354,0.163,D,,AGN,0.276,0.27,60103.5,354.5,299.2,84.18,155.72,67.67,68.39,148.3,4.08,3.68,0.0,0.0,66.2,60.0,69.0,0.0,0.0,0.0,0.0,0.0,0.0,0.0,0.0
J222438.67+271132.2,336.1611112635475,27.19228595986935,1.015,D,,AGN,0.128,0.053,59653.7,130.5,379.6,11.89,17.34,23.34,22.73,176.3,2.8,3.3,0.0,0.0,61.4,69.0,88.0,0.0,0.0,0.0,0.0,0.0,0.0,0.0,0.0
J220838.84+273127.8,332.16184290663784,27.52439733862136,0.272,DW,,AGN,0.393,0.04,58655.5,224.6,204.8,15.05,43.32,36.25,33.15,174.3,3.59,4.48,0.0,0.0,33.7,45.0,52.0,0.0,0.0,0.0,0.0,0.0,0.0,0.0,0.0
J165418.91+283214.1,253.5787913004888,28.53725604967344,1.766,D,,,,,58259.2,7.8,1.2,14.37,14.22,49.2,122.3,270.2,4.14,9.5,2.0,0.0,147.0,2.0,1.0,0.0,0.0,0.0,0.0,0.0,0.0,0.0,0.0
J074548.11+284838.8,116.4504536366676,28.810787022385146,0.159,D,,AGN,0.632,2.145,59901.5,189.9,144.8,261.81,389.51,103.84,117.32,139.2,3.62,3.69,0.0,0.0,39.0,32.0,42.0,0.0,0.0,0.0,0.0,0.0,0.0,0.0,0.0
J074548.41+284837.6,116.4517172400756,28.81046245986988,0.159,D,,AGN,0.506,1.149,59901.5,189.9,144.8,261.81,389.51,103.84,117.32,139.2,3.62,3.69,0.0,0.0,39.0,32.0,42.0,0.0,0.0,0.0,0.0,0.0,0.0,0.0,0.0
J022946.12+290647.0,37.44216870968668,29.11305681082338,0.196,D,,,,,59243.5,177.4,71.5,41.27,116.97,23.22,26.89,161.3,4.78,4.53,1.0,0.0,26.1,23.0,30.0,0.0,0.0,0.0,0.0,0.0,0.0,0.0,0.0
J173606.81+290614.8,264.0283738329257,29.104123684700383,0.769,DQW,,QSO,0.327,0.238,60128.3,210.0,348.6,29.51,29.5,25.92,27.37,140.7,3.39,3.35,0.0,0.0,30.5,79.0,90.0,0.0,0.0,0.0,0.0,0.0,0.0,0.0,0.0
J172521.18+292521.4,261.3382335943382,29.42262147941942,0.924,D,,SLSN,0.295,0.146,59799.0,262.2,27.8,9.29,10.36,42.29,34.58,217.8,3.06,4.14,0.0,0.0,126.4,32.0,40.0,0.0,0.0,0.0,0.0,0.0,0.0,0.0,0.0
J154043.61+294846.0,235.18171162635647,29.81278573428457,1.05,DQ,,QSO,0.766,0.075,58826.5,540.8,441.0,23.24,34.3,34.71,41.8,133.4,3.24,3.18,2.0,0.0,30.7,175.0,186.0,0.0,0.0,0.0,0.0,0.0,0.0,0.0,0.0
J014031.41+300406.9,25.130881435327584,30.06859199599029,2.789,D,,,,,58521.1,240.0,200.4,5.65,9.08,136.46,116.14,358.0,3.64,3.95,0.0,1.0,64.4,41.0,42.0,0.0,0.0,0.0,0.0,0.0,0.0,0.0,0.0
J225156.67+302216.4,342.98614023425165,30.37124682080991,0.757,D,,,,,59661.4,226.0,264.1,11.28,13.98,16.95,17.11,209.4,2.94,3.34,0.0,1.0,16.3,47.0,51.0,0.0,0.0,0.0,0.0,0.0,0.0,0.0,0.0
J230231.44+300846.6,345.63098998472555,30.1462920351584,1.725,D,,,,,59219.1,0.0,17.9,9.41,10.22,22.28,12.26,313.1,5.36,3.78,1.0,1.0,11.4,1.0,2.0,0.0,0.0,0.0,0.0,0.0,0.0,0.0,0.0
J102246.25+303418.2,155.6927249501027,30.571733058091784,0.306,D,,SN,0.477,0.104,59546.8,43.8,10.4,13.42,46.63,114.07,86.45,212.3,6.85,8.68,0.0,0.0,322.6,3.0,3.0,0.0,0.0,0.0,0.0,0.0,0.0,0.0,0.0
J180915.74+305103.7,272.3155752893358,30.85105272044153,0.752,D,,,,,60028.7,76.4,102.9,8.55,11.22,15.02,13.64,259.1,4.41,2.88,0.0,0.0,19.2,15.0,14.0,0.0,0.0,0.0,0.0,0.0,0.0,0.0,0.0
J222443.11+303746.4,336.1796218018727,30.629558886093083,0.368,D,,AGN,0.407,0.029,58454.5,217.6,113.7,23.04,74.16,30.15,23.22,324.0,3.13,3.94,0.0,2.0,22.3,41.0,48.0,0.0,0.0,0.0,0.0,0.0,0.0,0.0,0.0
J230940.44+311700.8,347.418513871841,31.28356008495826,0.197,D,,SN,0.715,0.156,60542.0,15.8,8.6,18.23,41.01,28.39,24.81,208.2,7.09,5.01,0.0,0.0,75.4,8.0,6.0,0.0,0.0,0.0,0.0,0.0,0.0,0.0,0.0
J180627.31+313419.0,271.61378566995324,31.57195416488561,1.388,DQ,,,,,58535.9,107.8,234.0,13.98,25.94,13.83,14.72,129.1,5.08,3.34,0.0,0.0,22.7,44.0,56.0,0.0,0.0,0.0,0.0,0.0,0.0,0.0,0.0
J135024.81+314212.0,207.6033606874508,31.70334294014496,1.865,DQ,,QSO,0.483,0.098,59783.6,180.8,179.4,31.75,56.51,31.79,37.61,149.4,3.4,3.86,0.0,0.0,65.1,43.0,26.0,0.0,0.0,0.0,0.0,0.0,0.0,0.0,0.0
J153024.96+322341.3,232.60398217918825,32.394819308391114,0.237,D,,AGN,0.472,0.11,60407.7,137.9,76.2,15.69,38.79,26.89,23.33,153.3,4.41,4.44,0.0,0.0,31.5,41.0,39.0,0.0,0.0,0.0,0.0,0.0,0.0,0.0,0.0
J180028.38+322727.2,270.11826249319205,32.45755470215218,1.859,DW,,,,,58472.6,269.1,130.3,12.18,12.52,14.06,12.53,174.3,4.19,4.74,0.0,2.0,33.5,64.0,65.0,0.0,0.0,0.0,0.0,0.0,0.0,0.0,0.0
J180203.61+323407.3,270.5150451507168,32.56870636559006,0.697,D,,SLSN,0.321,0.068,59523.0,222.1,57.3,17.23,22.65,44.54,56.29,103.0,5.05,4.73,0.0,0.0,78.8,39.0,46.0,0.0,0.0,0.0,0.0,0.0,0.0,0.0,0.0
J180849.05+323553.7,272.2043858216872,32.598262925605475,0.416,D,,,,,59354.6,69.4,48.2,8.8,21.47,9.32,11.12,217.1,3.55,4.23,1.0,0.0,19.3,25.0,28.0,0.0,0.0,0.0,0.0,0.0,0.0,0.0,0.0
J170509.10+332633.2,256.2879119805609,33.44256809361673,0.087,D,SN,SLSN,0.05,0.086,58691.4,59.8,5.6,27.77,44.49,327.34,270.05,138.4,7.23,6.57,0.0,0.0,1425.1,22.0,17.0,0.0,0.0,0.0,0.0,0.0,0.0,0.0,0.0
J143950.66+333921.4,219.9610708599668,33.65596432740679,0.267,D,,,,,59563.3,291.9,64.3,10.54,25.03,16.8,17.72,246.1,3.16,3.5,0.0,0.0,18.3,27.0,45.0,0.0,0.0,0.0,0.0,0.0,0.0,0.0,0.0
J132110.94+335307.3,200.2955811798193,33.88536767727525,0.981,DQW,,QSO,0.839,0.034,59364.3,242.3,192.8,36.97,44.32,18.12,18.37,123.3,3.68,6.07,1.0,0.0,10.4,70.0,84.0,0.0,0.0,0.0,0.0,0.0,0.0,0.0,0.0
J155128.64+340317.8,237.8693454756437,34.05495314732036,1.409,DQW,,,,,58745.1,118.2,225.1,36.15,52.38,13.55,15.21,109.3,5.86,3.46,0.0,0.0,12.7,61.0,61.0,0.0,0.0,0.0,0.0,0.0,0.0,0.0,0.0
J155848.71+340157.8,239.70297020798137,34.03272753214778,0.427,DQW,,AGN,0.006,0.039,58457.2,344.9,122.5,9.48,20.88,40.17,34.87,209.2,3.27,4.9,0.0,0.0,26.7,85.0,84.0,0.0,0.0,0.0,0.0,0.0,0.0,0.0,0.0
J072417.66+342856.0,111.07357253853696,34.48224428944265,0.346,DW,,SN,0.316,0.053,60080.4,255.7,74.9,20.03,41.05,25.76,24.81,165.7,4.49,3.62,1.0,1.0,148.9,20.0,37.0,0.0,0.0,0.0,0.0,0.0,0.0,0.0,0.0
J124700.32+342922.3,191.75133602402803,34.489540417761425,0.327,DQW,,,,,58835.5,0.0,24.3,25.7,50.71,42.01,20.5,235.2,9.01,4.45,0.0,1.0,37.7,2.0,2.0,0.0,0.0,0.0,0.0,0.0,0.0,0.0,0.0
J105526.12+345755.7,163.85883691627512,34.96547604894779,0.149,D,,Blazar,0.179,0.109,59558.8,491.4,89.7,65.75,166.37,79.13,68.72,145.3,4.06,4.08,0.0,0.0,53.1,60.0,73.0,0.0,0.0,0.0,0.0,0.0,0.0,0.0,0.0
J114909.19+352045.1,177.28829411206118,35.345869062388,0.35,D,,AGN,0.419,0.028,58492.2,137.5,160.4,19.73,48.7,34.16,28.03,178.2,3.62,3.2,0.0,1.0,16.7,44.0,45.0,0.0,0.0,0.0,0.0,0.0,0.0,0.0,0.0
J153543.78+365249.6,233.93239937849063,36.880455034115485,0.26,DW,,AGN,0.828,0.285,60208.1,199.3,306.7,28.73,74.44,17.2,18.65,109.3,4.11,3.91,0.0,0.0,108.2,64.0,66.0,0.0,0.0,0.0,0.0,0.0,0.0,0.0,0.0
J175449.74+374622.4,268.70727061878495,37.77291085078125,1.176,D,,,,,59518.4,25.6,97.5,9.43,12.54,6.91,8.38,189.3,3.19,3.48,0.0,2.0,12.7,17.0,20.0,0.0,0.0,0.0,0.0,0.0,0.0,0.0,0.0
J071203.80+380229.8,108.01582015016598,38.041618955165525,0.688,DQW,,,,,58561.7,1.9,6.8,28.98,34.16,27.5,25.39,157.2,6.04,4.78,1.0,1.0,56.1,1.0,2.0,0.0,0.0,0.0,0.0,0.0,0.0,0.0,0.0
J140912.73+380414.3,212.30305454607992,38.07066425724652,0.152,DW,,AGN,0.413,0.143,59984.5,59.7,105.0,48.1,108.02,41.24,58.11,129.3,6.79,7.76,0.0,0.0,98.6,12.0,13.0,0.0,0.0,0.0,0.0,0.0,0.0,0.0,0.0
J170141.99+382939.1,255.42496151641885,38.49421795640106,1.342,D,,,,,59336.4,0.2,4.8,8.77,11.19,15.58,18.18,413.0,3.73,3.4,0.0,2.0,21.5,2.0,2.0,0.0,0.0,0.0,0.0,0.0,0.0,0.0,0.0
J165352.47+384929.8,253.46861414264168,38.82495634411056,0.357,DQ,,AGN,0.371,0.161,58325.3,107.1,115.7,18.25,34.81,15.72,17.69,162.4,4.07,3.83,0.0,1.0,32.5,46.0,57.0,0.0,0.0,0.0,0.0,0.0,0.0,0.0,0.0
J175619.22+384832.3,269.0800979835684,38.808971801351646,0.328,D,,AGN,0.355,0.124,59558.0,117.2,38.9,13.11,31.1,43.45,70.1,112.7,5.36,6.25,0.0,0.0,201.9,8.0,9.0,0.0,0.0,0.0,0.0,0.0,0.0,0.0,0.0
J114138.64+392301.2,175.41100267434933,39.38368255562416,0.147,D,,SN,0.634,1.674,58834.5,15.1,3.2,51.04,134.83,51.47,72.05,159.2,7.03,7.63,1.0,1.0,107.1,3.0,5.0,0.0,0.0,0.0,0.0,0.0,0.0,0.0,0.0
J180332.29+414909.6,270.8845363192643,41.81935338265392,0.158,DW,,AGN,0.008,0.073,58985.8,52.7,68.7,64.79,149.07,81.01,85.63,117.4,5.22,4.77,0.0,0.0,44.4,24.0,28.0,0.0,0.0,0.0,0.0,0.0,0.0,0.0,0.0
J085320.79+423919.1,133.33661441752108,42.655327317065655,0.824,D,,QSO,0.306,0.161,58885.7,268.3,94.9,9.11,14.12,25.07,23.95,443.9,3.96,3.65,0.0,1.0,16.0,48.0,61.0,0.0,0.0,0.0,0.0,0.0,0.0,0.0,0.0
J173348.76+434239.0,263.45317609840635,43.71085719191669,2.004,D,,SLSN,0.091,0.104,60181.1,125.3,17.3,18.3,20.43,56.33,44.08,214.3,4.83,3.89,0.0,0.0,174.5,14.0,21.0,0.0,0.0,0.0,0.0,0.0,0.0,0.0,0.0
J182721.51+442852.1,276.8396281446986,44.48113936740273,0.252,D,,,,,59268.2,109.8,147.0,17.77,43.78,18.23,17.91,117.9,4.25,4.45,0.0,0.0,33.3,35.0,42.0,0.0,0.0,0.0,0.0,0.0,0.0,0.0,0.0
J174848.65+444135.6,267.20271694577946,44.69322314694145,0.499,D,,SNIa,0.061,0.076,59070.7,0.5,3.5,23.34,44.97,111.37,156.64,138.3,11.85,11.56,0.0,2.0,456.7,1.0,1.0,0.0,0.0,0.0,0.0,0.0,0.0,0.0,0.0
J182109.96+450333.1,275.291497446276,45.05921853483177,0.263,D,,AGN,0.622,0.177,59985.7,173.8,11.4,32.1,62.07,34.88,32.29,104.8,6.26,4.54,0.0,2.0,69.6,36.0,34.0,0.0,0.0,0.0,0.0,0.0,0.0,0.0,0.0
J142950.15+461118.9,217.45894230557195,46.18858427875347,0.337,D,,,,,58820.2,109.1,158.2,21.55,42.78,18.75,18.69,151.3,3.39,3.77,1.0,0.0,17.1,39.0,39.0,0.0,0.0,0.0,0.0,0.0,0.0,0.0,0.0
J180352.35+461447.6,270.9681281985263,46.24656464112963,0.185,DW,,AGN,0.29,0.674,59664.6,74.9,81.8,18.44,40.99,22.94,53.3,247.2,5.36,5.38,0.0,0.0,96.0,18.0,22.0,0.0,0.0,0.0,0.0,0.0,0.0,0.0,0.0
J172606.92+464424.0,261.5288473137686,46.74002216542903,2.036,D,,,,,60250.1,107.4,35.2,36.58,42.61,18.75,14.89,96.4,5.14,5.33,1.0,1.0,64.6,12.0,13.0,0.0,0.0,0.0,0.0,0.0,0.0,0.0,0.0
J121806.19+490312.5,184.52580680345736,49.05348863491625,0.16,D,,AGN,0.109,0.143,58426.5,354.9,124.4,81.29,203.85,72.7,70.93,155.2,3.76,2.93,0.0,0.0,39.4,74.0,62.0,0.0,0.0,0.0,0.0,0.0,0.0,0.0,0.0
J182327.88+500318.3,275.86615345860145,50.05508364891458,0.763,D,,,,,58469.8,180.8,53.6,8.2,9.95,8.49,11.02,218.3,3.66,3.59,1.0,1.0,35.7,22.0,27.0,0.0,0.0,0.0,0.0,0.0,0.0,0.0,0.0
J162212.92+513159.1,245.5538320397847,51.53309888262217,1.044,D,,,,,58456.3,744.9,222.1,9.0,13.43,11.94,15.82,189.3,4.22,2.77,1.0,0.0,11.4,143.0,175.0,0.0,0.0,0.0,0.0,0.0,0.0,0.0,0.0
J071249.51+522005.3,108.20630479605246,52.33481884092453,2.21,D,,,,,58786.2,0.6,9.9,11.37,12.42,43.32,19.85,282.1,6.48,3.33,0.0,1.0,23.8,1.0,1.0,0.0,0.0,0.0,0.0,0.0,0.0,0.0,0.0
J090324.47+534859.5,135.85195852855244,53.81653232743233,0.299,D,,AGN,0.102,0.239,58861.4,105.6,83.8,23.96,63.0,24.24,22.42,159.8,3.88,3.21,0.0,2.0,28.0,33.0,39.0,0.0,0.0,0.0,0.0,0.0,0.0,0.0,0.0
J170637.20+542141.2,256.65501489646806,54.361459253454015,0.194,D,,AGN,0.085,0.097,59988.8,125.9,16.0,32.42,91.12,28.44,26.21,94.4,6.71,4.1,0.0,1.0,47.9,25.0,28.0,0.0,0.0,0.0,0.0,0.0,0.0,0.0,0.0
J172305.96+550740.2,260.7748173842345,55.12784076249078,1.87,DQW,,QSO,0.665,0.077,60084.7,172.4,115.7,22.31,36.18,23.06,34.49,141.0,4.39,4.32,0.0,0.0,82.0,58.0,61.0,0.0,0.0,0.0,0.0,0.0,0.0,0.0,0.0
J064608.77+552914.0,101.53654657372212,55.48724070790228,0.242,DW,,AGN,0.323,0.126,58464.3,291.3,54.9,17.96,44.42,32.45,33.16,149.2,3.39,3.79,0.0,0.0,32.4,39.0,50.0,0.0,0.0,0.0,0.0,0.0,0.0,0.0,0.0
J184535.04+555013.8,281.3960125746024,55.83717312590692,0.829,DQ,,CV/Nova,0.092,0.112,59278.5,423.1,253.7,25.0,31.48,44.37,34.19,137.3,3.53,3.97,0.0,1.0,302.3,127.0,129.0,0.0,0.0,0.0,0.0,0.0,0.0,0.0,0.0
J182058.18+555515.9,275.2423977637751,55.92109047289743,1.733,DQW,,,,,59582.3,319.5,81.0,37.49,41.19,24.02,16.64,106.0,5.84,6.15,0.0,0.0,13.5,79.0,80.0,0.0,0.0,0.0,0.0,0.0,0.0,0.0,0.0
J184732.56+563416.5,281.885652634505,56.57126311558687,0.425,D,,,,,58514.4,114.6,86.4,11.53,25.81,27.64,24.03,230.2,3.67,4.36,0.0,2.0,18.2,20.0,22.0,0.0,0.0,0.0,0.0,0.0,0.0,0.0,0.0
J095306.64+603742.0,148.277682387663,60.62835146121987,0.403,D,,SN,0.28,0.366,59538.4,106.3,72.2,15.89,60.53,11.96,14.3,166.8,3.24,3.65,0.0,2.0,38.0,11.0,18.0,0.0,0.0,0.0,0.0,0.0,0.0,0.0,0.0
J104742.81+610558.5,161.92836590888572,61.09959276426117,0.368,D,,,,,58423.5,125.3,58.0,14.4,41.52,15.03,16.86,236.7,3.84,3.28,0.0,1.0,22.8,16.0,30.0,0.0,0.0,0.0,0.0,0.0,0.0,0.0,0.0
J063052.73+615432.8,97.71970341443928,61.90912103619875,1.402,DQW,,,,,58719.5,860.9,230.3,14.09,26.13,26.75,27.88,146.2,3.01,4.3,0.0,0.0,50.6,124.0,143.0,0.0,0.0,0.0,0.0,0.0,0.0,0.0,0.0
J062208.90+623039.2,95.5370908111232,62.510905612565885,1.244,DQW,,QSO,0.304,0.045,58534.2,0.4,3.6,28.71,44.41,27.3,25.78,144.1,3.4,3.14,2.0,0.0,13.9,1.0,1.0,0.0,0.0,0.0,0.0,0.0,0.0,0.0,0.0
J064917.64+623048.1,102.32351245228648,62.51338251250389,0.238,DW,,Blazar,0.14,0.123,58901.1,200.4,26.2,14.34,28.97,93.58,111.83,165.3,3.33,4.37,0.0,0.0,232.9,17.0,14.0,0.0,0.0,0.0,0.0,0.0,0.0,0.0,0.0
J075335.43+625132.4,118.39761809665046,62.85900087150628,0.335,DQW,,AGN,0.245,0.134,59683.3,55.8,121.4,24.04,42.9,42.33,40.7,146.3,4.09,4.48,0.0,0.0,22.0,14.0,12.0,0.0,0.0,0.0,0.0,0.0,0.0,0.0,0.0
J193357.98+625032.4,293.49158766783626,62.842345864013936,0.546,DQW,,QSO,0.678,0.128,60262.1,82.8,96.3,69.02,77.13,21.93,20.34,88.9,3.9,4.18,0.0,0.0,14.2,31.0,30.0,0.0,0.0,0.0,0.0,0.0,0.0,0.0,0.0
J103123.23+630037.5,157.846807193971,63.010428296124935,0.201,D,,,,,58883.8,3.1,0.3,16.81,52.86,34.94,18.01,156.2,5.94,3.81,0.0,2.0,34.4,1.0,2.0,0.0,0.0,0.0,0.0,0.0,0.0,0.0,0.0
J125117.27+630229.7,192.8219381558952,63.04158511531632,0.363,DQ,,,,,59115.5,50.2,117.7,30.86,53.73,17.43,19.63,194.3,3.26,5.36,1.0,1.0,21.8,14.0,19.0,0.0,0.0,0.0,0.0,0.0,0.0,0.0,0.0
J190142.55+630507.0,285.42728430884966,63.08527779266716,0.22,D,,AGN,0.755,0.121,59066.4,49.4,126.6,50.74,118.86,34.11,31.07,122.4,4.69,3.58,0.0,1.0,30.1,38.0,33.0,0.0,0.0,0.0,0.0,0.0,0.0,0.0,0.0
J185158.58+633841.1,282.99407876208966,63.644757096823774,0.231,DW,,AGN,0.744,0.138,60142.3,51.0,44.3,34.6,97.38,29.14,28.91,122.4,5.44,5.03,1.0,0.0,87.7,17.0,23.0,0.0,0.0,0.0,0.0,0.0,0.0,0.0,0.0
J191307.53+655456.3,288.28138719819026,65.91565730055578,0.475,DQW,,QSO,0.041,0.026,58748.1,163.9,55.8,13.08,21.68,28.74,25.53,229.2,2.57,3.31,0.0,0.0,28.1,42.0,42.0,0.0,0.0,0.0,0.0,0.0,0.0,0.0,0.0
J071035.23+680145.4,107.64678476311856,68.02927688792802,0.308,DQW,,QSO,0.034,0.121,58505.9,89.9,24.1,88.44,137.5,48.58,46.56,144.3,5.88,4.51,0.0,0.0,42.7,18.0,20.0,0.0,0.0,0.0,0.0,0.0,0.0,0.0,0.0
J074704.69+680309.6,116.76953277241374,68.05267746262258,0.323,D,,,,,58596.9,27.7,152.6,23.73,53.58,11.77,11.34,156.3,3.33,5.31,2.0,0.0,12.7,19.0,31.0,0.0,0.0,0.0,0.0,0.0,0.0,0.0,0.0
J102722.35+681844.3,156.84310510074476,68.31232802721696,0.313,D,,,,,58508.4,0.3,3.0,32.72,54.49,48.06,32.93,147.2,4.94,4.93,1.0,1.0,50.2,2.0,1.0,0.0,0.0,0.0,0.0,0.0,0.0,0.0,0.0
J125106.14+695025.3,192.7755762672745,69.84038574169902,0.274,D,,,,,58532.1,150.6,59.6,24.26,65.56,16.72,17.07,157.3,3.34,3.23,1.0,0.0,21.2,34.0,41.0,0.0,0.0,0.0,0.0,0.0,0.0,0.0,0.0
J131906.49+694220.3,199.7770462130321,69.70565911337208,0.327,D,,AGN,0.087,0.088,59245.0,179.8,32.4,10.96,23.47,10.71,38.81,235.2,3.81,4.31,0.0,0.0,60.1,31.0,54.0,0.0,0.0,0.0,0.0,0.0,0.0,0.0,0.0
J112948.70+712647.6,172.45290481983253,71.44656480598664,0.187,DW,,AGN,0.683,0.091,60191.2,229.6,86.3,63.43,106.26,37.67,41.99,148.2,3.62,5.33,0.0,0.0,12.7,23.0,25.0,0.0,0.0,0.0,0.0,0.0,0.0,0.0,0.0
J100925.52+730712.1,152.3563463055824,73.1200345683593,0.196,D,,AGN,0.632,0.345,60045.2,380.3,226.8,195.88,303.84,96.61,83.47,147.2,4.13,3.88,0.0,0.0,64.2,35.0,71.0,0.0,0.0,0.0,0.0,0.0,0.0,0.0,0.0
J114938.76+745249.6,177.41150191329652,74.88046431495403,0.158,D,,AGN,0.471,0.027,59102.2,75.9,96.1,152.75,281.11,189.89,200.17,149.2,4.18,3.31,0.0,0.0,54.2,17.0,15.0,0.0,0.0,0.0,0.0,0.0,0.0,0.0,0.0
J083616.93+754832.8,129.07055006396502,75.80912568686402,0.287,DQ,,AGN,0.2,0.068,60334.4,21.3,0.0,86.91,158.51,122.32,141.62,144.2,6.43,6.13,0.0,1.0,88.0,2.0,2.0,0.0,0.0,0.0,0.0,0.0,0.0,0.0,0.0
J093249.90+761916.8,143.20792095882103,76.32135464374828,0.352,DW,,AGN,0.221,0.099,59699.4,205.1,168.4,40.76,85.5,76.26,66.54,147.2,3.96,4.02,1.0,0.0,31.2,26.0,27.0,0.0,0.0,0.0,0.0,0.0,0.0,0.0,0.0
J134955.18-035458.4,207.47992515427623,-3.916231562644058,0.96,DQ,,Blazar,0.085,0.069,59684.2,272.9,168.6,324.74,393.84,124.76,128.78,185.3,3.41,3.53,0.0,0.0,44.9,27.0,32.0,0.0,0.0,0.0,0.0,0.0,0.0,0.0,0.0
J140356.92+344657.7,210.987154,34.782694,0.519,L,,SN,0.277,1.986,59676.6,58.1,78.1,15.92,40.49,12.52,15.32,387.9,3.84,3.66,2.0,0.0,12.0,19.0,25.0,0.0,0.0,0.0,0.0,0.0,0.0,0.0,0.0
J031529.88+040238.9,48.874518251860685,4.044158736322605,0.544,Q,,,,,58436.2,407.7,54.2,108.59,141.44,41.12,52.06,176.3,4.27,4.73,1.0,0.0,49.8,48.0,57.0,0.0,0.0,0.0,0.0,0.0,0.0,0.0,0.0
J031008.94+065525.6,47.537255121110725,6.923793512618734,0.112,Q,,AGN,0.413,0.017,58785.6,377.9,199.8,236.61,473.76,117.32,162.3,206.3,2.83,3.93,0.0,0.0,86.4,71.0,70.0,0.0,0.0,0.0,0.0,0.0,0.0,0.0,0.0
J025654.92+154243.2,44.22881803434959,15.712001453002031,0.688,QW,,Blazar,0.608,0.138,58766.7,7.9,0.3,20.38,43.37,55.73,86.1,258.2,3.9,4.83,2.0,0.0,72.2,2.0,3.0,0.0,0.0,0.0,0.0,0.0,0.0,0.0,0.0
J035204.90+142944.9,58.02040943750685,14.49580981211238,0.381,QW,,Blazar,0.016,0.14,59740.0,856.0,106.7,71.15,105.71,43.57,52.81,191.7,3.21,3.51,0.0,0.0,25.1,84.0,85.0,0.0,0.0,0.0,0.0,0.0,0.0,0.0,0.0
J033941.02+180839.1,54.92090424161072,18.144200680224905,1.42,QW,,QSO,0.176,0.075,59588.8,174.8,203.4,102.47,156.25,46.34,51.13,163.3,3.94,3.38,0.0,0.0,25.5,30.0,34.0,0.0,0.0,0.0,0.0,0.0,0.0,0.0,0.0
J035309.76+195315.2,58.29068672893668,19.88755877993597,0.335,QW,,,,,59732.6,63.3,289.6,40.11,84.83,20.36,28.14,186.3,3.15,3.84,1.0,1.0,43.4,22.0,28.0,0.0,0.0,0.0,0.0,0.0,0.0,0.0,0.0
J032419.23+151858.1,51.08013704024176,15.316160559932849,0.519,QW,,AGN,0.733,0.09,58752.9,0.0,3.2,23.66,37.0,38.62,54.53,177.3,4.93,5.72,1.0,1.0,60.4,1.0,1.0,0.0,0.0,0.0,0.0,0.0,0.0,0.0,0.0
J031542.15+174337.3,48.92562186273098,17.727029260642837,0.625,QW,,QSO,0.525,0.11,58741.3,87.9,69.6,76.9,89.37,37.18,44.3,163.3,4.03,4.0,0.0,0.0,71.1,29.0,33.0,0.0,0.0,0.0,0.0,0.0,0.0,0.0,0.0
J032243.44+173908.0,50.680988934659645,17.65222992382395,0.939,QW,,QSO,0.58,0.099,58653.6,43.6,263.6,36.92,45.89,22.29,24.74,169.3,3.29,3.17,0.0,0.0,13.9,19.0,27.0,0.0,0.0,0.0,0.0,0.0,0.0,0.0,0.0
J021401.76+100459.2,33.50731926180695,10.083128358457396,1.757,Q,,bogus,0.818,1.063,58465.3,87.6,135.8,26.28,35.18,39.71,43.46,246.3,4.02,6.13,0.0,0.0,73.7,24.0,19.0,0.0,0.0,0.0,0.0,0.0,0.0,0.0,0.0
J014631.54+184747.6,26.631396287487046,18.796558500146336,0.247,QW,,AGN,0.311,0.087,60248.3,296.6,215.7,38.64,83.04,35.17,36.03,148.4,2.95,6.02,0.0,0.0,19.6,51.0,46.0,0.0,0.0,0.0,0.0,0.0,0.0,0.0,0.0
J024613.48+245216.5,41.55614840530482,24.871262558544213,1.549,QW,,,,,60378.2,206.7,0.0,22.2,36.15,25.48,28.91,164.3,6.87,4.3,0.0,1.0,26.3,15.0,23.0,0.0,0.0,0.0,0.0,0.0,0.0,0.0,0.0
J031218.92+284802.7,48.07883446580666,28.80077421123164,2.784,Q,,,,,59365.0,554.5,62.3,39.76,54.66,16.32,20.54,199.2,3.09,3.06,0.0,0.0,31.0,53.0,72.0,0.0,0.0,0.0,0.0,0.0,0.0,0.0,0.0
J024205.07+331225.3,40.52110667237016,33.207033196324026,0.316,QW,,AGN,0.597,0.536,59981.5,168.0,77.7,29.61,52.51,32.28,37.21,170.3,5.96,4.32,0.0,0.0,61.6,13.0,25.0,0.0,0.0,0.0,0.0,0.0,0.0,0.0,0.0
J030644.51+315419.1,46.68546479390567,31.90531763479485,1.952,Q,,,,,59324.2,276.0,62.9,28.53,39.92,17.2,18.52,170.2,3.59,5.88,1.0,1.0,33.3,28.0,40.0,0.0,0.0,0.0,0.0,0.0,0.0,0.0,0.0
J025237.43+365156.9,43.155940161933565,36.86580525139061,0.528,QW,,QSO,0.0,0.045,60307.1,221.2,32.7,108.17,127.18,47.09,46.04,162.2,5.21,4.2,0.0,0.0,23.4,19.0,26.0,0.0,0.0,0.0,0.0,0.0,0.0,0.0,0.0
J035730.79+322929.4,59.37831219167313,32.4915009884456,1.043,QW,,,,,58997.5,293.2,68.2,19.18,30.72,19.23,24.38,174.2,3.4,4.5,1.0,0.0,22.5,44.0,58.0,0.0,0.0,0.0,0.0,0.0,0.0,0.0,0.0
J055344.51+465200.5,88.43546559619155,46.86683173181079,1.674,QW,,,,,58562.0,0.0,223.8,44.03,54.8,12.49,41.04,147.3,3.36,9.05,0.0,2.0,35.7,31.0,35.0,0.0,0.0,0.0,0.0,0.0,0.0,0.0,0.0
J013442.04+390917.5,23.67518120413007,39.15488395142204,0.576,Q,,SN,0.17,0.155,58602.0,156.8,163.0,12.08,21.38,31.76,26.37,226.2,3.32,3.51,0.0,1.0,40.0,37.0,49.0,0.0,0.0,0.0,0.0,0.0,0.0,0.0,0.0
J023441.89+361936.2,38.67455538250195,36.32673284836168,1.316,Q,,,,,58667.6,77.7,167.8,28.68,38.51,16.58,15.38,169.3,3.97,4.25,0.0,2.0,16.4,26.0,32.0,0.0,0.0,0.0,0.0,0.0,0.0,0.0,0.0
J021121.19+363536.6,32.83828634289392,36.59352058467868,0.82,QW,,AGN,0.111,0.115,59627.4,5.5,0.2,30.89,35.22,82.41,165.06,169.3,7.83,11.03,0.0,0.0,190.9,1.0,1.0,0.0,0.0,0.0,0.0,0.0,0.0,0.0,0.0
J024844.49+425106.5,42.18536989672925,42.85180577690264,0.288,QW,,AGN,0.665,0.188,58761.4,72.7,147.8,86.63,129.39,67.93,62.01,172.3,3.14,3.04,0.0,0.0,29.6,47.0,57.0,0.0,0.0,0.0,0.0,0.0,0.0,0.0,0.0
J023128.28+420838.1,37.86783197408837,42.1439197526886,0.831,QW,,,,,58561.4,30.6,5.4,42.28,47.03,20.59,38.23,176.3,4.57,6.43,1.0,1.0,38.7,2.0,2.0,0.0,0.0,0.0,0.0,0.0,0.0,0.0,0.0
J015534.51+444125.8,28.89379889656612,44.69052585447436,0.924,QW,,QSO,0.127,0.02,58346.5,26.1,68.9,53.19,62.43,38.64,61.61,159.2,5.08,6.47,0.0,0.0,24.5,21.0,23.0,0.0,0.0,0.0,0.0,0.0,0.0,0.0,0.0
J015102.07+491041.6,27.75863517862332,49.178225190516514,1.738,QW,,,,,58905.2,100.6,308.6,26.57,34.06,10.41,11.77,163.9,3.65,4.17,1.0,1.0,12.2,72.0,84.0,0.0,0.0,0.0,0.0,0.0,0.0,0.0,0.0
J002512.79+442857.4,6.303278494899068,44.48261341815258,0.369,QW,,AGN,0.285,0.163,59967.2,12.5,42.1,46.07,64.56,46.7,35.89,133.3,6.0,5.89,0.0,0.0,18.9,8.0,7.0,0.0,0.0,0.0,0.0,0.0,0.0,0.0,0.0
J013244.13+432532.6,23.183861907584383,43.4257390861222,0.711,QW,,Blazar,0.066,0.134,59124.4,61.8,33.7,41.0,72.12,110.59,178.11,177.2,4.33,4.11,0.0,0.0,15.7,22.0,24.0,0.0,0.0,0.0,0.0,0.0,0.0,0.0,0.0
J012140.57+450257.1,20.41905543622527,45.04920294108497,2.198,QW,,QSO,0.251,0.138,59899.2,4.6,0.1,157.56,221.77,39.43,72.93,147.2,2.72,3.22,0.0,0.0,89.6,2.0,1.0,0.0,0.0,0.0,0.0,0.0,0.0,0.0,0.0
J010709.91+531437.6,16.791278991819418,53.24378231812791,0.439,Q,,Blazar,0.167,0.07,58830.4,997.3,523.0,52.63,84.95,54.25,69.1,142.2,2.98,3.14,0.0,0.0,66.9,223.0,254.0,0.0,0.0,0.0,0.0,0.0,0.0,0.0,0.0
J014355.23+494635.8,25.98014244565545,49.77663636465461,0.876,Q,,AGN,0.237,0.055,59955.9,3.5,63.3,20.99,31.26,23.39,42.13,225.2,3.71,6.56,1.0,0.0,26.8,9.0,12.0,0.0,0.0,0.0,0.0,0.0,0.0,0.0,0.0
J025606.31+463938.9,44.02631053050171,46.66082039817784,1.417,QW,,QSO,0.596,0.302,59620.7,306.3,248.1,67.89,112.4,36.97,41.91,159.2,3.78,3.18,0.0,0.0,32.0,72.0,80.0,0.0,0.0,0.0,0.0,0.0,0.0,0.0,0.0
J021321.23+541550.8,33.33847737721227,54.26411507721576,0.508,Q,,AGN,0.261,0.131,58902.2,1304.8,307.7,11.57,25.07,19.83,25.88,219.2,3.64,2.45,0.0,0.0,15.2,210.0,276.0,0.0,0.0,0.0,0.0,0.0,0.0,0.0,0.0
J053549.69+655704.9,83.95702687284687,65.95138209263557,0.93,Q,,AGN,0.088,0.319,60355.1,159.5,240.2,25.14,36.46,17.04,21.8,144.2,3.72,2.95,1.0,0.0,32.3,42.0,42.0,0.0,0.0,0.0,0.0,0.0,0.0,0.0,0.0
J053712.61+675424.4,84.30252376617673,67.90678098829001,1.131,QW,,,,,60397.2,82.5,51.5,33.99,56.98,16.96,16.12,144.2,5.13,3.53,0.0,1.0,30.1,8.0,8.0,0.0,0.0,0.0,0.0,0.0,0.0,0.0,0.0
J051225.50+684422.4,78.10624895538425,68.73956011954459,0.572,Q,,Blazar,0.758,0.262,59281.2,0.1,3.3,33.6,60.6,68.02,121.31,146.3,2.91,3.11,2.0,0.0,36.5,1.0,2.0,0.0,0.0,0.0,0.0,0.0,0.0,0.0,0.0
J045109.70+723012.6,72.79043736653762,72.50351465796602,0.635,QW,,Blazar,0.57,0.02,58556.2,459.1,259.3,16.01,23.06,17.83,32.2,235.1,3.12,3.6,1.0,0.0,53.7,102.0,120.0,0.0,0.0,0.0,0.0,0.0,0.0,0.0,0.0
J035232.68+790134.4,58.13618092735463,79.02622560768684,0.73,QW,,,,,59928.3,330.0,136.4,36.03,45.27,11.43,15.13,167.3,3.35,4.73,2.0,0.0,26.1,59.0,65.0,0.0,0.0,0.0,0.0,0.0,0.0,0.0,0.0
J043633.76+802418.3,69.14066335415357,80.405108534298,0.316,QW,,AGN,0.734,0.052,58979.3,174.3,161.8,58.19,119.9,46.29,61.97,163.3,3.3,3.38,1.0,0.0,76.9,35.0,40.0,0.0,0.0,0.0,0.0,0.0,0.0,0.0,0.0
J023633.24+823107.9,39.138510284404525,82.5188701675908,0.787,QW,,,,,59560.8,100.7,233.3,26.45,34.23,13.82,19.71,133.2,3.14,4.21,2.0,0.0,23.9,35.0,44.0,0.0,0.0,0.0,0.0,0.0,0.0,0.0,0.0
J093416.21+121341.1,143.5675388614332,12.228107850113815,0.453,QW,,Blazar,0.011,0.09,58677.0,199.7,324.9,28.14,41.31,42.62,38.45,179.3,3.7,3.18,0.0,0.0,32.4,33.0,53.0,0.0,0.0,0.0,0.0,0.0,0.0,0.0,0.0
J092753.92+162006.3,141.97466470250782,16.335102398533788,0.19,Q,,AGN,0.166,0.143,59367.2,77.2,222.7,90.42,167.54,93.6,94.39,171.3,4.18,3.99,0.0,0.0,19.5,49.0,53.0,0.0,0.0,0.0,0.0,0.0,0.0,0.0,0.0
J081705.49+195842.9,124.27288860681726,19.97858291930141,0.796,Q,,Blazar,0.746,0.133,59921.8,18.7,15.3,42.56,72.26,76.98,97.12,162.2,5.43,5.17,0.0,0.0,134.1,4.0,7.0,0.0,0.0,0.0,0.0,0.0,0.0,0.0,0.0
J080622.15+212627.6,121.59227186869774,21.44100165572116,0.425,Q,,SNII,0.029,0.038,59751.0,188.3,16.3,19.49,42.11,105.94,128.82,174.3,3.81,3.89,0.0,0.0,144.7,18.0,24.0,0.0,0.0,0.0,0.0,0.0,0.0,0.0,0.0
J081029.86+275502.9,122.62442715719848,27.91749844119076,0.199,QW,,AGN,0.436,0.083,58347.1,129.2,109.9,38.07,95.93,34.56,48.53,165.2,4.37,3.56,0.0,0.0,41.5,13.0,18.0,0.0,0.0,0.0,0.0,0.0,0.0,0.0,0.0
J104754.88+252954.7,161.97865462333257,25.498553127899328,1.326,Q,,,,,58789.0,0.1,14.2,39.7,50.51,42.26,21.96,149.3,6.47,2.99,0.0,1.0,22.1,2.0,1.0,0.0,0.0,0.0,0.0,0.0,0.0,0.0,0.0
J103803.38+253541.2,159.51406525030873,25.594799391345664,0.529,QW,,Blazar,0.2,0.39,59612.6,210.2,104.6,26.54,47.14,30.94,33.77,149.3,3.47,4.55,0.0,0.0,21.4,29.0,35.0,0.0,0.0,0.0,0.0,0.0,0.0,0.0,0.0
J105502.00+330002.4,163.75834059240364,33.00066892997096,0.431,QW,,AGN,0.488,0.268,59635.0,57.9,55.1,28.13,50.53,43.25,38.86,163.2,4.06,4.71,0.0,0.0,23.3,12.0,13.0,0.0,0.0,0.0,0.0,0.0,0.0,0.0,0.0
J094515.31+335202.6,146.3137935292403,33.86740792065724,0.62,Q,,Blazar,0.377,0.036,58729.1,145.0,260.2,14.79,20.27,38.68,33.72,176.2,2.86,3.99,0.0,0.0,21.3,40.0,50.0,0.0,0.0,0.0,0.0,0.0,0.0,0.0,0.0
J101417.88+411217.7,153.57448035389086,41.20491611793153,0.75,QW,,Blazar,0.65,0.068,59140.1,19.3,6.0,30.45,46.85,129.09,204.43,147.5,5.62,6.29,0.0,1.0,57.0,7.0,7.0,0.0,0.0,0.0,0.0,0.0,0.0,0.0,0.0
J111236.66+500015.7,168.15276377598738,50.0043845419959,0.97,Q,,,,,58506.4,93.6,73.0,62.96,77.4,26.08,30.03,296.2,5.26,3.56,1.0,0.0,22.6,30.0,26.0,0.0,0.0,0.0,0.0,0.0,0.0,0.0,0.0
J115542.80+590013.8,178.9283230823906,59.00383416513998,0.751,Q,,,,,58479.0,93.5,118.7,16.73,15.13,20.0,23.24,356.0,3.53,3.94,0.0,0.0,27.7,28.0,32.0,0.0,0.0,0.0,0.0,0.0,0.0,0.0,0.0
J103545.55+554254.4,158.93977629751478,55.71513299876213,0.766,QW,,Blazar,0.506,0.172,58643.2,128.4,76.3,16.4,26.43,26.17,45.02,182.2,3.97,4.73,0.0,0.0,14.3,26.0,33.0,0.0,0.0,0.0,0.0,0.0,0.0,0.0,0.0
J113837.11+611641.2,174.65462196915132,61.278120186447794,0.79,Q,,Blazar,0.097,0.043,58221.0,0.8,12.9,18.72,34.54,54.76,77.67,168.2,6.17,6.72,1.0,0.0,214.7,2.0,2.0,0.0,0.0,0.0,0.0,0.0,0.0,0.0,0.0
J071858.07+242540.4,109.74197622544978,24.42790951918749,2.635,QW,,Blazar,0.046,0.107,58679.8,228.0,241.6,277.1,354.5,112.37,118.56,134.3,3.45,3.31,0.0,0.0,24.9,65.0,77.0,0.0,0.0,0.0,0.0,0.0,0.0,0.0,0.0
J071913.85+254450.6,109.80772291407878,25.74739927781487,1.78,QW,,QSO,0.709,0.042,59455.5,536.5,611.5,33.41,49.83,24.87,28.3,136.3,3.69,2.67,0.0,0.0,26.5,142.0,177.0,0.0,0.0,0.0,0.0,0.0,0.0,0.0,0.0
J072103.74+271053.6,110.26558609181926,27.181570690635404,0.243,QW,,Blazar,0.314,0.051,58625.2,23.7,54.9,178.75,212.51,201.13,163.46,134.3,3.15,3.04,0.0,0.0,51.0,8.0,7.0,0.0,0.0,0.0,0.0,0.0,0.0,0.0,0.0
J080243.81+310319.5,120.6825310249638,31.055434236748027,1.194,Q,,,,,58490.5,145.2,223.7,42.71,54.44,38.94,38.3,146.3,3.51,5.14,0.0,0.0,69.0,32.0,35.0,0.0,0.0,0.0,0.0,0.0,0.0,0.0,0.0
J070344.69+275104.5,105.93619401434688,27.85125246351651,0.409,QW,,AGN,0.374,0.049,59383.3,198.5,65.5,95.24,115.97,98.48,76.06,144.3,3.22,3.88,0.0,0.0,11.1,18.0,28.0,0.0,0.0,0.0,0.0,0.0,0.0,0.0,0.0
J070542.65+291402.1,106.42772382610464,29.23393033268345,0.647,QW,,QSO,0.11,0.105,59041.4,99.8,181.6,19.45,24.63,35.33,32.99,196.3,3.59,3.11,1.0,0.0,19.6,20.0,33.0,0.0,0.0,0.0,0.0,0.0,0.0,0.0,0.0
J072002.31+275220.4,110.00961033342683,27.872351632324385,0.911,QW,,,,,59965.3,103.4,308.7,20.89,28.21,20.63,19.07,154.0,3.95,3.32,0.0,0.0,49.0,44.0,55.0,0.0,0.0,0.0,0.0,0.0,0.0,0.0,0.0
J070437.09+302652.7,106.1545568977602,30.447976523612404,0.719,QW,,QSO,0.444,0.247,58900.3,163.3,141.1,56.57,59.24,25.11,25.27,143.6,3.73,2.86,0.0,0.0,23.7,45.0,53.0,0.0,0.0,0.0,0.0,0.0,0.0,0.0,0.0
J080752.65+381602.2,121.96936780103172,38.26728202484098,0.768,Q,,YSO,0.01,0.133,60156.9,417.0,410.8,32.86,52.33,26.25,37.5,156.2,3.24,3.39,0.0,0.0,103.7,66.0,94.0,0.0,0.0,0.0,0.0,0.0,0.0,0.0,0.0
J073143.00+414953.2,112.92914742997382,41.83145884563064,0.478,QW,,,,,58911.8,0.0,2.9,41.29,59.68,22.7,46.49,146.3,3.36,4.7,1.0,0.0,27.6,1.0,1.0,0.0,0.0,0.0,0.0,0.0,0.0,0.0,0.0
J075309.76+465155.1,118.29066581374592,46.86531411509015,2.24,QW,,Blazar,0.691,0.113,60313.3,6.4,0.3,43.84,67.63,77.74,93.11,146.3,5.14,4.79,0.0,0.0,61.9,1.0,1.0,0.0,0.0,0.0,0.0,0.0,0.0,0.0,0.0
J070053.92+401325.5,105.22466288887314,40.22376344925244,1.285,Q,,bogus,0.514,0.135,59583.5,318.1,191.0,19.4,29.83,23.29,32.79,164.3,3.44,3.23,0.0,0.0,36.9,38.0,62.0,0.0,0.0,0.0,0.0,0.0,0.0,0.0,0.0
J060650.22+440140.8,91.7092466509721,44.02802197970368,0.684,QW,,Blazar,0.66,0.18,59849.5,261.4,129.7,34.72,42.04,20.76,32.02,147.3,5.16,5.99,1.0,0.0,31.9,35.0,46.0,0.0,0.0,0.0,0.0,0.0,0.0,0.0,0.0
J060619.68+554516.2,91.58201243574696,55.75450703411472,1.234,QW,,AGN,0.413,0.216,58397.0,145.5,15.8,21.75,28.5,18.62,24.34,150.3,3.75,3.39,0.0,1.0,94.2,22.0,30.0,0.0,0.0,0.0,0.0,0.0,0.0,0.0,0.0
J070212.21+592308.4,105.55086569015796,59.38569149203058,1.286,QW,,AGN,0.058,0.043,58453.4,6.1,4.9,27.2,29.7,61.69,104.8,197.1,6.46,6.36,0.0,0.0,217.3,2.0,3.0,0.0,0.0,0.0,0.0,0.0,0.0,0.0,0.0
J061442.18+613908.2,93.67574977735204,61.652296693227086,0.853,QW,,Blazar,0.042,0.172,60374.6,16.1,34.1,34.62,50.44,64.75,165.38,134.3,6.24,7.47,1.0,0.0,57.1,3.0,7.0,0.0,0.0,0.0,0.0,0.0,0.0,0.0,0.0
J090203.42+470456.1,135.51426639189108,47.08226512221025,0.729,Q,,Blazar,0.083,0.054,59862.0,1.2,2.6,38.75,55.43,49.24,58.64,157.7,4.46,4.03,0.0,1.0,46.0,2.0,2.0,0.0,0.0,0.0,0.0,0.0,0.0,0.0,0.0
J085027.76+620545.1,132.61568243601548,62.09586176707256,0.91,QW,,,,,59000.2,117.9,233.6,41.79,51.12,18.14,20.57,157.8,3.51,3.05,1.0,1.0,36.4,53.0,60.0,0.0,0.0,0.0,0.0,0.0,0.0,0.0,0.0
J095600.45+601736.3,149.00188096928835,60.29342285722396,0.977,QW,,Blazar,0.007,0.035,59215.5,22.6,40.0,12.2,17.08,18.73,34.25,272.2,4.42,3.92,0.0,1.0,12.5,9.0,11.0,0.0,0.0,0.0,0.0,0.0,0.0,0.0,0.0
J113938.31+650709.7,174.90964176156723,65.11938719424815,0.343,Q,,AGN,0.561,0.074,58333.2,90.8,88.8,16.67,39.8,25.14,23.49,157.3,3.7,5.29,0.0,2.0,41.7,25.0,25.0,0.0,0.0,0.0,0.0,0.0,0.0,0.0,0.0
J095500.10+631709.1,148.75041441820602,63.28588021860745,0.381,QW,,QSO,0.403,0.051,58890.8,95.2,175.5,27.36,51.07,17.19,15.01,152.3,3.65,4.14,1.0,0.0,14.4,45.0,51.0,0.0,0.0,0.0,0.0,0.0,0.0,0.0,0.0
J100943.11+680207.1,152.4296206080627,68.03531589091469,0.903,QW,,QSO,0.205,0.271,60037.0,109.2,22.3,97.0,111.92,57.25,54.13,147.2,4.67,6.58,0.0,0.0,108.8,16.0,9.0,0.0,0.0,0.0,0.0,0.0,0.0,0.0,0.0
J073650.37+582559.5,114.209864827243,58.43320417042889,0.794,QW,,QSO,0.115,0.033,58562.1,240.2,339.5,46.11,50.61,60.16,66.38,137.3,3.02,3.13,0.0,0.0,17.6,85.0,95.0,0.0,0.0,0.0,0.0,0.0,0.0,0.0,0.0
J082508.91+641113.9,126.28713411584286,64.1871994155734,0.484,QW,,AGN,0.032,0.033,58730.4,75.3,248.1,44.0,73.64,62.56,54.66,147.1,3.3,3.47,0.0,0.0,41.6,48.0,52.0,0.0,0.0,0.0,0.0,0.0,0.0,0.0,0.0
J081203.95+621921.3,123.016461152373,62.32260813538447,0.332,QW,,,,,59215.2,0.4,2.9,36.69,66.01,63.5,35.93,158.8,10.1,7.32,0.0,1.0,239.3,1.0,1.0,0.0,0.0,0.0,0.0,0.0,0.0,0.0,0.0
J060129.58+662936.4,90.37325532815063,66.49346072560188,2.476,Q,,,,,58715.1,190.3,297.0,24.38,28.4,14.51,16.95,147.3,3.94,4.25,1.0,0.0,15.8,70.0,77.0,0.0,0.0,0.0,0.0,0.0,0.0,0.0,0.0
J060926.96+680122.9,92.36231444476437,68.02305269032371,1.222,QW,,AGN,0.674,0.279,58824.6,397.8,422.9,25.79,36.3,24.88,28.7,174.3,2.72,3.23,0.0,0.0,16.5,112.0,126.0,0.0,0.0,0.0,0.0,0.0,0.0,0.0,0.0
J060506.90+674854.6,91.2787551464858,67.81517047198537,0.697,QW,,QSO,0.046,0.229,58514.4,136.9,233.2,50.18,57.92,22.38,21.4,148.2,2.83,3.43,0.0,1.0,21.6,52.0,58.0,0.0,0.0,0.0,0.0,0.0,0.0,0.0,0.0
J072358.21+701252.2,110.99254187398044,70.21452638144461,0.667,QW,,Blazar,0.301,0.033,59537.3,441.3,0.1,108.76,173.06,142.51,156.31,144.3,3.79,3.61,0.0,0.0,37.1,38.0,43.0,0.0,0.0,0.0,0.0,0.0,0.0,0.0,0.0
J061954.42+763622.7,94.97674701828724,76.60632072508331,0.358,Q,,AGN,0.675,0.138,59627.8,277.2,94.5,41.36,82.93,31.11,37.66,129.2,4.43,3.79,2.0,0.0,37.4,36.0,34.0,0.0,0.0,0.0,0.0,0.0,0.0,0.0,0.0
J094641.74+783519.5,146.6739302751274,78.58876257234355,1.639,QW,,QSO,0.665,0.103,59981.4,402.2,481.6,41.29,50.58,41.26,41.55,141.2,3.2,3.25,0.0,0.0,17.9,74.0,87.0,0.0,0.0,0.0,0.0,0.0,0.0,0.0,0.0
J073923.88+750323.0,114.84949067098177,75.05639338395974,1.039,QW,,Blazar,0.806,0.243,58564.9,490.0,25.0,43.14,65.02,43.13,55.99,146.2,3.37,3.39,1.0,0.0,10.3,72.0,77.0,0.0,0.0,0.0,0.0,0.0,0.0,0.0,0.0
J074601.19+772914.0,116.5049761603262,77.48722432810041,0.552,QW,,Blazar,0.104,0.078,60430.9,116.6,261.6,137.21,135.41,152.24,142.75,144.2,3.3,3.21,0.0,0.0,32.7,31.0,35.0,0.0,0.0,0.0,0.0,0.0,0.0,0.0,0.0
J083155.05+761829.7,127.97938207602829,76.30827577531528,1.348,Q,,,,,58559.6,56.1,259.8,25.32,37.35,12.54,19.77,156.2,3.97,3.86,0.0,1.0,80.7,33.0,45.0,0.0,0.0,0.0,0.0,0.0,0.0,0.0,0.0
J075043.27+790917.0,117.68027189158148,79.15472279204151,0.354,Q,,Blazar,0.689,0.04,58854.3,51.2,21.3,33.99,45.02,79.11,137.61,192.3,3.2,3.92,1.0,1.0,24.4,23.0,21.0,0.0,0.0,0.0,0.0,0.0,0.0,0.0,0.0
J082445.18+800536.4,126.18825780150992,80.09345604632571,1.107,QW,,,,,60322.4,30.7,415.6,63.44,80.5,16.23,16.33,138.1,3.16,4.39,1.0,0.0,18.3,44.0,55.0,0.0,0.0,0.0,0.0,0.0,0.0,0.0,0.0
J083332.50+824700.7,128.3853992430014,82.78354481135315,0.247,QW,,Blazar,0.213,0.032,58661.0,169.3,18.8,251.88,335.56,565.83,606.71,138.7,4.77,3.94,0.0,0.0,234.8,19.0,18.0,0.0,0.0,0.0,0.0,0.0,0.0,0.0,0.0
J104829.14+844011.7,162.12143551483612,84.66992664252464,0.373,Q,,AGN,0.6,0.204,59608.4,368.3,74.4,58.06,110.73,22.01,29.13,158.1,3.35,3.19,0.0,0.0,44.0,44.0,49.0,0.0,0.0,0.0,0.0,0.0,0.0,0.0,0.0
J072715.98+822335.1,111.81657605348228,82.39308313666659,0.281,Q,,AGN,0.481,0.093,58827.4,251.2,81.6,24.3,53.37,18.82,22.27,232.2,2.63,3.76,0.0,0.0,41.2,20.0,37.0,0.0,0.0,0.0,0.0,0.0,0.0,0.0,0.0
J100204.81+874320.7,150.52002494064988,87.7224351123093,0.197,Q,,AGN,0.185,0.054,59354.4,50.3,176.9,61.53,153.53,72.85,81.05,153.2,3.55,3.85,0.0,0.0,30.6,54.0,49.0,0.0,0.0,0.0,0.0,0.0,0.0,0.0,0.0
J151100.45+054920.9,227.75186727155847,5.822483725766909,1.954,QW,,Blazar,0.441,0.033,58557.4,98.8,254.4,26.05,45.09,46.25,53.35,180.3,4.16,4.06,0.0,0.0,34.3,28.0,30.0,0.0,0.0,0.0,0.0,0.0,0.0,0.0,0.0
J151034.12+151125.9,227.6421681970621,15.190543741988694,2.066,Q,,,,,58461.6,129.5,200.8,12.57,17.29,12.89,12.84,291.1,3.22,3.24,1.0,1.0,12.3,20.0,26.0,0.0,0.0,0.0,0.0,0.0,0.0,0.0,0.0
J152758.34+164013.9,231.9930829329785,16.670543220532455,1.273,QW,,QSO,0.858,0.139,59900.0,194.4,243.5,22.83,31.84,27.33,26.7,146.3,3.37,3.05,0.0,0.0,15.7,60.0,72.0,0.0,0.0,0.0,0.0,0.0,0.0,0.0,0.0
J142953.03+223914.5,217.4709500459568,22.65405411845676,0.658,QW,,,,,58642.0,52.4,327.4,37.29,44.92,19.73,18.18,146.2,3.13,5.62,0.0,0.0,11.7,47.0,54.0,0.0,0.0,0.0,0.0,0.0,0.0,0.0,0.0
J135619.64+160933.7,209.08184516328703,16.15936947165666,1.498,QW,,QSO,0.354,0.134,59275.5,0.0,1.7,28.99,41.8,39.42,26.76,195.2,4.35,3.65,2.0,0.0,18.1,1.0,1.0,0.0,0.0,0.0,0.0,0.0,0.0,0.0,0.0
J143147.65+244843.1,217.94854569731032,24.811990684128705,0.465,QW,,Blazar,0.058,0.027,58430.4,218.0,198.6,29.51,42.29,124.69,102.99,145.9,3.24,3.93,0.0,0.0,49.8,47.0,59.0,0.0,0.0,0.0,0.0,0.0,0.0,0.0,0.0
J165249.20+280943.6,253.20498678135684,28.16211435031621,0.818,Q,,,,,59167.3,54.6,65.2,19.31,22.29,32.88,28.66,153.7,4.47,4.74,0.0,0.0,29.3,12.0,10.0,0.0,0.0,0.0,0.0,0.0,0.0,0.0,0.0
J160904.43+251413.2,242.26843815986467,25.23701095623544,0.714,QW,,QSO,0.049,0.127,58665.7,97.3,177.0,14.96,25.78,21.41,32.54,215.2,3.55,3.59,0.0,0.0,29.9,33.0,42.0,0.0,0.0,0.0,0.0,0.0,0.0,0.0,0.0
J161148.09+375836.8,242.9503950092544,37.97689915882292,0.94,QW,,,,,58781.3,111.8,4.0,16.95,27.71,19.04,25.02,130.4,3.82,6.89,0.0,0.0,37.5,7.0,10.0,0.0,0.0,0.0,0.0,0.0,0.0,0.0,0.0
J160525.77+501942.3,241.35737374906503,50.32842128566996,0.595,Q,,,,,59882.2,388.7,88.0,46.92,50.98,24.99,20.13,129.2,6.85,3.83,1.0,1.0,106.2,68.0,69.0,0.0,0.0,0.0,0.0,0.0,0.0,0.0,0.0
J154224.00+475731.4,235.6000178060424,47.95874410815187,0.804,Q,,,,,58458.3,54.6,230.0,29.76,34.61,18.59,19.81,134.3,3.75,3.57,0.0,0.0,16.1,49.0,48.0,0.0,0.0,0.0,0.0,0.0,0.0,0.0,0.0
J171714.07+503748.7,259.30864533250474,50.63020757361573,0.505,QW,,,,,58502.5,33.8,44.4,52.97,67.69,46.32,29.89,89.4,8.17,5.82,0.0,1.0,33.8,5.0,4.0,0.0,0.0,0.0,0.0,0.0,0.0,0.0,0.0
J174716.46+560337.8,266.8185662380178,56.06050447029144,0.974,QW,,QSO,0.803,0.022,58508.8,5.0,0.0,48.4,60.15,32.79,31.37,96.4,4.02,3.51,1.0,0.0,17.3,1.0,1.0,0.0,0.0,0.0,0.0,0.0,0.0,0.0,0.0
J172845.91+614927.3,262.1912716731301,61.82425601028166,0.79,QW,,,,,59272.4,659.1,213.0,29.95,43.29,7.57,8.84,138.3,6.46,3.64,2.0,0.0,19.3,118.0,178.0,0.0,0.0,0.0,0.0,0.0,0.0,0.0,0.0
J172601.87+622533.1,261.50780679079605,62.42587367308856,1.249,QW,,QSO,0.788,0.469,58964.4,127.4,179.9,43.88,49.11,18.78,18.84,99.4,3.95,3.27,2.0,0.0,15.6,65.0,66.0,0.0,0.0,0.0,0.0,0.0,0.0,0.0,0.0
J132418.58+215951.7,201.0774373455722,21.997696314346125,0.955,QW,,,,,58504.3,79.3,7.6,25.29,29.03,18.54,15.0,220.2,6.32,3.88,0.0,0.0,54.9,15.0,11.0,0.0,0.0,0.0,0.0,0.0,0.0,0.0,0.0
J131527.31+261911.0,198.86380485942905,26.319742307122223,0.997,QW,,QSO,0.57,0.416,59791.6,261.5,96.6,26.98,37.37,44.64,54.43,202.2,4.18,3.41,0.0,0.0,31.8,38.0,39.0,0.0,0.0,0.0,0.0,0.0,0.0,0.0,0.0
J133058.57+262323.9,202.74403494270203,26.389978997629644,1.215,Q,,,,,58521.7,6.4,0.0,120.48,146.1,372.64,209.99,158.2,11.66,7.62,0.0,0.0,189.9,2.0,2.0,0.0,0.0,0.0,0.0,0.0,0.0,0.0,0.0
J133142.76+275433.1,202.9281517890604,27.90921434193164,1.824,QW,,AGN,0.705,0.21,58813.0,395.5,444.3,16.04,22.59,24.45,20.32,415.0,4.42,3.88,1.0,0.0,37.5,90.0,104.0,0.0,0.0,0.0,0.0,0.0,0.0,0.0,0.0
J131654.58+301454.0,199.22742551229385,30.248358089279485,2.342,QW,,Blazar,0.69,0.026,58631.4,13.5,138.0,27.83,37.22,51.84,61.69,195.1,4.46,4.32,0.0,0.0,38.1,33.0,31.0,0.0,0.0,0.0,0.0,0.0,0.0,0.0,0.0
J140138.73+361121.9,210.41138778265105,36.189418356395976,0.941,Q,Blazar,Blazar,0.728,0.085,59291.7,2.3,15.9,30.1,55.18,50.36,86.26,198.3,4.36,4.64,0.0,2.0,69.8,4.0,4.0,0.0,0.0,0.0,0.0,0.0,0.0,0.0,0.0
J135635.41+392714.2,209.14755952313408,39.45394912199542,1.069,QW,,,,,59842.1,97.4,224.2,9.97,11.65,10.42,12.49,307.1,3.96,3.71,0.0,2.0,29.8,29.0,25.0,0.0,0.0,0.0,0.0,0.0,0.0,0.0,0.0
J124504.09+475311.5,191.26705262979823,47.88654543064994,0.751,Q,,CV/Nova,0.008,0.051,58893.4,3.8,11.3,18.96,31.71,33.11,53.99,339.2,4.36,4.65,0.0,1.0,30.7,5.0,5.0,0.0,0.0,0.0,0.0,0.0,0.0,0.0,0.0
J133219.93+491826.1,203.08304857739304,49.307248887313385,0.608,Q,,AGN,0.003,0.162,59020.2,18.8,77.5,17.0,29.59,35.23,48.07,265.8,3.46,3.83,1.0,0.0,40.0,24.0,26.0,0.0,0.0,0.0,0.0,0.0,0.0,0.0,0.0
J150831.63+623638.5,227.131784623168,62.610699911197536,1.812,QW,,QSO,0.699,0.104,59218.4,0.0,4.6,58.53,59.37,41.06,21.57,109.3,3.43,2.07,0.0,0.0,18.7,1.0,1.0,0.0,0.0,0.0,0.0,0.0,0.0,0.0,0.0
J163005.93+592633.8,247.5247013734224,59.44274544367322,1.127,QW,,QSO,0.621,0.33,58672.7,92.8,16.7,91.26,114.43,30.47,26.3,98.3,4.04,4.36,0.0,0.0,152.5,36.0,34.0,0.0,0.0,0.0,0.0,0.0,0.0,0.0,0.0
J161406.90+611547.5,243.52874662276105,61.263213059834975,0.489,QW,,,,,58768.9,0.9,2.3,43.62,53.76,16.7,39.69,98.3,5.3,4.53,0.0,0.0,27.8,1.0,1.0,0.0,0.0,0.0,0.0,0.0,0.0,0.0,0.0
J172745.25+642945.8,261.9385313026876,64.49607459903766,1.214,Q,,,,,59301.4,30.6,84.2,22.9,31.42,8.19,10.29,98.4,7.33,4.63,1.0,1.0,21.5,24.0,25.0,0.0,0.0,0.0,0.0,0.0,0.0,0.0,0.0
J164130.24+700310.3,250.37598212711865,70.05288394348845,0.743,QW,,Blazar,0.544,0.222,59050.9,4.1,0.7,29.64,32.7,48.61,70.46,162.2,4.21,6.13,2.0,0.0,404.6,2.0,2.0,0.0,0.0,0.0,0.0,0.0,0.0,0.0,0.0
J134115.53+625038.8,205.3147164153604,62.84411038542393,1.14,Q,,AGN,0.223,0.115,58557.5,33.5,336.9,123.48,147.05,42.77,47.03,236.2,4.48,3.32,0.0,2.0,88.6,67.0,67.0,0.0,0.0,0.0,0.0,0.0,0.0,0.0,0.0
J134926.50+672647.0,207.36041294394,67.44641293506137,0.751,QW,,QSO,0.532,0.076,60100.2,216.7,140.5,27.39,38.9,21.76,24.77,147.2,3.29,4.33,0.0,0.0,24.1,30.0,28.0,0.0,0.0,0.0,0.0,0.0,0.0,0.0,0.0
J131936.23+663558.5,199.90095615820576,66.59958414475247,3.89,Q,,AGN,0.327,0.74,58453.5,106.9,190.1,80.17,206.21,92.73,93.3,181.2,7.0,4.3,1.0,0.0,152.3,33.0,36.0,0.0,0.0,0.0,0.0,0.0,0.0,0.0,0.0
J123200.01+665529.8,188.0000516390872,66.92496218931709,0.244,QW,,AGN,0.383,0.182,59909.4,127.6,42.8,47.86,102.03,45.1,76.63,118.5,6.41,4.95,0.0,0.0,213.0,24.0,27.0,0.0,0.0,0.0,0.0,0.0,0.0,0.0,0.0
J133210.62+702841.2,203.04423471770733,70.47811382542488,0.52,Q,,Blazar,0.381,0.191,59026.7,114.8,27.2,28.95,53.74,47.89,74.17,157.3,5.46,4.05,0.0,0.0,50.6,17.0,15.0,0.0,0.0,0.0,0.0,0.0,0.0,0.0,0.0
J131822.92+744835.2,199.5955162534845,74.80978137649724,0.901,QW,,Blazar,0.393,0.265,58569.0,103.7,143.1,26.91,41.75,30.95,44.98,206.3,4.11,4.38,0.0,0.0,27.9,40.0,36.0,0.0,0.0,0.0,0.0,0.0,0.0,0.0,0.0
J123952.19+704546.3,189.96746543586863,70.76288166851269,0.352,Q,,AGN,0.734,0.036,59916.4,65.3,220.0,46.32,101.8,63.32,55.57,117.3,3.96,4.03,0.0,0.0,113.4,37.0,41.0,0.0,0.0,0.0,0.0,0.0,0.0,0.0,0.0
J124114.05+740929.2,190.3085482528511,74.15812500502525,2.021,QW,,,,,59238.1,201.4,193.9,37.31,41.03,22.26,19.02,333.9,3.35,2.72,1.0,1.0,21.6,22.0,21.0,0.0,0.0,0.0,0.0,0.0,0.0,0.0,0.0
J120930.26+760911.9,182.37607257772805,76.15331184213792,0.221,QW,,AGN,0.763,0.066,58862.0,3.5,89.4,115.91,201.56,116.46,205.69,151.1,4.09,4.55,0.0,0.0,28.4,9.0,12.0,0.0,0.0,0.0,0.0,0.0,0.0,0.0,0.0
J142435.11+722324.4,216.14630451592515,72.3901340310003,2.174,Q,,,,,59329.3,110.0,11.4,20.06,24.32,12.72,16.0,189.2,2.28,3.61,1.0,1.0,38.2,22.0,21.0,0.0,0.0,0.0,0.0,0.0,0.0,0.0,0.0
J143250.67+734454.5,218.2111336138234,73.74847414603899,2.424,Q,,,,,59968.6,498.6,25.4,27.77,27.94,11.28,12.29,136.2,3.68,3.96,2.0,0.0,30.8,68.0,72.0,0.0,0.0,0.0,0.0,0.0,0.0,0.0,0.0
J174949.57+815957.3,267.4565539346902,81.99925544945194,0.668,QW,,Blazar,0.349,0.321,59971.5,227.6,51.3,20.87,19.58,28.28,34.82,278.2,3.11,4.16,0.0,0.0,25.4,20.0,39.0,0.0,0.0,0.0,0.0,0.0,0.0,0.0,0.0
J134443.08+740741.8,206.1795088260332,74.12830308864852,2.016,QW,,QSO,0.791,0.082,58890.9,213.6,109.7,52.23,54.39,36.27,31.65,204.3,3.09,3.4,0.0,0.0,29.1,59.0,61.0,0.0,0.0,0.0,0.0,0.0,0.0,0.0,0.0
J141209.95+752217.4,213.0414394035507,75.3715209560351,1.18,QW,,QSO,0.731,0.351,59887.7,36.9,165.4,37.64,54.17,26.0,26.18,209.2,3.23,3.46,1.0,1.0,26.9,14.0,20.0,0.0,0.0,0.0,0.0,0.0,0.0,0.0,0.0
J141915.69+785323.7,214.8153621857184,78.88992171720257,0.401,QW,,Blazar,0.594,0.183,59812.2,7.7,16.9,21.74,41.86,106.69,165.23,168.2,7.28,7.47,0.0,1.0,140.4,5.0,5.0,0.0,0.0,0.0,0.0,0.0,0.0,0.0,0.0
J122655.48+772852.2,186.7311625131701,77.48117421237157,1.196,QW,,,,,58991.3,263.6,514.7,25.39,39.96,14.41,16.3,151.2,4.28,4.2,0.0,0.0,18.9,92.0,104.0,0.0,0.0,0.0,0.0,0.0,0.0,0.0,0.0
J123722.33+802823.2,189.34304279465616,80.47312525470649,1.029,QW,,QSO,0.605,0.032,59351.0,657.3,389.2,56.76,77.7,49.53,59.85,151.2,3.1,3.32,0.0,0.0,16.8,111.0,130.0,0.0,0.0,0.0,0.0,0.0,0.0,0.0,0.0
J151723.07+800654.5,229.3461381475369,80.11513773924412,0.995,QW,,QSO,0.551,0.045,59882.9,168.6,168.5,38.28,50.74,41.39,44.72,113.3,3.46,3.85,0.0,0.0,25.3,40.0,39.0,0.0,0.0,0.0,0.0,0.0,0.0,0.0,0.0
J151032.73+800005.3,227.63638836394924,80.0014789042162,0.724,QW,,Blazar,0.799,0.063,58915.0,20.4,4.6,25.0,39.48,126.41,205.35,136.3,8.08,10.08,1.0,0.0,254.5,2.0,2.0,0.0,0.0,0.0,0.0,0.0,0.0,0.0,0.0
J153654.40+824653.8,234.22667491157583,82.78163288296768,1.513,QW,,QSO,0.7,0.2,59273.7,1.0,0.7,38.74,54.76,82.47,63.89,148.4,3.65,3.0,0.0,1.0,27.1,1.0,1.0,0.0,0.0,0.0,0.0,0.0,0.0,0.0,0.0
J211019.70+040417.8,317.5820915010377,4.07161149563676,0.642,Q,,SLSN,0.07,0.524,59007.8,207.9,31.6,25.56,43.46,61.79,84.41,173.4,4.84,5.31,0.0,0.0,57.5,22.0,56.0,0.0,0.0,0.0,0.0,0.0,0.0,0.0,0.0
J204917.93+052226.5,312.32470465236463,5.374046829492662,0.917,QW,,AGN,0.546,0.051,58773.3,326.0,74.0,25.03,36.01,23.15,37.09,218.3,3.31,4.38,0.0,0.0,31.6,37.0,48.0,0.0,0.0,0.0,0.0,0.0,0.0,0.0,0.0
J204935.76+064714.9,312.399005078716,6.787496847697451,1.638,Q,,,,,60360.3,102.4,169.7,14.71,21.39,15.07,14.35,218.3,3.64,3.05,0.0,1.0,32.7,22.0,24.0,0.0,0.0,0.0,0.0,0.0,0.0,0.0,0.0
J212043.21+120217.1,320.1800559172824,12.038086410424375,0.989,Q,,SNIa,0.048,0.281,59355.5,49.1,2.2,29.27,34.91,27.63,22.44,175.3,5.29,4.27,0.0,1.0,124.5,15.0,13.0,0.0,0.0,0.0,0.0,0.0,0.0,0.0,0.0
J212017.13+125847.1,320.0713631869856,12.979771121050463,1.942,Q,,,,,59273.0,235.1,710.9,23.38,32.68,10.47,14.24,175.3,3.55,2.57,1.0,0.0,13.6,135.0,166.0,0.0,0.0,0.0,0.0,0.0,0.0,0.0,0.0
J205315.01+091214.0,313.31254525327165,9.203896842210792,2.352,Q,,SLSN,0.197,0.059,59824.7,17.2,23.5,36.63,36.8,65.52,66.06,162.4,6.07,6.6,0.0,0.0,226.8,10.0,9.0,0.0,0.0,0.0,0.0,0.0,0.0,0.0,0.0
J201920.00+093209.9,304.83335020138225,9.536091819318017,1.749,QW,,QSO,0.13,0.048,58397.1,258.2,165.1,133.08,169.04,49.97,53.23,138.4,3.75,3.41,0.0,0.0,10.8,43.0,60.0,0.0,0.0,0.0,0.0,0.0,0.0,0.0,0.0
J210352.65+113617.5,315.9693773336374,11.604868662726297,1.16,QW,,,,,58266.2,1.7,0.3,22.76,30.39,11.31,21.88,207.3,3.81,5.29,0.0,0.0,13.4,1.0,1.0,0.0,0.0,0.0,0.0,0.0,0.0,0.0,0.0
J215954.03+171256.3,329.9751046635194,17.215662280928086,1.621,QW,,QSO,0.19,0.012,59090.4,354.6,177.0,33.67,40.11,50.55,41.14,162.3,2.8,3.26,0.0,0.0,33.6,100.0,111.0,0.0,0.0,0.0,0.0,0.0,0.0,0.0,0.0
J221109.41+191139.8,332.7892060960398,19.19438980856073,0.368,QW,,AGN,0.469,0.143,59300.9,24.6,277.4,27.35,54.2,20.35,23.93,170.3,3.13,3.38,0.0,0.0,16.6,56.0,67.0,0.0,0.0,0.0,0.0,0.0,0.0,0.0,0.0
J215502.79+203441.7,328.7616452506193,20.578249464294064,0.96,QW,,Blazar,0.364,0.036,58799.8,131.2,70.8,11.69,20.59,24.5,37.18,235.4,5.15,5.14,0.0,0.0,29.9,17.0,22.0,0.0,0.0,0.0,0.0,0.0,0.0,0.0,0.0
J212610.90+211306.2,321.5454314114056,21.21839538706271,0.913,QW,,QSO,0.628,0.115,59386.7,231.2,70.5,34.49,44.45,20.93,31.01,146.2,5.16,3.68,0.0,0.0,25.6,66.0,65.0,0.0,0.0,0.0,0.0,0.0,0.0,0.0,0.0
J214351.06+200026.4,325.9627550620183,20.00733298550093,1.551,Q,,,,,58823.8,304.4,570.9,13.56,18.9,9.71,10.81,198.3,4.0,4.23,1.0,0.0,17.5,104.0,127.0,0.0,0.0,0.0,0.0,0.0,0.0,0.0,0.0
J201238.61+110309.2,303.1608954182661,11.052575338545015,1.531,Q,,AGN,0.475,0.128,59255.8,485.2,367.4,20.96,34.8,23.67,24.12,177.3,3.99,3.46,0.0,1.0,139.8,113.0,132.0,0.0,0.0,0.0,0.0,0.0,0.0,0.0,0.0
J202812.28+131158.9,307.0511620597734,13.199697174416553,0.971,QW,,,,,59288.5,61.6,123.9,28.45,43.42,19.75,22.74,147.4,3.69,6.13,0.0,2.0,75.7,12.0,24.0,0.0,0.0,0.0,0.0,0.0,0.0,0.0,0.0
J202602.83+144951.5,306.51181057411867,14.8309885583775,1.618,Q,,QSO,0.033,0.261,59540.2,482.9,403.7,70.88,92.12,42.48,41.73,146.3,3.43,5.05,0.0,0.0,44.3,120.0,147.0,0.0,0.0,0.0,0.0,0.0,0.0,0.0,0.0
J203054.09+191021.3,307.7253693556061,19.172587728902457,0.861,Q,,,,,59501.2,156.0,79.7,24.48,27.41,11.34,14.98,185.3,3.05,3.29,1.0,0.0,22.6,12.0,16.0,0.0,0.0,0.0,0.0,0.0,0.0,0.0,0.0
J210530.86+231859.8,316.3785721485913,23.31662713837162,0.599,QW,,,,,60458.4,109.6,294.6,14.99,18.14,14.38,8.95,185.3,3.26,4.37,1.0,1.0,127.8,62.0,63.0,0.0,0.0,0.0,0.0,0.0,0.0,0.0,0.0
J212658.96+275819.4,321.745673285554,27.972075956486822,0.875,Q,,QSO,0.135,0.15,59122.2,186.8,234.1,22.8,28.27,20.46,23.8,295.1,3.34,5.19,1.0,1.0,29.1,26.0,37.0,0.0,0.0,0.0,0.0,0.0,0.0,0.0,0.0
J225746.46+330809.1,344.44358564130954,33.13588058150774,0.971,Q,,AGN,0.384,0.491,58443.0,0.0,6.9,84.83,112.05,26.61,53.22,161.2,3.21,3.91,0.0,0.0,21.1,1.0,1.0,0.0,0.0,0.0,0.0,0.0,0.0,0.0,0.0
J221321.53+340542.7,333.33972289863084,34.09519792797171,0.4,QW,,SLSN,0.075,0.106,60186.8,175.0,207.3,22.06,42.3,27.37,25.5,160.3,4.13,3.83,0.0,0.0,50.2,51.0,61.0,0.0,0.0,0.0,0.0,0.0,0.0,0.0,0.0
J223316.31+343044.6,338.3179594700777,34.512410768691176,1.01,QW,,,,,59182.7,174.8,49.9,27.83,39.12,14.44,14.4,170.3,3.75,3.44,2.0,0.0,40.3,27.0,39.0,0.0,0.0,0.0,0.0,0.0,0.0,0.0,0.0
J221639.95+375702.3,334.1664400765594,37.95065599073012,1.059,Q,,bogus,0.515,2.646,58582.5,0.0,247.8,15.86,39.84,20.43,28.1,200.3,8.09,9.87,0.0,1.0,145.3,24.0,28.0,0.0,0.0,0.0,0.0,0.0,0.0,0.0,0.0
J231523.97+420317.8,348.8498924505401,42.0549550126033,0.39,Q,,AGN,0.101,0.077,58453.7,585.1,176.2,28.58,61.84,45.8,56.55,187.2,3.52,3.29,0.0,0.0,55.6,128.0,144.0,0.0,0.0,0.0,0.0,0.0,0.0,0.0,0.0
J234436.75+485021.5,356.15313241806194,48.839328310421706,0.821,Q,,QSO,0.52,0.127,58711.1,237.9,169.5,34.39,53.15,23.91,35.29,187.2,3.22,2.96,1.0,0.0,23.4,68.0,76.0,0.0,0.0,0.0,0.0,0.0,0.0,0.0,0.0
J222348.86+412643.0,335.9535967320633,41.445288910078006,0.875,Q,,SNII,0.011,0.11,60272.0,254.0,78.0,28.89,41.52,28.43,37.36,192.3,3.71,4.28,0.0,0.0,90.5,38.0,43.0,0.0,0.0,0.0,0.0,0.0,0.0,0.0,0.0
J193959.29+412540.4,294.9970579808846,41.42790184754913,1.013,Q,,Blazar,0.129,0.017,58709.3,229.6,280.2,93.5,149.02,77.53,89.38,92.8,3.38,3.1,0.0,0.0,72.7,64.0,71.0,0.0,0.0,0.0,0.0,0.0,0.0,0.0,0.0
J194446.23+465731.4,296.19260480076014,46.95874744260886,0.721,Q,,QSO,0.085,0.123,58796.0,641.8,51.0,29.05,30.8,51.96,54.13,136.3,3.21,3.13,0.0,0.0,54.4,127.0,120.0,0.0,0.0,0.0,0.0,0.0,0.0,0.0,0.0
J200216.98+500415.7,300.5707502098431,50.07104870000602,1.296,Q,,bogus,0.16,0.253,59715.5,19.2,2.4,20.41,36.5,14.48,23.53,144.3,4.77,5.41,0.0,0.0,39.9,6.0,5.0,0.0,0.0,0.0,0.0,0.0,0.0,0.0,0.0
J185141.20+340655.0,282.9216470960127,34.11529712852828,0.889,Q,,Blazar,0.426,0.017,58693.6,26.7,7.7,23.2,36.65,63.21,95.13,153.4,5.0,5.2,0.0,0.0,39.0,11.0,11.0,0.0,0.0,0.0,0.0,0.0,0.0,0.0,0.0
J183526.27+353946.3,278.8594578701281,35.66288286684099,1.963,QW,,,,,58885.4,57.2,224.3,46.25,51.87,20.31,17.9,114.4,3.78,3.71,0.0,0.0,15.2,54.0,43.0,0.0,0.0,0.0,0.0,0.0,0.0,0.0,0.0
J183420.97+363130.4,278.5873736401869,36.52511315925938,0.796,QW,,Blazar,0.235,0.053,58561.5,3.6,0.1,31.24,37.48,45.37,27.01,148.3,4.14,2.07,2.0,0.0,67.1,1.0,1.0,0.0,0.0,0.0,0.0,0.0,0.0,0.0,0.0
J190643.81+362842.3,286.68253791108987,36.4784243715971,0.748,QW,,,,,58563.3,111.3,185.4,13.39,16.6,20.2,17.67,153.3,3.98,3.56,1.0,1.0,20.9,38.0,40.0,0.0,0.0,0.0,0.0,0.0,0.0,0.0,0.0
J190315.14+370632.4,285.8130784799906,37.10900525573335,0.962,QW,,,,,58883.5,60.0,419.6,17.1,20.89,14.72,17.65,177.3,3.21,3.91,1.0,0.0,52.8,48.0,57.0,0.0,0.0,0.0,0.0,0.0,0.0,0.0,0.0
J190141.81+383152.7,285.4241975177159,38.5313209375338,0.907,Q,,,,,59236.4,225.5,522.1,17.26,21.36,23.77,25.3,325.0,3.16,3.28,0.0,0.0,38.0,63.0,71.0,0.0,0.0,0.0,0.0,0.0,0.0,0.0,0.0
J191148.09+420437.0,287.95036433376777,42.07694593660254,0.266,Q,,Blazar,0.195,0.01,58970.0,81.7,82.5,45.6,88.86,61.88,61.43,117.3,4.04,4.14,0.0,0.0,31.5,34.0,31.0,0.0,0.0,0.0,0.0,0.0,0.0,0.0,0.0
J182346.89+440452.7,275.945378720018,44.08132836387743,0.651,Q,,Blazar,0.207,0.031,59874.2,120.7,20.0,13.94,19.68,25.95,35.54,252.2,5.08,5.32,1.0,0.0,28.8,10.0,14.0,0.0,0.0,0.0,0.0,0.0,0.0,0.0,0.0
J181356.20+444030.8,273.4841576207792,44.67524761696105,1.122,Q,,,,,58558.1,6.7,237.2,22.85,39.07,11.83,16.86,108.8,5.27,7.72,1.0,0.0,135.0,26.0,30.0,0.0,0.0,0.0,0.0,0.0,0.0,0.0,0.0
J184426.80+450625.9,281.1116546055481,45.1071952835706,1.657,QW,,,,,59276.5,0.1,14.2,42.15,43.15,25.51,14.09,107.0,7.11,5.09,0.0,0.0,30.7,4.0,3.0,0.0,0.0,0.0,0.0,0.0,0.0,0.0,0.0
J182304.04+514657.7,275.7668355167978,51.78271452160924,1.162,Q,,QSO,0.043,0.126,58272.4,562.9,52.4,13.54,17.66,14.72,18.66,151.4,3.71,3.42,0.0,0.0,11.9,120.0,129.0,0.0,0.0,0.0,0.0,0.0,0.0,0.0,0.0
J190327.03+463242.5,285.86264045876754,46.545163818753785,1.214,Q,,QSO,0.493,0.338,59307.5,0.6,4.2,60.26,85.59,40.74,22.95,105.4,4.03,3.81,1.0,0.0,26.2,1.0,1.0,0.0,0.0,0.0,0.0,0.0,0.0,0.0,0.0
J185522.52+502855.1,283.84381597797534,50.481980638715726,1.174,Q,,QSO,0.748,0.179,60603.3,0.0,2.0,64.2,83.53,33.8,39.5,117.3,3.12,3.32,0.0,0.0,50.1,1.0,1.0,0.0,0.0,0.0,0.0,0.0,0.0,0.0,0.0
J191240.06+492746.4,288.16692262120586,49.46291008414731,1.453,QW,,,,,58895.5,84.8,396.5,17.83,27.09,10.51,10.29,142.3,3.9,4.27,0.0,0.0,16.5,66.0,70.0,0.0,0.0,0.0,0.0,0.0,0.0,0.0,0.0
J193833.03+533908.4,294.6376126492736,53.65233580647873,0.556,QW,,AGN,0.366,0.208,58603.0,618.6,198.4,230.24,228.36,113.95,108.67,92.4,3.56,2.39,0.0,0.0,49.8,149.0,150.0,0.0,0.0,0.0,0.0,0.0,0.0,0.0,0.0
J193247.75+550927.1,293.198975907366,55.1575487293613,0.477,QW,,AGN,0.083,0.151,58832.4,0.0,12.8,42.48,53.49,28.01,34.24,107.3,2.95,3.37,1.0,0.0,25.7,1.0,1.0,0.0,0.0,0.0,0.0,0.0,0.0,0.0,0.0
J181645.00+583018.6,274.18750100228283,58.50517837969799,1.032,QW,,,,,59543.1,0.0,7.8,34.65,44.39,49.91,21.63,91.4,8.41,5.53,1.0,0.0,38.9,1.0,1.0,0.0,0.0,0.0,0.0,0.0,0.0,0.0,0.0
J190047.63+611812.3,285.1984683053112,61.30341946380525,2.187,Q,,,,,58538.5,89.3,239.5,21.2,22.12,18.36,16.93,126.3,3.49,3.65,0.0,0.0,23.5,41.0,49.0,0.0,0.0,0.0,0.0,0.0,0.0,0.0,0.0
J184723.62+615302.8,281.8484180054939,61.884114612852166,1.143,Q,,,,,58963.3,606.3,26.3,14.98,20.81,6.87,10.45,206.3,3.86,4.97,2.0,0.0,30.8,87.0,108.0,0.0,0.0,0.0,0.0,0.0,0.0,0.0,0.0
J183238.31+605515.0,278.1596190016472,60.92084114614609,0.711,Q,,AGN,0.012,0.12,59301.1,85.1,97.8,25.91,29.31,37.24,35.13,116.4,3.38,3.42,0.0,0.0,22.4,36.0,35.0,0.0,0.0,0.0,0.0,0.0,0.0,0.0,0.0
J193959.26+583204.0,294.9969033818725,58.5344605009952,0.383,QW,,AGN,0.663,0.069,58583.8,233.4,191.9,22.23,65.94,29.8,28.25,91.3,5.37,3.53,0.0,1.0,37.9,85.0,89.0,0.0,0.0,0.0,0.0,0.0,0.0,0.0,0.0
J191927.89+615909.7,289.86621705832613,61.98605149409555,2.03,QW,,,,,58685.3,277.3,376.5,20.54,22.23,13.18,22.24,115.4,5.3,3.34,1.0,1.0,152.3,96.0,101.0,0.0,0.0,0.0,0.0,0.0,0.0,0.0,0.0
J184209.21+641201.1,280.5383871419628,64.2003214230627,0.896,Q,,,,,58425.1,111.7,155.4,11.07,13.83,13.42,14.71,175.3,4.66,3.28,1.0,1.0,11.7,44.0,47.0,0.0,0.0,0.0,0.0,0.0,0.0,0.0,0.0
J185050.14+654719.7,282.7088966287301,65.78881943890639,0.937,Q,,,,,58833.1,198.3,570.5,18.98,26.65,16.31,14.79,124.3,3.64,3.5,0.0,1.0,21.8,142.0,145.0,0.0,0.0,0.0,0.0,0.0,0.0,0.0,0.0
J183143.66+725429.0,277.93191136565025,72.90807770650099,0.599,QW,,QSO,0.043,0.025,59538.4,2.3,1.9,45.82,54.65,33.62,31.3,106.0,3.67,2.49,0.0,1.0,17.7,2.0,2.0,0.0,0.0,0.0,0.0,0.0,0.0,0.0,0.0
J185820.37+731713.2,284.58486894779645,73.28700093858542,0.78,QW,,,,,58546.1,71.7,60.0,16.83,31.83,26.42,41.24,160.1,4.85,5.55,1.0,1.0,21.0,8.0,11.0,0.0,0.0,0.0,0.0,0.0,0.0,0.0,0.0
J184225.66+761050.5,280.606922323646,76.18071326643246,0.551,QW,,Blazar,0.516,0.074,58399.0,113.8,1.3,38.86,77.95,81.61,111.19,97.9,4.85,5.4,1.0,1.0,46.2,10.0,7.0,0.0,0.0,0.0,0.0,0.0,0.0,0.0,0.0
J234048.98+780719.8,355.20409629394885,78.12217737415239,0.997,QW,,QSO,0.472,0.204,58878.0,1.8,0.0,37.01,54.15,34.76,27.39,125.3,3.89,3.0,1.0,0.0,34.6,1.0,1.0,0.0,0.0,0.0,0.0,0.0,0.0,0.0,0.0
J195432.96+754352.9,298.637323802601,75.73137199277254,0.444,QW,,QSO,0.521,0.176,60218.1,158.1,25.6,133.07,157.32,69.15,66.74,88.4,4.32,4.24,0.0,0.0,29.6,21.0,21.0,0.0,0.0,0.0,0.0,0.0,0.0,0.0,0.0
J193430.15+760259.5,293.6256099703257,76.04987076597038,0.877,QW,,SN,0.172,0.055,58801.2,123.0,121.2,13.43,22.23,15.76,20.99,145.2,3.48,4.48,0.0,1.0,26.2,39.0,47.0,0.0,0.0,0.0,0.0,0.0,0.0,0.0,0.0
J191031.00+762424.1,287.6291687975582,76.4067100479525,1.306,QW,,QSO,0.109,0.113,59540.2,123.9,46.5,37.63,40.34,45.39,42.82,81.4,5.62,6.3,0.0,0.0,108.5,17.0,18.0,0.0,0.0,0.0,0.0,0.0,0.0,0.0,0.0
J180740.04+780502.4,271.9168474184545,78.0840196948353,0.936,QW,,Blazar,0.577,0.146,58360.6,4.1,3.1,25.6,35.14,38.39,45.3,106.0,5.79,6.31,0.0,0.0,183.0,2.0,2.0,0.0,0.0,0.0,0.0,0.0,0.0,0.0,0.0
J192959.06+785116.7,292.4961016118297,78.85463955509896,0.466,QW,,Blazar,0.27,0.06,58340.3,87.1,114.5,30.08,65.99,46.26,62.84,211.2,2.73,3.32,0.0,0.0,25.8,37.0,48.0,0.0,0.0,0.0,0.0,0.0,0.0,0.0,0.0
J204047.09+803624.2,310.1962033521563,80.60674582528489,0.305,Q,,AGN,0.088,0.282,59151.9,432.0,12.2,26.0,62.63,38.39,39.56,103.3,3.1,3.66,1.0,0.0,16.9,79.0,89.0,0.0,0.0,0.0,0.0,0.0,0.0,0.0,0.0
J220636.87+825405.2,331.65361593126795,82.90146626516632,0.965,QW,,,,,58802.9,237.6,49.3,29.61,37.93,9.32,11.32,199.1,2.91,3.65,1.0,1.0,13.8,36.0,41.0,0.0,0.0,0.0,0.0,0.0,0.0,0.0,0.0
J192756.08+824515.2,291.9836753647078,82.75424260745756,1.492,Q,,QSO,0.251,0.563,59183.2,0.0,1.7,110.21,188.28,34.72,47.53,137.2,3.1,2.71,1.0,1.0,20.5,1.0,1.0,0.0,0.0,0.0,0.0,0.0,0.0,0.0,0.0
J233853.40-255832.4,354.7225010068495,-25.97569141871565,1.113,QW,,QSO,0.387,0.199,59081.7,288.7,390.7,70.48,99.01,57.67,52.79,284.2,3.1,2.86,0.0,0.0,22.1,34.0,44.0,0.0,0.0,0.0,0.0,0.0,0.0,0.0,0.0
J001014.64-215725.6,2.560990998701145,-21.95712034679245,1.404,Q,,,,,58387.3,1.5,0.4,31.98,31.16,25.64,28.04,275.8,3.6,3.96,0.0,0.0,22.7,1.0,1.0,0.0,0.0,0.0,0.0,0.0,0.0,0.0,0.0
J004146.49-252744.2,10.44371368247393,-25.462293930439635,1.21,QW,,QSO,0.422,0.553,59739.1,185.3,264.7,99.18,128.02,62.31,67.22,257.3,3.37,2.81,0.0,0.0,19.2,44.0,32.0,0.0,0.0,0.0,0.0,0.0,0.0,0.0,0.0
J010315.66-210940.5,15.815263022224142,-21.161257912770665,0.607,QW,,QSO,0.46,0.035,58434.3,33.0,85.4,95.3,96.95,36.57,34.6,262.2,3.28,3.33,0.0,0.0,14.9,17.0,18.0,0.0,0.0,0.0,0.0,0.0,0.0,0.0,0.0
J000507.59-184020.5,1.2816345338169628,-18.67237226097347,0.914,QW,,CV/Nova,0.082,0.175,59731.9,360.9,426.1,111.35,110.57,92.65,87.91,281.0,3.52,2.12,0.0,1.0,53.8,70.0,54.0,0.0,0.0,0.0,0.0,0.0,0.0,0.0,0.0
J004919.88-174647.3,12.33282942621774,-17.779819239374937,1.572,Q,,,,,58492.4,0.9,92.3,27.51,48.95,60.19,32.28,336.1,4.68,3.26,0.0,0.0,25.6,9.0,9.0,0.0,0.0,0.0,0.0,0.0,0.0,0.0,0.0
J004434.55-163525.4,11.143955215529706,-16.59041263357566,0.863,QW,,QSO,0.065,0.136,58572.3,137.4,214.7,20.44,15.14,31.23,40.18,406.0,3.58,3.32,0.0,0.0,11.2,27.0,23.0,0.0,0.0,0.0,0.0,0.0,0.0,0.0,0.0
J234834.98-181144.0,357.145770489261,-18.19555849294406,1.994,QW,,QSO,0.262,0.145,58472.2,256.4,164.0,194.75,212.54,85.46,76.76,289.1,3.59,2.71,0.0,0.0,26.2,40.0,45.0,0.0,0.0,0.0,0.0,0.0,0.0,0.0,0.0
J225351.63-215909.1,343.46510931151374,-21.98586444190315,1.279,QW,,,,,59190.0,0.0,8.9,33.16,46.81,50.59,31.6,286.2,3.94,2.4,0.0,0.0,19.4,1.0,1.0,0.0,0.0,0.0,0.0,0.0,0.0,0.0,0.0
J224117.11-213233.5,340.3212820328679,-21.542640259141024,1.302,QW,,AGN,0.645,0.313,59505.2,139.2,442.8,42.42,57.44,29.86,28.52,263.2,3.44,3.08,0.0,1.0,14.3,38.0,41.0,0.0,0.0,0.0,0.0,0.0,0.0,0.0,0.0
J223548.18-202232.9,338.9507428770314,-20.37581397399121,1.164,Q,,asteroid,0.547,0.398,60032.8,184.3,84.7,38.17,46.22,23.2,26.5,257.2,2.99,3.41,1.0,0.0,18.5,19.0,23.0,0.0,0.0,0.0,0.0,0.0,0.0,0.0,0.0
J232334.49-132201.3,350.89370448278913,-13.367048068116208,0.986,QW,,QSO,0.299,0.101,58934.7,142.3,284.8,156.74,196.1,62.75,58.07,205.3,3.58,3.74,0.0,0.0,12.5,44.0,57.0,0.0,0.0,0.0,0.0,0.0,0.0,0.0,0.0
J225957.25-155333.3,344.9885603746315,-15.89260365371985,0.905,Q,,Blazar,0.674,0.146,60135.4,0.3,5.7,136.61,198.58,170.08,402.93,213.7,3.97,4.38,0.0,0.0,26.7,1.0,1.0,0.0,0.0,0.0,0.0,0.0,0.0,0.0,0.0
J231617.18-135514.5,349.0715755102084,-13.920705795543965,0.301,QW,,AGN,0.007,0.139,60182.1,96.5,119.5,86.79,132.78,191.41,159.14,230.2,3.13,3.69,0.0,0.0,42.0,35.0,22.0,0.0,0.0,0.0,0.0,0.0,0.0,0.0,0.0
J235103.18-152252.4,357.7632473477764,-15.38122642361332,3.334,QW,,AGN,0.564,0.266,59444.8,353.6,215.1,68.24,111.43,15.97,27.05,217.3,3.28,2.73,0.0,1.0,22.7,34.0,35.0,0.0,0.0,0.0,0.0,0.0,0.0,0.0,0.0
J235705.18-062334.5,359.27159440656106,-6.392915435742626,0.318,QW,,AGN,0.631,0.261,59195.1,101.5,454.2,53.18,92.97,27.05,28.77,212.3,3.29,3.02,0.0,0.0,65.6,59.0,67.0,0.0,0.0,0.0,0.0,0.0,0.0,0.0,0.0
J013012.54-144446.4,22.55225106186432,-14.746245116552096,0.374,QW,,AGN,0.385,0.025,58333.4,0.0,3.8,76.62,103.94,44.5,62.99,248.3,2.86,3.55,1.0,0.0,15.9,1.0,1.0,0.0,0.0,0.0,0.0,0.0,0.0,0.0,0.0
J013236.07-094419.7,23.15027385761704,-9.738823331679608,0.927,Q,,YSO,0.005,0.098,59154.4,2.4,10.2,30.99,41.52,99.03,107.28,297.0,4.2,3.3,0.0,0.0,15.0,2.0,4.0,0.0,0.0,0.0,0.0,0.0,0.0,0.0,0.0
J013453.60-072401.9,23.723328289323977,-7.400549928660522,1.155,QW,,AGN,0.731,0.163,58998.3,478.5,497.9,17.82,27.02,30.58,37.04,246.2,3.45,2.77,0.0,0.0,27.5,77.0,84.0,0.0,0.0,0.0,0.0,0.0,0.0,0.0,0.0
J012121.71-071705.1,20.340471404039704,-7.28475563618605,1.126,QW,,QSO,0.288,0.243,59869.9,135.0,63.0,100.76,122.25,54.05,49.45,256.2,3.03,4.32,0.0,0.0,22.8,29.0,12.0,0.0,0.0,0.0,0.0,0.0,0.0,0.0,0.0
J024345.84+032001.7,40.941018945336,3.3338214396255164,0.85,QW,,Blazar,0.52,0.318,59067.3,91.1,9.2,25.1,38.36,43.71,54.29,256.3,3.64,4.35,0.0,0.0,42.1,25.0,30.0,0.0,0.0,0.0,0.0,0.0,0.0,0.0,0.0
J021600.46+030011.9,34.00191528743131,3.003307448073984,0.913,QW,,Blazar,0.812,0.308,59251.8,2.5,3.3,93.76,135.9,145.41,178.76,169.4,5.24,5.39,0.0,0.0,72.4,2.0,2.0,0.0,0.0,0.0,0.0,0.0,0.0,0.0,0.0
J011043.98+041313.0,17.683238686456956,4.220293138495419,0.758,Q,,CV/Nova,0.042,0.036,59531.0,6.4,8.2,30.22,47.15,57.79,80.24,207.2,3.24,2.96,1.0,0.0,18.4,4.0,3.0,0.0,0.0,0.0,0.0,0.0,0.0,0.0,0.0
J012536.17+182714.2,21.40071928120479,18.453959016858622,0.399,Q,,AGN,0.638,0.061,58766.4,15.5,119.8,32.59,61.02,21.44,24.97,170.3,3.39,3.68,0.0,1.0,19.5,33.0,37.0,0.0,0.0,0.0,0.0,0.0,0.0,0.0,0.0
J221821.44-132648.8,334.5893151293694,-13.44689075253646,0.509,QW,,AGN,0.08,0.145,59418.4,314.5,180.6,25.35,35.49,26.25,23.73,217.4,3.4,4.13,0.0,0.0,15.0,37.0,47.0,0.0,0.0,0.0,0.0,0.0,0.0,0.0,0.0
J225144.38-093042.0,342.93491754544624,-9.511679086332814,1.247,QW,,,,,59386.4,643.2,314.5,24.33,34.73,14.12,15.17,219.4,3.92,4.55,0.0,1.0,20.4,89.0,105.0,0.0,0.0,0.0,0.0,0.0,0.0,0.0,0.0
J214800.60-092425.5,327.0025037601082,-9.407087292406787,0.976,QW,,QSO,0.425,0.135,58702.8,327.7,260.2,136.62,152.92,56.42,50.49,192.3,3.96,3.17,0.0,0.0,17.9,37.0,38.0,0.0,0.0,0.0,0.0,0.0,0.0,0.0,0.0
J222330.44-021806.1,335.8768404567504,-2.3017086033857703,1.549,Q,,,,,58498.1,102.3,170.7,111.31,143.85,46.66,59.62,181.2,5.49,7.05,2.0,0.0,84.0,23.0,27.0,0.0,0.0,0.0,0.0,0.0,0.0,0.0,0.0
J231556.40-062725.4,348.98498098017586,-6.457068825949609,1.121,Q,,QSO,0.223,0.131,59862.3,280.7,234.9,67.86,103.13,69.53,69.07,205.3,3.51,2.56,0.0,0.0,13.0,49.0,52.0,0.0,0.0,0.0,0.0,0.0,0.0,0.0,0.0
J232713.97-061416.5,351.8081994137733,-6.237935216025299,0.429,QW,,AGN,0.145,0.126,60251.7,31.1,1.3,55.29,84.39,33.69,25.15,209.3,7.19,4.46,1.0,1.0,83.9,4.0,4.0,0.0,0.0,0.0,0.0,0.0,0.0,0.0,0.0
J215602.59-021853.9,329.0107873473531,-2.3149883732945784,0.806,Q,,CV/Nova,0.056,0.1,59200.1,47.1,264.0,21.84,37.79,31.04,51.99,208.3,3.34,3.84,0.0,0.0,42.9,49.0,53.0,0.0,0.0,0.0,0.0,0.0,0.0,0.0,0.0
J212030.60-013840.4,320.12750937807226,-1.644559082595245,0.483,Q,,Blazar,0.321,0.014,58307.1,4.8,14.4,45.69,94.29,39.57,46.07,230.3,4.98,5.45,0.0,0.0,91.5,5.0,4.0,0.0,0.0,0.0,0.0,0.0,0.0,0.0,0.0
J230625.15+093912.5,346.6047741058003,9.653474095936929,1.078,QW,,Blazar,0.553,0.026,59400.4,270.9,159.0,22.45,34.86,36.08,51.25,194.3,3.07,4.12,0.0,0.0,13.5,37.0,47.0,0.0,0.0,0.0,0.0,0.0,0.0,0.0,0.0
J221428.50+061944.8,333.6187656264809,6.329114123135565,0.622,QW,,QSO,0.516,0.101,58805.8,247.5,470.4,25.99,28.06,26.7,26.43,176.3,2.97,3.6,0.0,0.0,19.1,70.0,78.0,0.0,0.0,0.0,0.0,0.0,0.0,0.0,0.0
J222733.11+110733.6,336.88795935983046,11.126016551453096,0.258,QW,,AGN,0.168,0.05,58498.1,68.5,120.9,95.09,174.93,56.56,65.78,182.3,4.2,4.92,0.0,1.0,35.9,13.0,17.0,0.0,0.0,0.0,0.0,0.0,0.0,0.0,0.0
J223951.38+130843.5,339.9640886162829,13.145420255147451,0.416,QW,,AGN,0.413,0.091,59930.2,117.8,37.2,39.28,68.47,34.02,34.5,203.2,5.21,5.82,0.0,0.0,80.6,10.0,13.0,0.0,0.0,0.0,0.0,0.0,0.0,0.0,0.0
J223907.39+165545.1,339.78079413799446,16.92921558130922,1.24,QW,,QSO,0.758,0.076,58591.5,251.5,287.0,42.75,54.19,19.15,27.35,197.3,3.08,5.45,2.0,0.0,14.1,41.0,60.0,0.0,0.0,0.0,0.0,0.0,0.0,0.0,0.0
J222408.99+172823.5,336.03747181293465,17.47319682892589,1.083,Q,,,,,59297.9,208.3,122.1,22.42,30.86,19.74,16.94,165.3,4.28,3.96,0.0,1.0,19.8,67.0,77.0,0.0,0.0,0.0,0.0,0.0,0.0,0.0,0.0
J005144.57+163758.2,12.935692970660682,16.632853218979637,1.451,QW,,Blazar,0.137,0.115,58474.1,0.0,7.8,51.62,65.89,26.36,41.85,207.2,2.94,3.87,0.0,1.0,17.7,1.0,1.0,0.0,0.0,0.0,0.0,0.0,0.0,0.0,0.0
J005448.34+203909.2,13.701417073947754,20.652567138304608,0.439,Q,,AGN,0.699,0.093,58503.2,216.1,124.0,75.83,136.71,28.56,31.07,146.3,3.94,3.19,0.0,0.0,16.7,30.0,30.0,0.0,0.0,0.0,0.0,0.0,0.0,0.0,0.0
J232750.78+153723.1,351.96156261213474,15.623094830439962,0.479,QW,,,,,60000.4,171.6,65.5,45.37,60.63,25.16,26.95,198.2,3.82,5.68,1.0,0.0,14.2,13.0,26.0,0.0,0.0,0.0,0.0,0.0,0.0,0.0,0.0
J225206.09+225228.6,343.0253908407373,22.87463064055705,0.236,QW,,AGN,0.555,0.109,58931.7,109.7,37.7,205.67,276.15,235.25,220.39,187.2,4.36,4.35,0.0,0.0,66.5,10.0,13.0,0.0,0.0,0.0,0.0,0.0,0.0,0.0,0.0
J232734.05+242814.5,351.8918560910235,24.470705022522964,0.361,Q,,AGN,0.257,0.086,59694.0,217.7,346.2,19.49,49.5,31.19,34.33,187.2,4.57,4.57,0.0,0.0,12.6,102.0,113.0,0.0,0.0,0.0,0.0,0.0,0.0,0.0,0.0
J231740.23+283955.7,349.4176071476144,28.665494139523016,0.484,Q,,Blazar,0.404,0.131,58682.7,6.4,64.2,31.03,57.65,28.2,52.25,165.7,4.01,4.42,0.0,1.0,13.4,18.0,18.0,0.0,0.0,0.0,0.0,0.0,0.0,0.0,0.0
J235501.88+381448.0,358.7578247581546,38.24667267769762,1.339,QW,,QSO,0.772,0.03,59684.1,118.7,286.0,30.6,38.05,24.15,29.46,191.3,3.01,4.55,0.0,1.0,28.4,47.0,56.0,0.0,0.0,0.0,0.0,0.0,0.0,0.0,0.0
J064024.70-231157.8,100.10290143973738,-23.19939264180245,0.848,Q,,AGN,0.182,0.048,59960.7,62.9,157.5,268.06,338.11,244.87,266.62,265.2,3.16,3.08,0.0,0.0,78.0,15.0,16.0,0.0,0.0,0.0,0.0,0.0,0.0,0.0,0.0
J063136.72-215946.5,97.90301692011536,-21.99625015916238,3.188,QW,,AGN,0.165,0.232,58613.7,597.5,173.2,73.44,93.63,34.68,44.39,252.3,3.41,2.38,0.0,0.0,11.0,42.0,44.0,0.0,0.0,0.0,0.0,0.0,0.0,0.0,0.0
J062208.05-204425.2,95.53352720552964,-20.740345071180474,1.094,QW,,,,,59186.7,1.4,1.0,35.5,49.12,36.42,33.79,311.8,3.32,3.59,0.0,0.0,12.3,1.0,1.0,0.0,0.0,0.0,0.0,0.0,0.0,0.0,0.0
J063644.88-182531.1,99.18700722175308,-18.42531455565916,2.017,Q,,CV/Nova,0.307,0.025,59897.5,1.5,4.5,64.57,52.59,1472.17,1363.37,236.2,6.72,8.67,0.0,1.0,266.2,2.0,2.0,0.0,0.0,0.0,0.0,0.0,0.0,0.0,0.0
J061733.55-194524.9,94.3897943238575,-19.756916459109576,1.267,QW,,,,,58887.3,0.7,2.8,56.47,78.72,62.78,47.24,214.4,4.17,3.82,2.0,0.0,31.5,1.0,1.0,0.0,0.0,0.0,0.0,0.0,0.0,0.0,0.0
J052826.18-230143.6,82.10906533758218,-23.028800935595527,0.329,QW,,SN,0.464,0.241,59735.1,242.0,73.2,32.23,63.11,58.98,52.4,261.3,3.29,3.44,0.0,0.0,33.0,16.0,16.0,0.0,0.0,0.0,0.0,0.0,0.0,0.0,0.0
J050740.13-244835.8,76.91721791744918,-24.809948188662474,1.264,QW,,,,,59961.5,76.5,118.7,54.91,78.98,28.75,24.16,239.8,3.11,3.08,0.0,0.0,14.9,19.0,23.0,0.0,0.0,0.0,0.0,0.0,0.0,0.0,0.0
J050933.82-205148.2,77.39093093685517,-20.86340529915391,0.555,QW,,QSO,0.209,0.209,59901.4,537.8,262.1,215.85,212.28,79.66,75.79,254.2,2.79,3.15,0.0,0.0,19.8,40.0,44.0,0.0,0.0,0.0,0.0,0.0,0.0,0.0,0.0
J051552.03-213443.3,78.96680409211523,-21.578700126147176,1.982,QW,,QSO,0.613,0.1,58690.8,150.6,308.0,103.51,114.87,42.33,39.31,240.3,2.36,3.74,1.0,0.0,29.9,27.0,33.0,0.0,0.0,0.0,0.0,0.0,0.0,0.0,0.0
J054229.47-211710.7,85.62278950743577,-21.28631607421441,0.751,QW,,Blazar,0.686,0.063,59389.5,247.2,542.2,48.07,67.67,63.99,94.82,266.2,3.24,2.95,0.0,0.0,17.1,63.0,58.0,0.0,0.0,0.0,0.0,0.0,0.0,0.0,0.0
J053206.94-200549.1,83.02891035396057,-20.0969758121903,0.822,QW,,QSO,0.191,0.04,58559.7,4.8,2.1,52.77,53.56,54.17,57.58,207.3,4.16,4.21,0.0,0.0,47.0,2.0,1.0,0.0,0.0,0.0,0.0,0.0,0.0,0.0,0.0
J052743.18-184430.8,81.9299240572764,-18.741890109190827,1.777,Q,,,,,59246.1,110.5,261.8,30.34,33.76,20.0,15.3,217.2,2.94,3.84,1.0,1.0,18.3,37.0,38.0,0.0,0.0,0.0,0.0,0.0,0.0,0.0,0.0
J043953.03-211058.6,69.97095000897775,-21.18295375681996,0.436,QW,,SN,0.204,0.124,58812.3,0.0,155.3,35.32,62.41,31.25,25.54,301.1,3.68,2.91,0.0,1.0,31.3,8.0,13.0,0.0,0.0,0.0,0.0,0.0,0.0,0.0,0.0
J043410.02-191742.3,68.54176296658788,-19.295092746398524,1.967,QW,,,,,59631.5,5.4,4.4,37.04,38.14,52.35,13.93,211.3,6.55,3.83,0.0,2.0,27.6,2.0,1.0,0.0,0.0,0.0,0.0,0.0,0.0,0.0,0.0
J051557.20-175703.8,78.98832081358904,-17.95108121815467,1.12,QW,,,,,58909.7,776.2,430.6,15.55,17.79,27.45,34.85,238.2,3.54,2.98,0.0,0.0,18.1,78.0,90.0,0.0,0.0,0.0,0.0,0.0,0.0,0.0,0.0
J051236.09-154910.9,78.15039558313896,-15.819705580876308,0.706,QW,,,,,58854.7,82.4,163.9,39.48,40.85,17.35,19.51,219.3,3.13,3.62,0.0,0.0,33.0,23.0,28.0,0.0,0.0,0.0,0.0,0.0,0.0,0.0,0.0
J052445.09-133832.3,81.18787089017412,-13.642309876616498,2.295,Q,,QSO,0.545,0.281,59167.7,315.0,224.7,37.44,44.54,25.18,22.19,209.3,3.3,4.3,0.0,0.0,36.4,44.0,51.0,0.0,0.0,0.0,0.0,0.0,0.0,0.0,0.0
J054318.06-144225.9,85.82525810781816,-14.70721091512424,1.589,Q,,,,,59360.3,659.9,624.5,24.75,32.51,21.66,18.75,226.2,3.65,3.54,0.0,0.0,38.9,102.0,114.0,0.0,0.0,0.0,0.0,0.0,0.0,0.0,0.0
J052454.77-112646.8,81.22820408701385,-11.446335293196697,1.559,Q,,AGN,0.35,0.201,59713.1,476.6,62.5,31.97,48.21,25.01,30.51,228.2,3.09,2.84,0.0,0.0,56.2,30.0,27.0,0.0,0.0,0.0,0.0,0.0,0.0,0.0,0.0
J053748.23-091357.3,84.45097792527488,-9.232590155735734,1.004,Q,,,,,60136.7,76.1,349.6,37.68,56.55,23.69,27.47,203.2,3.13,3.03,1.0,0.0,21.4,31.0,26.0,0.0,0.0,0.0,0.0,0.0,0.0,0.0,0.0
J075456.61-110759.5,118.73588998039956,-11.133199094496364,2.191,Q,,QSO,0.536,0.316,58966.6,576.9,549.0,49.95,60.98,33.09,45.31,189.3,2.97,3.65,0.0,0.0,55.8,88.0,103.0,0.0,0.0,0.0,0.0,0.0,0.0,0.0,0.0
J075803.70-085455.5,119.51542382496616,-8.915421486657452,1.225,Q,,,,,59892.0,247.4,214.4,32.27,47.09,26.56,23.62,226.2,3.22,3.19,1.0,0.0,46.1,27.0,27.0,0.0,0.0,0.0,0.0,0.0,0.0,0.0,0.0
J072811.90-041948.2,112.04956730157087,-4.33005832707508,0.391,Q,,,,,60032.3,31.4,213.1,53.13,74.43,22.8,20.38,171.3,3.34,2.59,2.0,0.0,14.5,30.0,25.0,0.0,0.0,0.0,0.0,0.0,0.0,0.0,0.0
J080832.59-065926.9,122.1358081545841,-6.99081068424323,0.699,QW,,QSO,0.407,0.043,59957.4,233.5,234.8,39.91,42.15,32.48,39.54,199.3,3.45,3.5,0.0,0.0,18.0,29.0,26.0,0.0,0.0,0.0,0.0,0.0,0.0,0.0,0.0
J080815.01-000706.2,122.062549922033,-0.1183931431918496,1.658,Q,,,,,58860.3,24.0,156.9,21.95,34.97,8.8,11.0,196.3,3.11,4.08,0.0,1.0,17.2,12.0,23.0,0.0,0.0,0.0,0.0,0.0,0.0,0.0,0.0
J073307.58-002711.0,113.28156958650256,-0.4530642680009655,1.121,Q,,QSO,0.41,0.067,58767.5,147.1,542.2,24.73,36.68,19.63,25.82,218.3,2.78,3.22,0.0,0.0,16.8,46.0,55.0,0.0,0.0,0.0,0.0,0.0,0.0,0.0,0.0
J075938.26+032738.3,119.90942045844548,3.46064108872888,1.376,QW,,,,,58375.5,341.2,141.6,27.52,41.3,106.43,94.95,177.3,2.68,6.3,1.0,1.0,207.4,27.0,32.0,0.0,0.0,0.0,0.0,0.0,0.0,0.0,0.0
J081602.54+084347.4,124.01057359364282,8.729832325416991,0.374,QW,,AGN,0.573,0.053,60566.9,36.7,5.5,39.54,75.84,55.47,52.4,174.3,4.94,6.01,0.0,1.0,63.5,3.0,5.0,0.0,0.0,0.0,0.0,0.0,0.0,0.0,0.0
J072252.66+000020.6,110.7194048904869,0.0057406682077503,0.69,Q,,QSO,0.3,0.192,59312.7,264.2,502.4,27.1,30.52,22.59,22.39,189.3,3.06,3.04,0.0,0.0,43.1,80.0,88.0,0.0,0.0,0.0,0.0,0.0,0.0,0.0,0.0
J072231.67+054240.6,110.63195467366172,5.7112789056569415,1.52,Q,,,,,59797.8,73.6,122.9,35.48,46.53,24.16,19.8,175.2,3.38,3.2,0.0,0.0,16.7,12.0,12.0,0.0,0.0,0.0,0.0,0.0,0.0,0.0,0.0
J074441.33+063500.1,116.17219206844226,6.583366364002182,0.412,Q,,SNII,0.021,0.065,59535.4,154.4,144.7,57.34,71.22,59.12,58.32,163.3,3.66,3.51,0.0,0.0,11.0,20.0,25.0,0.0,0.0,0.0,0.0,0.0,0.0,0.0,0.0
J074719.41+105425.1,116.8308697628762,10.906986742703833,0.412,Q,,Blazar,0.324,0.098,59263.1,0.5,209.9,45.46,92.07,45.06,47.77,160.3,2.82,3.09,0.0,1.0,18.3,37.0,40.0,0.0,0.0,0.0,0.0,0.0,0.0,0.0,0.0
J070330.02+120212.9,105.87508514401108,12.03691766784472,0.457,Q,,AGN,0.143,0.092,58653.0,121.4,270.4,104.54,119.73,51.08,51.25,158.3,3.88,3.58,0.0,0.0,21.8,35.0,47.0,0.0,0.0,0.0,0.0,0.0,0.0,0.0,0.0
J070453.40+123113.8,106.22249850668707,12.520500734201766,1.37,Q,,,,,60250.3,1.1,3.1,32.6,35.55,36.22,34.31,177.3,6.3,5.41,0.0,1.0,50.5,1.0,1.0,0.0,0.0,0.0,0.0,0.0,0.0,0.0,0.0
J070836.02+131053.3,107.15007377826711,13.181471921945771,1.11,Q,,Blazar,0.013,0.092,59789.2,268.4,112.3,186.29,269.14,63.19,60.66,164.3,3.22,3.5,0.0,0.0,20.2,34.0,34.0,0.0,0.0,0.0,0.0,0.0,0.0,0.0,0.0
J073207.56+164759.5,113.03149296878716,16.79988478837754,1.1,QW,,QSO,0.616,0.166,58771.6,7.6,0.8,29.77,36.36,15.31,29.78,178.3,3.18,3.68,1.0,1.0,10.1,1.0,2.0,0.0,0.0,0.0,0.0,0.0,0.0,0.0,0.0
J043822.30-162308.2,69.59292593632222,-16.38561588152451,0.899,QW,,,,,59312.2,234.2,67.5,22.06,24.21,12.82,15.85,291.2,3.58,3.31,1.0,0.0,15.2,20.0,16.0,0.0,0.0,0.0,0.0,0.0,0.0,0.0,0.0
J041148.60-135647.6,62.95250586166381,-13.946570670767809,1.45,QW,,,,,59872.4,123.1,67.9,35.44,45.37,19.11,18.34,230.5,3.12,3.39,0.0,0.0,23.8,27.0,30.0,0.0,0.0,0.0,0.0,0.0,0.0,0.0,0.0
J042902.20-102429.7,67.25918713852037,-10.408268257276363,0.97,QW,,,,,58386.5,122.3,0.0,57.03,66.48,21.56,23.45,195.3,3.49,3.8,0.0,1.0,54.5,14.0,16.0,0.0,0.0,0.0,0.0,0.0,0.0,0.0,0.0
J044946.09-122923.1,72.44202116590631,-12.48975258927716,2.076,Q,,,,,58379.9,2.0,6.3,26.14,42.04,151.34,168.82,282.3,5.91,5.69,0.0,1.0,117.5,2.0,3.0,0.0,0.0,0.0,0.0,0.0,0.0,0.0,0.0
J041622.66-070950.1,64.09440922450554,-7.163932199161167,0.878,QW,,Blazar,0.486,0.21,59506.2,6.9,2.4,33.36,64.37,107.8,128.64,222.2,5.22,4.78,0.0,2.0,32.2,2.0,1.0,0.0,0.0,0.0,0.0,0.0,0.0,0.0,0.0
J051002.11-055934.6,77.50878284070323,-5.99294331498629,0.541,Q,,QSO,0.634,0.263,60305.0,21.0,263.5,76.02,70.22,29.49,25.23,188.4,4.15,3.46,0.0,1.0,76.0,27.0,26.0,0.0,0.0,0.0,0.0,0.0,0.0,0.0,0.0
J052848.88-060322.9,82.20365499910986,-6.0563748978260525,0.293,Q,,AGN,0.448,0.021,60351.2,212.5,195.7,78.01,109.76,41.74,37.29,188.4,3.19,2.93,0.0,0.0,46.8,35.0,31.0,0.0,0.0,0.0,0.0,0.0,0.0,0.0,0.0
J050324.90-031350.3,75.85377006639207,-3.230648084978332,1.622,Q,,AGN,0.143,0.375,59985.1,161.3,153.1,22.0,26.67,20.39,13.42,202.3,3.45,2.61,0.0,1.0,52.0,31.0,21.0,0.0,0.0,0.0,0.0,0.0,0.0,0.0,0.0
J050743.12-014515.3,76.92966493168942,-1.7542677382897198,0.438,Q,,QSO,0.424,0.195,60277.3,224.3,66.2,75.82,88.12,28.38,30.13,188.3,2.94,3.19,0.0,1.0,126.3,27.0,22.0,0.0,0.0,0.0,0.0,0.0,0.0,0.0,0.0
J053746.86-014914.4,84.4452668318937,-1.8206911386371647,1.278,Q,,,,,58547.2,127.5,174.1,31.13,48.91,16.01,16.29,204.3,3.15,2.88,0.0,0.0,55.5,25.0,29.0,0.0,0.0,0.0,0.0,0.0,0.0,0.0,0.0
J052735.89+000949.6,81.89956142405313,0.1637835832112239,0.573,Q,,,,,58913.2,37.5,127.0,35.06,40.02,12.49,14.76,188.9,2.73,3.88,1.0,0.0,62.2,17.0,19.0,0.0,0.0,0.0,0.0,0.0,0.0,0.0,0.0
J053221.08+031745.7,83.08784380449839,3.2960393848087968,2.308,Q,,,,,59931.5,192.7,154.9,19.79,25.67,12.61,13.15,196.3,3.75,3.04,0.0,0.0,17.4,25.0,27.0,0.0,0.0,0.0,0.0,0.0,0.0,0.0,0.0
J050328.01-020357.7,75.86669388269863,-2.066036672786159,1.424,Q,,QSO,0.802,0.13,58800.2,425.5,324.1,56.79,76.15,40.45,47.55,188.3,2.76,3.69,0.0,0.0,33.1,87.0,89.0,0.0,0.0,0.0,0.0,0.0,0.0,0.0,0.0
J045548.60+044350.5,73.95249233129954,4.730703688652887,1.049,Q,,,,,58744.5,208.7,37.0,13.87,13.76,13.24,15.89,368.9,2.99,4.03,0.0,0.0,24.9,32.0,32.0,0.0,0.0,0.0,0.0,0.0,0.0,0.0,0.0
J051701.76+060930.3,79.25731365677939,6.158436122115815,1.846,Q,,,,,59254.3,123.6,223.5,21.32,25.59,14.4,18.61,190.3,3.58,3.59,0.0,0.0,40.4,31.0,49.0,0.0,0.0,0.0,0.0,0.0,0.0,0.0,0.0
J044709.65+044303.6,71.7902279302496,4.717681127527719,0.587,Q,,QSO,0.47,0.033,59449.4,1.2,2.4,57.74,61.36,37.87,37.28,177.3,3.64,3.36,0.0,1.0,32.7,1.0,1.0,0.0,0.0,0.0,0.0,0.0,0.0,0.0,0.0
J044944.21+044625.3,72.43421755831311,4.773704485787023,1.231,Q,,,,,58811.3,103.9,318.6,17.46,28.17,17.53,16.7,281.1,3.79,3.59,0.0,0.0,17.2,40.0,37.0,0.0,0.0,0.0,0.0,0.0,0.0,0.0,0.0
J044929.17+064844.8,72.37155697497055,6.812464474573975,2.9,Q,,,,,58840.3,287.6,162.3,23.2,27.25,11.72,18.42,207.1,3.55,3.51,1.0,0.0,24.0,32.0,41.0,0.0,0.0,0.0,0.0,0.0,0.0,0.0,0.0
J044702.36+090733.9,71.75985138290433,9.126084333052123,0.486,QW,,Blazar,0.042,0.072,58683.5,106.0,434.0,48.37,68.86,41.47,55.7,174.8,3.09,3.49,0.0,1.0,11.8,59.0,68.0,0.0,0.0,0.0,0.0,0.0,0.0,0.0,0.0
J070740.79+202931.5,106.91995659492228,20.49209372703588,0.768,QW,,QSO,0.06,0.095,59329.1,269.9,1.4,36.87,37.58,31.0,31.13,148.8,3.99,4.28,2.0,0.0,25.1,17.0,20.0,0.0,0.0,0.0,0.0,0.0,0.0,0.0,0.0
J064831.73+265947.7,102.1322023541562,26.996599709167835,1.576,QW,,QSO,0.398,0.014,58833.5,899.8,580.5,28.99,43.8,38.83,33.39,156.2,3.5,2.04,0.0,0.0,69.4,147.0,190.0,0.0,0.0,0.0,0.0,0.0,0.0,0.0,0.0
J051014.55+163500.0,77.56063229795528,16.583359485237995,1.537,Q,,YSO,0.336,0.913,58472.4,424.8,198.9,19.25,34.64,15.93,18.38,184.0,3.17,4.83,0.0,2.0,84.8,75.0,95.0,0.0,0.0,0.0,0.0,0.0,0.0,0.0,0.0
J063708.08+293002.4,99.2836660107926,29.500683639183325,1.49,QW,,,,,59737.5,375.4,123.6,19.62,30.92,10.85,15.49,186.3,2.89,4.22,0.0,0.0,35.1,27.0,43.0,0.0,0.0,0.0,0.0,0.0,0.0,0.0,0.0
J055943.32+364343.9,89.93051275349623,36.72887261759179,0.31,Q,,AGN,0.716,0.209,59228.0,106.1,49.1,44.69,102.57,36.43,54.98,147.3,3.33,3.55,1.0,0.0,34.5,31.0,38.0,0.0,0.0,0.0,0.0,0.0,0.0,0.0,0.0
J124508.68-211019.6,191.2861861894416,-21.17212674887059,0.268,QW,,,,,59274.0,0.0,1.7,165.17,211.94,69.71,64.82,359.1,3.0,3.32,0.0,0.0,28.9,1.0,1.0,0.0,0.0,0.0,0.0,0.0,0.0,0.0,0.0
J130317.81-204324.4,195.8242273918436,-20.72345469041402,2.064,QW,,,,,58509.5,0.7,7.9,53.61,62.89,61.93,34.67,243.5,6.36,4.73,1.0,1.0,96.3,2.0,2.0,0.0,0.0,0.0,0.0,0.0,0.0,0.0,0.0
J131019.54-190926.5,197.5814111607924,-19.15736473674968,0.643,QW,,,,,58540.4,856.2,148.0,55.31,54.37,43.37,46.09,249.3,3.13,2.96,0.0,0.0,13.1,59.0,67.0,0.0,0.0,0.0,0.0,0.0,0.0,0.0,0.0
J120218.95-194032.2,180.57896794251485,-19.67561127102178,0.615,QW,,QSO,0.218,0.165,59448.1,206.7,671.7,95.82,93.28,67.88,68.41,249.1,3.2,2.13,0.0,0.0,52.9,58.0,58.0,0.0,0.0,0.0,0.0,0.0,0.0,0.0,0.0
J124602.74-163526.7,191.511435816454,-16.590756812028932,0.661,QW,,QSO,0.38,0.334,59301.3,1.5,2.4,184.51,174.49,53.96,39.91,243.3,3.37,2.58,0.0,0.0,24.9,1.0,1.0,0.0,0.0,0.0,0.0,0.0,0.0,0.0,0.0
J123451.61-161022.7,188.71504794329127,-16.172991945492505,0.444,Q,,,,,60009.9,107.0,93.6,25.25,41.89,21.69,18.99,242.3,4.11,3.61,0.0,1.0,11.1,22.0,25.0,0.0,0.0,0.0,0.0,0.0,0.0,0.0,0.0
J111354.79-230043.6,168.47828157966035,-23.01212818946284,0.313,Q,,SN,0.713,0.045,59268.2,5.0,8.9,44.44,131.76,109.45,216.4,362.0,4.93,5.73,0.0,0.0,101.0,1.0,3.0,0.0,0.0,0.0,0.0,0.0,0.0,0.0,0.0
J115034.36-172452.1,177.6431482255918,-17.414481927418993,0.369,QW,,AGN,0.032,0.299,58907.9,37.2,53.5,24.91,50.2,38.1,37.68,310.1,3.55,4.24,1.0,0.0,23.3,5.0,8.0,0.0,0.0,0.0,0.0,0.0,0.0,0.0,0.0
J105001.07-211819.7,162.50446408495768,-21.30548373277116,0.789,QW,,QSO,0.568,0.214,59999.9,168.0,30.0,48.12,54.24,46.43,46.58,281.2,3.19,2.91,0.0,0.0,27.7,11.0,17.0,0.0,0.0,0.0,0.0,0.0,0.0,0.0,0.0
J111348.85-192253.4,168.45352250106723,-19.38151705636343,0.74,Q,,Blazar,0.469,0.113,58986.0,15.6,20.0,29.31,44.93,48.12,61.46,324.1,3.39,3.96,0.0,0.0,10.6,6.0,4.0,0.0,0.0,0.0,0.0,0.0,0.0,0.0,0.0
J111023.76-184102.7,167.59901074617574,-18.68409901025877,0.303,Q,,QSO,0.002,0.293,59629.4,120.2,72.0,22.79,49.69,32.06,38.46,275.5,3.4,4.79,0.0,0.0,31.4,14.0,20.0,0.0,0.0,0.0,0.0,0.0,0.0,0.0,0.0
J115338.85-132540.9,178.41187412362888,-13.428027828525316,1.291,QW,,VS,0.054,0.162,58925.9,113.6,102.0,22.17,25.82,31.04,35.72,231.0,2.8,3.52,0.0,0.0,34.1,22.0,26.0,0.0,0.0,0.0,0.0,0.0,0.0,0.0,0.0
J114346.95-134030.1,175.9456406730066,-13.67503496804052,0.326,QW,,Blazar,0.075,0.084,58978.8,156.7,101.1,42.16,76.37,123.47,110.45,262.2,3.56,3.86,0.0,0.0,55.1,15.0,14.0,0.0,0.0,0.0,0.0,0.0,0.0,0.0,0.0
J120056.14-141112.4,180.23389613623024,-14.186782923752352,1.162,QW,,QSO,0.529,0.638,59345.2,571.1,609.8,58.73,83.52,53.96,52.53,249.1,3.79,2.46,0.0,0.0,26.6,69.0,71.0,0.0,0.0,0.0,0.0,0.0,0.0,0.0,0.0
J115536.82-121635.5,178.90341482995225,-12.276529269503166,0.826,QW,,Blazar,0.545,0.024,58502.5,262.7,57.3,36.59,56.24,38.7,61.59,191.3,3.34,4.72,0.0,0.0,45.9,22.0,23.0,0.0,0.0,0.0,0.0,0.0,0.0,0.0,0.0
J122936.09-113627.8,187.40039124035025,-11.607726552942326,0.548,QW,,QSO,0.045,0.192,59108.6,128.7,145.7,30.94,34.58,41.76,40.63,247.1,3.1,3.37,0.0,0.0,21.7,14.0,18.0,0.0,0.0,0.0,0.0,0.0,0.0,0.0,0.0
J115732.67-092204.4,179.38613408924851,-9.367912828699458,0.805,QW,,Blazar,0.047,0.127,58555.0,166.6,170.6,120.33,116.56,76.03,70.32,191.3,3.18,3.11,0.0,0.0,14.8,24.0,25.0,0.0,0.0,0.0,0.0,0.0,0.0,0.0,0.0
J135716.02-120655.2,209.31673111182232,-12.115333911406257,0.282,QW,,AGN,0.847,0.103,59782.2,144.4,605.3,44.01,78.87,28.5,26.27,212.2,3.72,2.74,0.0,0.0,24.7,57.0,68.0,0.0,0.0,0.0,0.0,0.0,0.0,0.0,0.0
J130607.25-121341.9,196.5302156135576,-12.228330594207629,0.874,QW,,AGN,0.4,0.145,58830.6,73.1,268.4,66.84,68.36,31.48,34.94,227.3,3.3,3.16,2.0,0.0,30.3,25.0,23.0,0.0,0.0,0.0,0.0,0.0,0.0,0.0,0.0
J132220.08-060617.6,200.58365987475804,-6.104899933104314,0.218,QW,,bogus,0.799,0.066,59627.1,13.1,20.0,99.22,150.12,277.73,414.9,199.2,5.38,5.16,0.0,0.0,26.0,4.0,4.0,0.0,0.0,0.0,0.0,0.0,0.0,0.0,0.0
J133925.47-002705.5,204.8561408133384,-0.4515459716151667,0.692,QW,,Blazar,0.562,0.022,58383.2,183.4,125.1,16.76,29.96,26.35,35.63,274.2,3.22,3.72,1.0,0.0,21.9,17.0,17.0,0.0,0.0,0.0,0.0,0.0,0.0,0.0,0.0
J140955.27+081358.9,212.4802979282512,8.233031673661744,1.689,QW,,QSO,0.652,0.181,59882.9,256.0,60.6,49.9,51.48,42.84,27.35,172.2,4.02,3.96,0.0,1.0,18.3,38.0,50.0,0.0,0.0,0.0,0.0,0.0,0.0,0.0,0.0
J122149.09-035808.7,185.45455100800504,-3.969099190455018,0.884,QW,,Blazar,0.642,0.262,59231.5,148.2,21.2,50.31,80.81,216.15,391.28,233.2,3.71,4.75,0.0,0.0,70.2,30.0,36.0,0.0,0.0,0.0,0.0,0.0,0.0,0.0,0.0
J133508.49+031621.7,203.7853944753564,3.272720772519232,0.444,QW,,Blazar,0.531,0.022,60086.2,39.5,16.2,21.09,34.63,101.1,120.85,271.8,4.21,4.04,0.0,0.0,84.8,14.0,14.0,0.0,0.0,0.0,0.0,0.0,0.0,0.0,0.0
J140238.40+112538.5,210.6600011229692,11.427377322626414,1.817,QW,,,,,58459.4,985.1,230.6,19.42,43.16,78.98,65.09,182.3,4.17,3.75,2.0,0.0,176.8,159.0,153.0,0.0,0.0,0.0,0.0,0.0,0.0,0.0,0.0
J103016.73-173939.3,157.56969844974253,-17.660935159913585,0.785,Q,,QSO,0.079,0.394,59871.3,111.3,236.0,63.09,64.6,39.53,42.6,242.2,2.88,3.16,1.0,0.0,22.1,22.0,24.0,0.0,0.0,0.0,0.0,0.0,0.0,0.0,0.0
J101405.44-135856.3,153.52265229509004,-13.982312964408454,0.731,QW,,QSO,0.36,0.337,58506.4,1.5,4.9,45.99,42.18,88.77,21.66,245.3,5.24,3.68,0.0,0.0,34.8,1.0,2.0,0.0,0.0,0.0,0.0,0.0,0.0,0.0,0.0
J102728.62-113312.6,156.8692693199059,-11.553510946269627,0.645,QW,,QSO,0.486,0.115,59298.8,590.2,245.8,24.02,26.1,31.41,30.11,198.3,2.4,5.25,1.0,0.0,14.9,64.0,73.0,0.0,0.0,0.0,0.0,0.0,0.0,0.0,0.0
J104715.46-100031.2,161.81440000598616,-10.008674367828924,1.267,QW,,QSO,0.218,0.15,59879.5,336.0,329.3,52.77,70.79,29.47,29.34,198.2,3.4,2.57,0.0,0.0,52.1,36.0,45.0,0.0,0.0,0.0,0.0,0.0,0.0,0.0,0.0
J103510.68-095838.6,158.7945121189707,-9.977412812966673,1.265,QW,,QSO,0.387,0.115,59844.5,269.6,151.5,93.15,130.25,41.56,44.76,180.3,3.23,2.77,0.0,0.0,27.8,28.0,38.0,0.0,0.0,0.0,0.0,0.0,0.0,0.0,0.0
J112129.90+051357.3,170.37459740447568,5.232586541514778,1.4,QW,,AGN,0.612,0.227,58543.4,327.6,104.3,22.7,33.59,25.5,23.84,186.2,2.91,3.98,0.0,0.0,15.3,30.0,42.0,0.0,0.0,0.0,0.0,0.0,0.0,0.0,0.0
J100915.79-003529.7,152.31578216052446,-0.5915838347520016,0.813,QW,,Blazar,0.642,0.269,59229.4,281.2,0.0,93.31,143.12,124.33,154.95,180.3,3.94,3.64,0.0,0.0,35.0,32.0,34.0,0.0,0.0,0.0,0.0,0.0,0.0,0.0,0.0
J094245.81+075423.7,145.6908692862327,7.90660044368002,1.709,QW,,,,,60370.9,129.5,356.3,24.57,27.83,16.89,16.45,177.3,2.93,3.13,1.0,0.0,34.1,25.0,33.0,0.0,0.0,0.0,0.0,0.0,0.0,0.0,0.0
J102221.49+171417.6,155.589552290789,17.238222303649128,1.289,QW,,QSO,0.084,0.339,58773.8,6.3,4.9,35.52,71.44,32.46,15.03,145.3,5.79,2.66,1.0,0.0,13.4,2.0,2.0,0.0,0.0,0.0,0.0,0.0,0.0,0.0,0.0
J123743.59+102502.2,189.43164332288964,10.417285842064889,0.446,QW,,,,,58506.4,0.2,2.4,28.97,42.46,78.44,16.01,201.3,6.23,3.59,1.0,1.0,37.5,1.0,1.0,0.0,0.0,0.0,0.0,0.0,0.0,0.0,0.0
J131230.00+193631.4,198.1250180663846,19.60873969109124,0.346,Q,,,,,58560.1,6.9,317.0,39.76,63.28,15.15,17.06,152.3,4.2,3.1,0.0,1.0,58.1,35.0,42.0,0.0,0.0,0.0,0.0,0.0,0.0,0.0,0.0
J130314.29+190515.4,195.80954176187467,19.087622089757588,1.508,QW,,QSO,0.39,0.087,58460.6,144.5,12.7,45.82,55.89,39.25,36.98,226.2,4.15,4.05,0.0,0.0,95.7,31.0,31.0,0.0,0.0,0.0,0.0,0.0,0.0,0.0,0.0
J121853.35+163850.4,184.7222804111825,16.64733939028134,1.064,QW,,,,,58509.3,0.2,4.0,32.62,43.72,36.43,38.68,194.3,3.86,4.69,2.0,0.0,12.6,1.0,2.0,0.0,0.0,0.0,0.0,0.0,0.0,0.0,0.0
J123657.09+221620.2,189.2378737740381,22.27227740212993,1.303,QW,,QSO,0.8,0.087,59415.7,99.9,192.5,62.57,76.3,32.88,26.88,163.3,3.63,2.55,0.0,1.0,15.3,44.0,51.0,0.0,0.0,0.0,0.0,0.0,0.0,0.0,0.0
J112423.69+120910.6,171.0987279304099,12.152961187710808,0.56,QW,,QSO,0.43,0.312,58998.4,121.1,186.1,32.25,35.08,44.27,41.32,177.3,2.96,3.12,0.0,0.0,32.9,39.0,34.0,0.0,0.0,0.0,0.0,0.0,0.0,0.0,0.0
J111648.92+153550.4,169.20381546148144,15.597351494614658,0.355,Q,,AGN,0.18,0.109,58771.5,58.5,142.9,83.84,120.48,50.48,54.72,155.3,3.31,5.53,0.0,1.0,40.1,13.0,17.0,0.0,0.0,0.0,0.0,0.0,0.0,0.0,0.0
J110725.48+181258.0,166.85615045132204,18.216134459398592,0.759,Q,,AGN,0.0,0.643,60101.3,220.5,41.9,31.38,41.04,36.96,33.8,154.4,3.63,3.89,0.0,0.0,35.2,16.0,22.0,0.0,0.0,0.0,0.0,0.0,0.0,0.0,0.0
J120331.77+304902.2,180.88236964943349,30.817296055005915,0.52,QW,,Blazar,0.684,0.208,58889.4,228.9,1.7,30.08,51.33,46.22,53.06,135.3,3.13,3.17,1.0,1.0,46.8,35.0,39.0,0.0,0.0,0.0,0.0,0.0,0.0,0.0,0.0
J115615.63+361759.5,179.06513073379332,36.29987105879724,0.61,Q,,AGN,0.707,0.073,58504.4,209.7,255.1,15.91,28.48,21.93,33.07,171.0,3.11,3.99,0.0,0.0,42.7,67.0,76.0,0.0,0.0,0.0,0.0,0.0,0.0,0.0,0.0
J190325.80-184340.5,285.85748959920846,-18.727937844100104,2.061,Q,,,,,59706.6,3.4,25.3,99.65,172.25,45.27,92.24,221.2,3.28,3.75,0.0,1.0,51.6,2.0,4.0,0.0,0.0,0.0,0.0,0.0,0.0,0.0,0.0
J192715.69-154254.6,291.815363436763,-15.715174035801908,1.404,Q,,QSO,0.004,0.019,58675.8,740.9,324.9,18.64,38.39,50.42,59.01,222.2,3.28,3.06,0.0,0.0,41.4,68.0,87.0,0.0,0.0,0.0,0.0,0.0,0.0,0.0,0.0
J194428.30-144006.2,296.11791694254714,-14.668411572202006,0.97,Q,,CV/Nova,0.112,0.091,58639.4,60.7,187.9,39.27,76.09,35.6,64.11,230.2,5.13,4.91,0.0,0.0,19.4,13.0,18.0,0.0,0.0,0.0,0.0,0.0,0.0,0.0,0.0
J194241.98-142340.0,295.67491806014715,-14.394445862966643,0.853,QW,,,,,60348.0,181.6,236.9,19.34,25.69,19.02,21.27,236.2,3.71,4.25,0.0,0.0,10.2,34.0,46.0,0.0,0.0,0.0,0.0,0.0,0.0,0.0,0.0
J191714.31-122521.2,289.3096361526135,-12.422563136423207,1.005,Q,,bogus,0.033,0.098,60562.4,14.7,1.4,26.25,41.37,48.46,73.63,217.3,5.9,5.51,0.0,2.0,61.9,2.0,4.0,0.0,0.0,0.0,0.0,0.0,0.0,0.0,0.0
J192644.51-134325.4,291.6854779093131,-13.723730973124852,1.943,Q,,,,,58809.6,72.8,181.3,29.53,38.98,16.17,18.3,222.2,2.9,3.59,0.0,0.0,31.9,23.0,28.0,0.0,0.0,0.0,0.0,0.0,0.0,0.0,0.0
J194226.90-115331.7,295.612088258568,-11.892139614820191,1.58,QW,,QSO,0.772,0.11,59435.9,151.4,203.0,60.35,79.25,22.79,25.68,177.3,3.1,3.05,0.0,1.0,35.5,48.0,48.0,0.0,0.0,0.0,0.0,0.0,0.0,0.0,0.0
J195052.56-112015.5,297.71899708824816,-11.337647213921874,0.607,Q,,,,,58742.8,108.4,14.0,86.87,108.84,36.61,55.32,163.4,4.43,5.24,0.0,0.0,144.6,12.0,15.0,0.0,0.0,0.0,0.0,0.0,0.0,0.0,0.0
J201104.45-092704.1,302.7685603754192,-9.451140193477851,1.928,Q,,,,,58792.1,243.0,254.6,21.28,22.62,12.16,9.33,199.3,3.68,4.31,1.0,0.0,19.2,31.0,30.0,0.0,0.0,0.0,0.0,0.0,0.0,0.0,0.0
J195804.07-091953.4,299.5169573415349,-9.33150002459154,0.852,QW,,,,,58812.1,0.3,184.2,52.92,63.61,19.56,24.69,163.4,3.39,4.11,1.0,0.0,47.7,26.0,24.0,0.0,0.0,0.0,0.0,0.0,0.0,0.0,0.0
J202626.77-051551.6,306.61154022877594,-5.264336134392506,1.246,QW,,QSO,0.792,0.04,60249.2,0.1,1.7,38.0,47.96,46.76,18.68,177.4,4.69,2.93,0.0,0.0,27.6,1.0,1.0,0.0,0.0,0.0,0.0,0.0,0.0,0.0,0.0
J204325.23-015705.2,310.8551299479709,-1.9514648845322664,0.53,Q,,Blazar,0.296,0.082,59290.8,71.9,58.1,54.96,76.65,137.8,169.11,167.3,4.54,4.46,0.0,0.0,11.1,8.0,9.0,0.0,0.0,0.0,0.0,0.0,0.0,0.0,0.0
J195111.96-000816.6,297.79981841496493,-0.1379439813108635,1.369,QW,,Blazar,0.021,0.097,58764.2,6.9,0.1,19.97,38.47,25.2,62.5,204.3,3.99,3.67,0.0,1.0,28.5,1.0,1.0,0.0,0.0,0.0,0.0,0.0,0.0,0.0,0.0
J201352.51+052744.9,303.46878260781824,5.462480853441155,1.524,QW,,,,,58764.2,236.6,169.0,36.72,49.34,18.51,20.14,163.3,3.05,4.28,0.0,1.0,21.1,43.0,48.0,0.0,0.0,0.0,0.0,0.0,0.0,0.0,0.0
J195104.33+060845.1,297.7680576122018,6.145868459224211,1.272,QW,,,,,58797.3,36.1,193.8,19.68,32.08,15.77,17.43,180.2,3.25,3.8,0.0,1.0,26.2,28.0,45.0,0.0,0.0,0.0,0.0,0.0,0.0,0.0,0.0
J194744.34+094359.4,296.9347475862758,9.733178050439353,2.019,Q,,,,,58336.5,440.6,117.5,50.15,73.11,18.79,22.48,180.4,3.05,3.1,0.0,2.0,42.8,32.0,45.0,0.0,0.0,0.0,0.0,0.0,0.0,0.0,0.0
J160109.88-103528.3,240.29118289134948,-10.591211548230593,1.755,Q,,QSO,0.334,0.166,59001.3,388.0,151.9,98.5,132.58,25.86,30.7,203.2,3.21,3.07,0.0,0.0,16.1,51.0,53.0,0.0,0.0,0.0,0.0,0.0,0.0,0.0,0.0
J160716.03-071029.4,241.81679261801625,-7.174851610114297,2.23,Q,,,,,58509.5,108.9,189.3,56.88,70.9,23.03,22.87,203.2,6.53,3.94,0.0,1.0,36.4,16.0,16.0,0.0,0.0,0.0,0.0,0.0,0.0,0.0,0.0
J161332.38-050556.2,243.38490136365343,-5.098958744356636,0.92,Q,,QSO,0.075,0.06,58557.7,205.9,232.5,16.46,21.19,23.69,34.86,232.2,3.53,5.72,0.0,0.0,39.4,27.0,33.0,0.0,0.0,0.0,0.0,0.0,0.0,0.0,0.0
J164802.11-005411.4,252.0087923417985,-0.903189662602397,2.362,Q,,AGN,0.327,0.081,58828.6,95.2,586.8,36.17,53.92,21.65,30.03,204.3,3.14,3.57,1.0,0.0,64.1,41.0,60.0,0.0,0.0,0.0,0.0,0.0,0.0,0.0,0.0
J172110.80+012846.7,260.2949864379753,1.47965043657852,0.602,Q,,AGN,0.371,0.851,58558.4,18.7,349.4,47.84,60.27,28.83,37.25,134.0,5.07,6.09,0.0,0.0,118.2,33.0,42.0,0.0,0.0,0.0,0.0,0.0,0.0,0.0,0.0
J171839.78+042532.5,259.6657471541865,4.425693485247702,2.401,Q,,,,,58895.5,1120.6,502.9,14.34,14.53,17.86,18.46,175.3,3.49,3.81,0.0,1.0,19.2,127.0,147.0,0.0,0.0,0.0,0.0,0.0,0.0,0.0,0.0
J171910.93+065815.7,259.79555562033033,6.971040783269703,0.797,QW,,Blazar,0.205,0.193,59756.4,1.7,4.4,37.33,63.94,56.73,48.67,142.3,3.5,3.35,0.0,0.0,17.6,1.0,1.0,0.0,0.0,0.0,0.0,0.0,0.0,0.0,0.0
J153638.65-071608.0,234.1610364591679,-7.268905433256489,2.129,Q,,QSO,0.283,0.035,58481.2,66.3,261.3,53.39,58.88,25.98,26.14,217.3,3.11,4.66,0.0,0.0,39.6,17.0,23.0,0.0,0.0,0.0,0.0,0.0,0.0,0.0,0.0
J154317.08-060905.8,235.821161700068,-6.151634062851622,0.695,QW,,,,,60132.5,0.5,5.3,29.17,37.71,45.61,34.51,188.3,4.58,3.93,1.0,0.0,23.2,1.0,1.0,0.0,0.0,0.0,0.0,0.0,0.0,0.0,0.0
J161039.31+014611.6,242.66379059615227,1.769902796641743,0.174,Q,,AGN,0.762,0.109,58507.1,217.2,238.6,183.97,283.21,57.26,65.76,148.9,5.95,4.9,0.0,1.0,91.0,47.0,48.0,0.0,0.0,0.0,0.0,0.0,0.0,0.0,0.0
J165059.05+042739.4,252.74605865934328,4.460962546209697,0.685,Q,,Blazar,0.491,0.154,60071.8,115.4,170.0,56.57,83.66,71.11,103.4,280.2,3.76,3.92,0.0,0.0,30.1,37.0,42.0,0.0,0.0,0.0,0.0,0.0,0.0,0.0,0.0
J164759.12+081852.7,251.9963516579461,8.314655063155842,0.74,Q,,,,,58562.6,11.6,298.0,43.54,93.53,31.08,34.12,138.3,4.92,4.67,0.0,0.0,17.4,20.0,24.0,0.0,0.0,0.0,0.0,0.0,0.0,0.0,0.0
J162330.56+085724.5,245.8773421437305,8.95681359582748,1.868,Q,,Blazar,0.502,0.069,58237.7,11.2,8.7,43.67,65.94,56.04,62.33,143.3,3.75,4.11,0.0,1.0,15.0,4.0,4.0,0.0,0.0,0.0,0.0,0.0,0.0,0.0,0.0
J163528.80+123532.2,248.86999838382377,12.59227863000952,0.847,QW,,,,,59130.1,209.8,238.6,23.4,33.82,18.78,25.82,158.4,4.2,4.14,0.0,0.0,24.1,55.0,77.0,0.0,0.0,0.0,0.0,0.0,0.0,0.0,0.0
J180443.90+040618.6,271.18293307494594,4.105181114130311,3.015,Q,,,,,59245.2,153.0,253.3,44.58,65.01,10.61,15.37,175.3,5.22,4.65,1.0,1.0,32.4,50.0,69.0,0.0,0.0,0.0,0.0,0.0,0.0,0.0,0.0
J174909.91+044534.5,267.2912919521241,4.759596626742336,0.906,Q,,,,,58558.5,126.2,165.8,19.24,30.18,16.89,20.97,197.4,3.42,3.84,1.0,1.0,73.7,16.0,24.0,0.0,0.0,0.0,0.0,0.0,0.0,0.0,0.0
J174612.59+082911.8,266.55244942877863,8.486627855804732,0.99,Q,,,,,58794.0,981.4,436.0,10.55,20.91,19.58,27.4,177.3,3.37,3.81,1.0,1.0,30.7,147.0,197.0,0.0,0.0,0.0,0.0,0.0,0.0,0.0,0.0
J172652.96+081138.7,261.72067433022204,8.194084686548484,0.955,QW,,QSO,0.52,0.026,58797.8,6.0,1.6,35.96,44.62,33.64,17.35,173.5,3.83,2.49,0.0,0.0,14.9,1.0,2.0,0.0,0.0,0.0,0.0,0.0,0.0,0.0,0.0
J173057.94+111748.8,262.74143443516647,11.296911281499057,0.889,QW,,,,,58792.1,366.0,278.6,18.58,21.36,17.86,19.98,153.4,3.5,4.38,0.0,0.0,17.5,95.0,103.0,0.0,0.0,0.0,0.0,0.0,0.0,0.0,0.0
J175743.43+125147.9,269.430940170496,12.863307874739418,0.756,Q,,AGN,0.527,0.334,59266.6,96.1,1036.0,48.84,61.04,15.59,17.34,133.1,3.29,3.47,0.0,0.0,11.1,158.0,193.0,0.0,0.0,0.0,0.0,0.0,0.0,0.0,0.0
J174824.37+140244.5,267.1015477709125,14.04571710088296,0.707,Q,,,,,58554.8,302.2,266.0,15.09,19.13,78.9,62.93,218.2,3.77,3.92,0.0,2.0,192.5,78.0,80.0,0.0,0.0,0.0,0.0,0.0,0.0,0.0,0.0
J182920.92+153624.2,277.3371621613068,15.60674770437154,0.487,QW,,QSO,0.183,0.302,59289.1,105.6,227.0,70.37,98.85,23.11,30.23,117.4,5.81,4.92,0.0,0.0,16.9,56.0,67.0,0.0,0.0,0.0,0.0,0.0,0.0,0.0,0.0
J182158.45+152739.7,275.49354362811295,15.461044987262902,2.374,Q,,,,,59635.5,1.1,68.7,35.22,51.64,25.09,18.38,122.4,5.89,3.96,1.0,1.0,11.5,4.0,4.0,0.0,0.0,0.0,0.0,0.0,0.0,0.0,0.0
J171302.34+111705.4,258.2597633649975,11.284854997931872,0.387,QW,,Blazar,0.781,0.233,59355.4,31.5,1.3,27.3,55.45,107.39,142.99,184.4,3.96,3.68,0.0,0.0,38.8,10.0,12.0,0.0,0.0,0.0,0.0,0.0,0.0,0.0,0.0
J171630.67+143036.2,259.1277903090416,14.510055885271749,0.28,Q,,AGN,0.078,0.043,58892.2,27.6,6.0,29.95,58.88,58.11,60.96,169.4,7.87,7.41,0.0,0.0,191.1,6.0,7.0,0.0,0.0,0.0,0.0,0.0,0.0,0.0,0.0
J165730.46+203054.1,254.37692736154915,20.51502679495352,0.844,Q,,Blazar,0.557,0.056,58243.3,19.1,11.4,15.46,22.98,43.73,121.36,244.2,3.86,7.15,0.0,1.0,37.5,6.0,5.0,0.0,0.0,0.0,0.0,0.0,0.0,0.0,0.0
J171449.82+261418.1,258.70757431538465,26.23836067917191,0.932,Q,,Blazar,0.457,0.11,58995.3,14.7,5.7,71.16,132.31,66.85,134.02,178.4,3.33,3.11,0.0,0.0,19.4,6.0,6.0,0.0,0.0,0.0,0.0,0.0,0.0,0.0,0.0
J170647.11+273259.1,256.696301870422,27.5497653510005,0.153,Q,,Blazar,0.12,0.097,59970.9,144.8,91.5,213.39,348.88,428.2,474.32,144.4,4.81,4.9,0.0,0.0,161.0,22.0,27.0,0.0,0.0,0.0,0.0,0.0,0.0,0.0,0.0
J175149.07+230126.4,267.954479021956,23.024016562112013,0.384,QW,,Blazar,0.265,0.12,58330.3,134.2,110.6,17.52,53.52,17.59,28.08,143.4,4.4,3.31,1.0,0.0,58.7,41.0,44.0,0.0,0.0,0.0,0.0,0.0,0.0,0.0,0.0
J181501.03+270631.1,273.75430510071504,27.10865533601037,1.03,QW,,QSO,0.606,0.436,59661.3,264.7,66.4,38.23,51.57,29.17,30.52,112.0,3.21,3.46,0.0,0.0,15.0,50.0,59.0,0.0,0.0,0.0,0.0,0.0,0.0,0.0,0.0
J183503.28+310253.3,278.7636785915343,31.048152429061883,0.392,QW,,AGN,0.374,0.094,59542.0,0.3,8.8,61.27,110.41,25.95,31.24,123.0,3.88,3.69,0.0,1.0,14.4,2.0,1.0,0.0,0.0,0.0,0.0,0.0,0.0,0.0,0.0
J180909.99+310312.6,272.2916246386681,31.053511891039648,1.245,Q,,QSO,0.244,0.085,60038.1,240.3,155.9,33.09,45.31,28.17,30.21,110.6,3.76,4.83,0.0,0.0,26.9,54.0,62.0,0.0,0.0,0.0,0.0,0.0,0.0,0.0,0.0
J174919.05+281617.5,267.3293560603798,28.27155143268074,1.276,QW,,QSO,0.212,0.075,59146.8,103.2,20.1,95.41,115.46,45.46,45.61,97.8,6.76,7.3,0.0,0.0,316.7,13.0,12.0,0.0,0.0,0.0,0.0,0.0,0.0,0.0,0.0
J173359.00+315041.6,263.4958143812422,31.84488877288433,1.471,Q,,,,,58322.5,602.1,106.0,38.1,47.06,33.37,35.8,117.3,2.92,3.23,0.0,1.0,45.3,126.0,134.0,0.0,0.0,0.0,0.0,0.0,0.0,0.0,0.0
J173354.30+315351.7,263.4762509240361,31.897719714009032,1.164,QW,,QSO,0.706,0.298,58592.3,266.6,361.2,89.53,123.48,41.86,43.65,97.4,5.15,2.82,0.0,0.0,10.2,122.0,121.0,0.0,0.0,0.0,0.0,0.0,0.0,0.0,0.0
J173116.90+333853.4,262.820428260789,33.64817198838399,3.407,Q,,,,,59150.3,64.2,0.5,51.48,70.47,68.07,71.76,97.4,9.8,10.54,1.0,0.0,644.2,6.0,6.0,0.0,0.0,0.0,0.0,0.0,0.0,0.0,0.0
J175148.25+371423.8,267.95104182017894,37.23994389344959,3.221,Q,,bogus,0.225,0.476,58526.2,89.3,239.5,65.89,82.6,27.86,35.52,96.4,4.55,6.89,0.0,0.0,89.9,53.0,59.0,0.0,0.0,0.0,0.0,0.0,0.0,0.0,0.0
J174535.56+371534.8,266.3981706483538,37.25969228921202,0.53,QW,,,,,58492.8,73.6,209.3,26.52,39.91,22.59,21.56,135.4,8.3,3.34,0.0,2.0,45.4,40.0,47.0,0.0,0.0,0.0,0.0,0.0,0.0,0.0,0.0
J040829.51-261449.0,62.12295887668037,-26.24696907261097,0.475,QW,,,,,59248.2,323.3,175.8,48.75,52.6,42.24,37.36,272.2,3.97,2.42,1.0,0.0,17.3,42.0,41.0,0.0,0.0,0.0,0.0,0.0,0.0,0.0,0.0
J044748.58-252644.1,71.95241968095829,-25.445609188200383,0.488,Q,,AGN,0.011,0.249,59159.9,65.4,43.5,23.93,42.77,32.02,48.77,346.1,2.45,3.41,0.0,0.0,22.9,18.0,24.0,0.0,0.0,0.0,0.0,0.0,0.0,0.0,0.0
J041658.29-251618.8,64.24287934423415,-25.271893910571865,0.352,QW,,AGN,0.35,0.14,58533.3,351.5,85.4,95.31,126.82,55.26,51.92,229.4,3.01,3.07,0.0,0.0,21.2,32.0,35.0,0.0,0.0,0.0,0.0,0.0,0.0,0.0,0.0
J043339.75-220225.1,68.41561650167021,-22.04032218233141,1.502,QW,,,,,59119.5,90.8,338.3,76.34,88.7,25.51,31.97,246.3,3.8,3.29,0.0,0.0,11.2,34.0,33.0,0.0,0.0,0.0,0.0,0.0,0.0,0.0,0.0
J015338.50-250443.8,28.41042899360976,-25.07885581962612,2.506,QW,,QSO,0.495,0.235,59147.9,4.5,0.4,37.03,42.21,69.45,70.4,324.2,3.61,3.44,0.0,0.0,17.5,1.0,1.0,0.0,0.0,0.0,0.0,0.0,0.0,0.0,0.0
J012326.17-253218.5,20.859026996583083,-25.53848616137116,1.113,Q,,AGN,0.144,0.154,59220.1,447.5,105.2,67.53,83.32,47.08,52.65,341.1,2.76,3.03,0.0,0.0,16.6,49.0,37.0,0.0,0.0,0.0,0.0,0.0,0.0,0.0,0.0
J030051.12-203031.5,45.21301903267864,-20.50876109028997,0.469,Q,,,,,59208.2,101.6,42.6,36.56,52.87,23.09,16.8,288.2,3.45,3.45,1.0,1.0,20.3,17.0,22.0,0.0,0.0,0.0,0.0,0.0,0.0,0.0,0.0
J034315.63-225729.9,55.81510810063894,-22.95831813713724,1.885,Q,,,,,59158.4,0.1,5.4,36.61,36.98,18.22,40.26,297.8,3.17,4.71,1.0,1.0,13.0,3.0,2.0,0.0,0.0,0.0,0.0,0.0,0.0,0.0,0.0
J041009.52-223751.6,62.53968625644401,-22.63102479624542,0.207,QW,,AGN,0.054,0.099,58750.4,71.9,2.5,62.62,121.38,58.42,75.11,236.8,4.85,4.49,0.0,0.0,89.6,10.0,10.0,0.0,0.0,0.0,0.0,0.0,0.0,0.0,0.0
J042132.31-211704.4,65.38464006890065,-21.28455733638265,0.294,QW,,AGN,0.251,0.336,59978.1,59.5,79.0,161.08,187.32,79.5,70.23,235.3,3.5,3.31,0.0,0.0,18.8,16.0,17.0,0.0,0.0,0.0,0.0,0.0,0.0,0.0,0.0
J030711.55-195737.5,46.79810920503071,-19.96043650638084,1.583,QW,,,,,59157.9,122.2,312.8,17.23,24.35,19.04,18.43,288.2,3.71,3.97,0.0,0.0,22.3,32.0,42.0,0.0,0.0,0.0,0.0,0.0,0.0,0.0,0.0
J025126.36-202248.1,42.85985375959551,-20.38004538615764,0.685,QW,,QSO,0.183,0.042,59181.8,111.2,214.0,84.93,84.43,39.97,33.4,200.7,3.53,2.69,0.0,1.0,11.7,43.0,42.0,0.0,0.0,0.0,0.0,0.0,0.0,0.0,0.0
J015747.87-210436.6,29.44945700902641,-21.076835403706863,0.476,QW,,,,,58443.2,23.1,58.9,67.53,76.3,32.87,36.03,283.2,2.98,4.5,0.0,0.0,11.3,6.0,8.0,0.0,0.0,0.0,0.0,0.0,0.0,0.0,0.0
J024838.79-132228.1,42.16160796947372,-13.374478997402496,0.246,QW,,AGN,0.405,0.079,58784.4,408.7,151.6,52.1,127.9,103.13,87.93,187.3,4.06,3.22,0.0,0.0,20.8,79.0,75.0,0.0,0.0,0.0,0.0,0.0,0.0,0.0,0.0
J032848.18-112754.0,52.20074917976664,-11.465016868520006,0.429,Q,,SNII,0.179,0.14,58793.4,6.6,2.7,117.61,176.86,121.74,172.35,203.3,4.05,4.73,0.0,0.0,28.0,1.0,2.0,0.0,0.0,0.0,0.0,0.0,0.0,0.0,0.0
J031938.03-104951.0,49.90844525026883,-10.830845952132623,0.36,QW,,AGN,0.66,0.326,58434.2,134.2,27.3,88.18,126.44,34.4,27.53,185.3,4.71,4.04,0.0,2.0,28.3,17.0,19.0,0.0,0.0,0.0,0.0,0.0,0.0,0.0,0.0
J032408.35-101646.7,51.03479332289503,-10.27964299525678,0.992,QW,,,,,59198.6,96.7,258.1,37.0,40.95,17.78,18.42,190.3,3.85,3.06,0.0,0.0,10.5,53.0,55.0,0.0,0.0,0.0,0.0,0.0,0.0,0.0,0.0
J023009.78-121809.5,37.54074726329049,-12.302654207825396,1.588,QW,,,,,58481.3,6.2,60.7,19.47,31.77,17.12,10.75,266.2,4.62,5.91,0.0,0.0,23.7,8.0,11.0,0.0,0.0,0.0,0.0,0.0,0.0,0.0,0.0
J022310.35-093224.3,35.79314517460658,-9.540091636443949,0.333,QW,,AGN,0.052,0.152,58479.5,44.6,36.3,69.72,117.77,83.09,69.13,208.2,3.73,3.31,0.0,0.0,17.0,11.0,12.0,0.0,0.0,0.0,0.0,0.0,0.0,0.0,0.0
J100512.43-251707.9,151.30178336170366,-25.285538147312543,0.736,QW,,,,,59275.2,0.0,4.0,112.74,112.0,56.58,40.12,295.7,3.52,2.93,0.0,1.0,19.5,1.0,1.0,0.0,0.0,0.0,0.0,0.0,0.0,0.0,0.0
J102447.38-212953.6,156.19742811475442,-21.49822114467793,1.613,QW,,,,,59699.2,11.9,117.5,77.97,87.03,23.05,17.94,283.1,3.03,3.56,0.0,0.0,13.0,11.0,14.0,0.0,0.0,0.0,0.0,0.0,0.0,0.0,0.0
J100406.87-220410.1,151.02862695635412,-22.06949476094476,0.339,QW,,AGN,0.445,0.352,59182.8,199.0,157.7,51.85,91.46,75.35,77.13,305.2,3.1,2.84,0.0,0.0,45.5,26.0,29.0,0.0,0.0,0.0,0.0,0.0,0.0,0.0,0.0
J093620.01-182050.5,144.08336086847544,-18.34737667738426,1.095,Q,,QSO,0.237,0.234,58555.9,187.5,166.1,37.56,48.54,27.01,32.0,227.3,2.82,3.38,0.0,0.0,10.3,19.0,23.0,0.0,0.0,0.0,0.0,0.0,0.0,0.0,0.0
J095459.37-135238.7,148.74737394412483,-13.87742166794135,0.411,QW,,Blazar,0.673,0.065,59343.6,4.8,40.0,28.92,45.98,86.61,137.69,245.3,3.45,3.96,0.0,0.0,63.5,7.0,7.0,0.0,0.0,0.0,0.0,0.0,0.0,0.0,0.0
J093614.39-161503.9,144.05994594913207,-16.2510977114747,1.309,QW,,QSO,0.212,0.093,58578.5,191.2,141.8,84.04,100.76,46.41,40.98,198.4,3.36,3.21,0.0,0.0,18.6,21.0,19.0,0.0,0.0,0.0,0.0,0.0,0.0,0.0,0.0
J093809.04-152122.4,144.53767038975408,-15.356231429885524,1.818,Q,,,,,58518.5,430.6,238.3,51.84,65.36,47.43,40.45,198.4,3.81,3.21,0.0,0.0,29.0,36.0,38.0,0.0,0.0,0.0,0.0,0.0,0.0,0.0,0.0
J081100.89-172003.6,122.75369541630955,-17.33435710597536,1.542,Q,,QSO,0.381,0.269,59929.1,124.5,378.1,71.59,91.68,43.46,47.36,250.7,3.35,2.81,0.0,0.0,66.3,33.0,37.0,0.0,0.0,0.0,0.0,0.0,0.0,0.0,0.0
J081758.06-102057.5,124.49192726652382,-10.349323878451688,0.506,QW,,AGN,0.269,0.296,58861.2,0.0,19.2,63.21,70.82,30.94,28.91,179.4,3.66,4.37,0.0,0.0,16.5,1.0,3.0,0.0,0.0,0.0,0.0,0.0,0.0,0.0,0.0
J084753.41-122623.8,131.97256041900016,-12.439968307346843,1.008,QW,,QSO,0.27,0.078,60065.2,513.7,325.4,76.49,129.44,42.24,61.06,179.3,3.36,2.69,0.0,0.0,15.2,44.0,55.0,0.0,0.0,0.0,0.0,0.0,0.0,0.0,0.0
J085906.95-095942.8,134.7789639049181,-9.995221010558494,0.673,Q,,QSO,0.375,0.095,59211.5,538.7,209.4,21.37,23.15,35.52,35.84,208.3,3.71,2.81,0.0,0.0,24.0,47.0,55.0,0.0,0.0,0.0,0.0,0.0,0.0,0.0,0.0
J093102.71-101325.0,142.76130225685722,-10.223616044814026,0.476,Q,,Blazar,0.627,0.008,58594.3,22.7,4.8,57.28,82.66,236.38,318.56,180.6,6.04,7.45,0.0,1.0,89.8,4.0,3.0,0.0,0.0,0.0,0.0,0.0,0.0,0.0,0.0
J090724.97-100242.3,136.8540377198199,-10.045109161896196,0.724,QW,,QSO,0.486,0.059,59849.6,73.3,559.3,104.38,113.71,37.57,44.32,181.3,3.2,2.89,0.0,0.0,11.7,38.0,47.0,0.0,0.0,0.0,0.0,0.0,0.0,0.0,0.0
J091035.12-085411.1,137.6463286606711,-8.903089133967958,0.957,Q,,QSO,0.08,0.126,59923.4,336.3,349.6,52.61,64.3,52.26,57.01,207.4,3.23,2.98,0.0,0.0,28.3,41.0,46.0,0.0,0.0,0.0,0.0,0.0,0.0,0.0,0.0
J085527.85-102312.8,133.86603065646477,-10.386910856950976,0.99,QW,,,,,59896.9,94.7,421.6,30.5,38.99,17.73,19.58,205.4,2.75,4.5,0.0,1.0,19.2,29.0,31.0,0.0,0.0,0.0,0.0,0.0,0.0,0.0,0.0
J085450.09-101412.9,133.70869435675908,-10.236937263005784,1.726,Q,,QSO,0.203,0.205,58442.5,208.8,208.5,48.75,78.28,24.39,28.32,185.3,2.53,3.53,1.0,0.0,21.3,26.0,31.0,0.0,0.0,0.0,0.0,0.0,0.0,0.0,0.0
J083126.96-102452.8,127.8623186058868,-10.414672197037074,1.957,Q,,,,,58884.2,68.4,138.6,35.82,37.72,21.72,20.25,194.3,2.96,3.14,1.0,0.0,13.8,12.0,29.0,0.0,0.0,0.0,0.0,0.0,0.0,0.0,0.0
J130446.90-262942.3,196.19541326208807,-26.495082269473244,2.145,QW,,,,,59302.4,177.5,144.6,63.89,68.0,27.19,24.84,233.3,3.69,4.24,1.0,0.0,10.1,31.0,36.0,0.0,0.0,0.0,0.0,0.0,0.0,0.0,0.0
J150850.60-225004.7,227.21081486303504,-22.834655576036457,1.325,QW,,,,,60077.3,88.4,171.4,36.04,51.65,24.24,25.6,302.1,3.03,3.23,0.0,0.0,17.0,21.0,26.0,0.0,0.0,0.0,0.0,0.0,0.0,0.0,0.0
J150140.80-204544.2,225.41998432844304,-20.76228686241781,0.987,QW,,CV/Nova,0.006,0.291,60029.5,194.1,210.6,133.0,164.53,75.5,72.93,293.2,3.03,2.58,0.0,0.0,68.6,23.0,27.0,0.0,0.0,0.0,0.0,0.0,0.0,0.0,0.0
J160702.08-161413.9,241.7586548951681,-16.237217876254793,1.25,Q,,QSO,0.171,0.5,59223.6,707.7,110.2,205.65,298.74,60.67,72.88,224.3,4.77,4.87,0.0,2.0,40.7,65.0,73.0,0.0,0.0,0.0,0.0,0.0,0.0,0.0,0.0
J152425.18-181101.1,231.1049240924537,-18.18366524300255,1.052,QW,,QSO,0.125,0.106,58960.0,326.4,357.4,151.28,226.58,47.79,55.69,205.6,3.71,2.92,0.0,0.0,11.8,51.0,51.0,0.0,0.0,0.0,0.0,0.0,0.0,0.0,0.0
J154507.09-180944.7,236.2795334919992,-18.162435053205243,0.358,Q,,SN,0.482,0.383,59717.1,55.6,233.0,21.67,57.26,36.92,34.43,329.0,3.0,3.16,0.0,0.0,32.0,20.0,21.0,0.0,0.0,0.0,0.0,0.0,0.0,0.0,0.0
J155354.05-124950.2,238.47521956507407,-12.830626425575776,0.442,QW,,AGN,0.336,0.075,59233.0,261.9,130.2,11.94,28.27,35.97,37.22,295.1,2.67,3.18,0.0,0.0,26.7,31.0,33.0,0.0,0.0,0.0,0.0,0.0,0.0,0.0,0.0
J154835.06-121603.4,237.14610062396224,-12.2676178629087,2.825,QW,,,,,60375.9,94.8,313.5,31.64,49.18,17.7,23.22,206.3,3.38,4.76,0.0,1.0,19.6,33.0,46.0,0.0,0.0,0.0,0.0,0.0,0.0,0.0,0.0
J142312.34-264929.9,215.8014229014236,-26.824997086058893,0.251,QW,,,,,58271.7,48.2,43.0,45.3,102.62,40.8,38.58,295.2,3.42,3.05,0.0,0.0,14.3,5.0,8.0,0.0,0.0,0.0,0.0,0.0,0.0,0.0,0.0
J142225.17-244606.2,215.60488122102728,-24.768390084807308,1.501,QW,,,,,60011.7,153.3,413.3,38.98,59.54,30.4,25.14,295.2,3.84,2.73,0.0,0.0,17.2,36.0,42.0,0.0,0.0,0.0,0.0,0.0,0.0,0.0,0.0
J141103.88-221056.0,212.76615544550583,-22.18223799398455,0.762,QW,,asteroid,1.0,2.943,60046.3,97.2,2.0,23.88,27.45,17.31,18.18,335.1,3.1,3.39,1.0,0.0,13.0,11.0,14.0,0.0,0.0,0.0,0.0,0.0,0.0,0.0,0.0
J144644.78-180720.8,221.68657032244167,-18.12246116561021,0.476,QW,,Blazar,0.088,0.233,59355.3,304.9,341.4,180.7,296.67,66.53,102.0,213.2,3.09,2.55,0.0,0.0,41.3,41.0,55.0,0.0,0.0,0.0,0.0,0.0,0.0,0.0,0.0
J142714.53-201930.3,216.81052561992664,-20.3250961783205,0.361,QW,,AGN,0.345,0.101,58895.8,537.6,144.4,51.03,71.96,48.55,42.44,215.3,3.29,2.93,1.0,0.0,18.6,62.0,68.0,0.0,0.0,0.0,0.0,0.0,0.0,0.0,0.0
J140245.76-182556.4,210.69064819184885,-18.43234071030713,0.813,Q,,Blazar,0.58,0.136,59309.3,115.3,67.9,36.77,42.92,37.43,59.59,227.2,3.96,3.86,1.0,0.0,44.5,27.0,33.0,0.0,0.0,0.0,0.0,0.0,0.0,0.0,0.0
J135151.35-183553.9,207.96394283811296,-18.5983226838907,0.449,QW,,,,,59994.2,122.2,96.1,57.52,71.67,38.22,27.73,231.2,2.9,3.1,0.0,0.0,16.9,25.0,24.0,0.0,0.0,0.0,0.0,0.0,0.0,0.0,0.0
J142809.54-154641.3,217.03976746963107,-15.77815568515769,0.74,QW,,QSO,0.276,0.113,59278.5,0.0,7.8,37.1,59.25,23.75,40.84,218.2,2.94,3.86,0.0,2.0,17.6,1.0,1.0,0.0,0.0,0.0,0.0,0.0,0.0,0.0,0.0
J141214.80-112741.1,213.0616528281795,-11.46144109076186,1.11,Q,,,,,60073.4,59.2,237.4,17.81,24.78,13.99,16.55,287.1,3.05,3.43,1.0,0.0,12.0,21.0,27.0,0.0,0.0,0.0,0.0,0.0,0.0,0.0,0.0
J144442.09-130517.5,221.17537888151384,-13.08820010627814,0.305,Q,,Blazar,0.204,0.331,58645.2,135.3,43.0,109.75,192.63,79.94,108.6,206.2,3.31,3.23,0.0,0.0,43.5,14.0,14.0,0.0,0.0,0.0,0.0,0.0,0.0,0.0,0.0
J145545.08-123302.8,223.9378321869752,-12.550803855140629,0.705,QW,,QSO,0.423,0.264,60341.9,62.1,346.6,35.17,35.11,29.89,29.41,226.3,3.0,3.84,0.0,1.0,80.4,24.0,31.0,0.0,0.0,0.0,0.0,0.0,0.0,0.0,0.0
J153010.76-122455.6,232.54482621082764,-12.415450067266242,1.424,QW,,,,,59665.3,162.0,208.2,52.97,77.32,29.85,31.01,182.3,3.03,2.64,1.0,0.0,12.5,26.0,33.0,0.0,0.0,0.0,0.0,0.0,0.0,0.0,0.0
J153524.27-090700.0,233.8511290546902,-9.116681653972412,0.504,QW,,,,,60073.7,162.5,276.2,42.51,56.74,20.09,17.89,217.3,3.19,2.69,1.0,1.0,40.9,31.0,32.0,0.0,0.0,0.0,0.0,0.0,0.0,0.0,0.0
J151151.44-110304.0,227.96434512871605,-11.051120874615062,0.427,QW,,,,,58854.6,170.9,106.9,39.1,52.17,23.2,33.56,209.3,3.78,5.18,1.0,0.0,32.2,15.0,16.0,0.0,0.0,0.0,0.0,0.0,0.0,0.0,0.0
J152302.29-090350.1,230.7595242800654,-9.063933902693416,0.782,QW,,AGN,0.013,0.022,58543.9,341.7,210.4,86.83,91.05,48.75,47.06,182.3,4.18,2.88,0.0,0.0,16.1,29.0,31.0,0.0,0.0,0.0,0.0,0.0,0.0,0.0,0.0
J152223.93-052018.4,230.5997106249429,-5.338451585996607,0.374,Q,,QSO,0.009,0.077,59380.3,198.8,7.7,46.08,80.68,93.43,159.37,248.3,3.99,3.64,0.0,2.0,26.6,16.0,16.0,0.0,0.0,0.0,0.0,0.0,0.0,0.0,0.0
J142555.78-080840.3,216.4824254790089,-8.14455105767808,0.617,QW,,QSO,0.166,0.127,58446.2,412.4,215.9,118.27,123.69,84.99,98.23,185.3,2.99,8.76,0.0,0.0,234.1,40.0,50.0,0.0,0.0,0.0,0.0,0.0,0.0,0.0,0.0
J151948.49-045743.3,229.95202816035825,-4.962032539327245,0.927,Q,,,,,59374.2,68.8,289.1,34.73,43.33,13.37,14.76,190.3,2.5,3.43,1.0,1.0,10.7,37.0,45.0,0.0,0.0,0.0,0.0,0.0,0.0,0.0,0.0
J150915.61-032750.0,227.31502798263813,-3.4638928035447343,2.45,Q,,QSO,0.015,0.013,58808.6,227.2,224.9,40.01,51.24,26.98,31.6,185.3,2.83,3.36,1.0,0.0,73.0,45.0,52.0,0.0,0.0,0.0,0.0,0.0,0.0,0.0,0.0
J222558.32-261904.1,336.4929803476068,-26.317808146518328,0.489,QW,,AGN,0.163,0.068,58771.3,384.4,226.5,41.37,49.07,92.82,77.26,268.3,2.85,3.61,0.0,0.0,29.8,32.0,32.0,0.0,0.0,0.0,0.0,0.0,0.0,0.0,0.0
J221644.93-262555.3,334.1872235910693,-26.432042216955377,1.004,Q,,,,,58822.1,15.3,67.1,42.09,49.69,33.42,32.72,240.3,5.31,3.46,0.0,1.0,10.4,10.0,9.0,0.0,0.0,0.0,0.0,0.0,0.0,0.0,0.0
J223907.64-214402.7,339.7818240136748,-21.7340848617382,1.919,Q,,AGN,0.638,0.09,59023.8,1021.3,424.6,22.93,32.66,41.56,44.47,244.3,3.43,2.97,0.0,0.0,23.6,82.0,92.0,0.0,0.0,0.0,0.0,0.0,0.0,0.0,0.0
J195609.66-274704.8,299.04026566995566,-27.7846924062358,0.756,Q,,,,,59510.1,52.9,227.5,29.16,34.5,16.27,18.48,298.2,3.81,2.9,0.0,0.0,13.7,18.0,16.0,0.0,0.0,0.0,0.0,0.0,0.0,0.0,0.0
J195338.22-252235.2,298.4092552438064,-25.37644942768145,2.389,Q,,AGN,0.136,0.178,58808.1,25.8,395.7,72.08,92.28,27.21,26.14,267.2,3.29,3.39,0.0,0.0,15.0,36.0,28.0,0.0,0.0,0.0,0.0,0.0,0.0,0.0,0.0
J191859.36-224705.0,289.7473496719373,-22.78473376338185,0.978,Q,,asteroid,0.213,0.188,59852.2,22.9,108.8,166.11,195.97,52.48,40.71,304.1,2.7,3.44,0.0,0.0,15.3,25.0,19.0,0.0,0.0,0.0,0.0,0.0,0.0,0.0,0.0
J205003.59-274012.5,312.51496682579807,-27.670144074786155,1.993,Q,,,,,58435.1,0.0,102.9,29.34,37.87,17.02,23.77,266.2,2.87,3.3,0.0,0.0,14.9,11.0,11.0,0.0,0.0,0.0,0.0,0.0,0.0,0.0,0.0
J204009.56-272011.0,310.03983934141115,-27.33640833042504,0.262,QW,,AGN,0.74,0.072,59343.1,188.5,240.6,113.05,168.76,72.27,67.05,266.2,2.93,3.14,0.0,0.0,11.7,40.0,38.0,0.0,0.0,0.0,0.0,0.0,0.0,0.0,0.0
J221306.15-214539.2,333.27562589305865,-21.76091179170541,0.926,QW,,,,,59355.8,156.9,764.4,54.01,66.49,27.52,24.86,239.3,3.56,4.08,0.0,0.0,10.9,59.0,58.0,0.0,0.0,0.0,0.0,0.0,0.0,0.0,0.0
J221418.06-182303.1,333.5752534506656,-18.384214236805644,0.22,QW,,AGN,0.504,0.153,59095.3,415.8,638.4,48.23,94.82,34.17,38.99,205.3,3.26,3.53,0.0,0.0,44.8,66.0,87.0,0.0,0.0,0.0,0.0,0.0,0.0,0.0,0.0
J215602.88-175725.6,329.01200896742023,-17.957113483610108,0.617,QW,,Blazar,0.745,0.185,60250.4,0.8,32.4,41.2,66.38,62.52,75.51,213.3,4.21,3.92,0.0,1.0,14.8,7.0,5.0,0.0,0.0,0.0,0.0,0.0,0.0,0.0,0.0
J220318.81-171956.1,330.82837014075307,-17.33225439665582,1.202,QW,,QSO,0.73,0.198,58533.9,313.5,177.3,71.51,88.85,44.28,48.45,212.3,3.37,3.91,0.0,1.0,24.8,34.0,35.0,0.0,0.0,0.0,0.0,0.0,0.0,0.0,0.0
J211419.65-202059.2,318.5818647725823,-20.34978397796949,0.273,QW,,AGN,0.636,0.059,58644.4,130.1,83.9,61.06,120.92,53.26,50.66,211.3,3.59,3.28,0.0,1.0,14.2,22.0,25.0,0.0,0.0,0.0,0.0,0.0,0.0,0.0,0.0
J215106.34-172629.6,327.7764127329742,-17.441575177986753,0.322,QW,,SN,0.194,1.565,59483.4,64.2,178.0,30.07,91.19,28.43,25.48,254.2,3.18,3.07,0.0,0.0,28.5,32.0,30.0,0.0,0.0,0.0,0.0,0.0,0.0,0.0,0.0
J215423.43-145545.1,328.5976170719928,-14.929216470994996,1.17,QW,,QSO,0.593,0.139,58611.5,244.1,109.6,33.52,45.81,32.71,39.66,208.3,2.62,3.35,1.0,0.0,12.7,25.0,25.0,0.0,0.0,0.0,0.0,0.0,0.0,0.0,0.0
J215659.31-135853.2,329.24714228916406,-13.9814622879532,0.476,Q,,AGN,0.563,0.202,58771.2,45.7,146.3,46.7,48.65,27.95,23.68,201.3,3.91,3.19,0.0,0.0,21.4,28.0,21.0,0.0,0.0,0.0,0.0,0.0,0.0,0.0,0.0
J213029.30-135820.7,322.62206535267404,-13.972431183849764,2.872,Q,,,,,59588.9,727.0,288.5,16.08,22.51,13.63,18.33,261.2,4.46,4.46,1.0,1.0,19.2,88.0,121.0,0.0,0.0,0.0,0.0,0.0,0.0,0.0,0.0
J212614.42-135117.6,321.5600825627225,-13.85489508582486,0.453,QW,,AGN,0.174,0.288,59860.2,133.8,118.9,28.26,43.11,37.56,40.64,235.3,3.09,3.16,0.0,0.0,38.6,35.0,42.0,0.0,0.0,0.0,0.0,0.0,0.0,0.0,0.0
J203004.51-232747.6,307.51880045037035,-23.463226466161565,0.404,QW,,SN,0.143,0.086,60220.2,97.9,119.3,43.06,68.8,27.05,22.72,269.2,3.78,2.75,0.0,0.0,13.2,29.0,32.0,0.0,0.0,0.0,0.0,0.0,0.0,0.0,0.0
J201656.75-222700.6,304.236474129659,-22.45018216496463,0.79,Q,,Blazar,0.481,0.172,59533.1,63.4,272.5,42.98,57.78,44.47,58.59,273.3,3.14,3.2,0.0,0.0,33.8,27.0,25.0,0.0,0.0,0.0,0.0,0.0,0.0,0.0,0.0
J201838.72-210956.5,304.6613429856585,-21.16569332646024,1.821,QW,,,,,60263.1,132.6,111.5,55.96,64.7,18.59,16.07,300.2,3.89,2.78,0.0,0.0,10.3,19.0,15.0,0.0,0.0,0.0,0.0,0.0,0.0,0.0,0.0
J204125.95-194910.8,310.35814224562137,-19.81969272801321,0.814,QW,,QSO,0.078,0.134,59194.1,273.5,279.3,71.01,77.23,57.52,62.09,206.0,3.72,3.59,0.0,0.0,29.1,52.0,52.0,0.0,0.0,0.0,0.0,0.0,0.0,0.0,0.0
J205127.26-180651.1,312.8635746316931,-18.114211415503995,2.014,QW,,,,,59379.4,71.9,483.0,54.48,60.7,20.64,16.02,206.0,3.25,3.55,0.0,0.0,14.1,45.0,45.0,0.0,0.0,0.0,0.0,0.0,0.0,0.0,0.0
J203350.01-191355.3,308.4583735630539,-19.232033108172825,1.854,QW,,QSO,0.121,0.1,59131.0,210.6,180.8,98.0,142.29,55.44,64.37,204.4,3.6,3.23,0.0,0.0,53.6,32.0,28.0,0.0,0.0,0.0,0.0,0.0,0.0,0.0,0.0
J194716.32-171616.6,296.81799199987904,-17.271286356895363,1.988,Q,,,,,59671.0,50.2,1062.9,41.32,51.5,12.5,12.03,230.2,3.57,3.0,0.0,0.0,32.3,80.0,95.0,0.0,0.0,0.0,0.0,0.0,0.0,0.0,0.0
J210351.30-181037.3,315.96374697028733,-18.177037204116083,0.59,Q,,SN,0.154,0.186,58741.9,98.4,36.1,24.71,35.74,23.6,32.05,258.3,3.27,6.2,0.0,1.0,21.2,13.0,14.0,0.0,0.0,0.0,0.0,0.0,0.0,0.0,0.0
J211527.73-154347.1,318.8655320747335,-15.729757156301542,0.835,QW,,QSO,0.081,0.064,60155.1,24.2,67.0,18.28,24.44,19.89,26.5,305.2,2.97,3.23,0.0,0.0,11.6,13.0,21.0,0.0,0.0,0.0,0.0,0.0,0.0,0.0,0.0
J211614.56-152945.7,319.0606725841012,-15.49605010589204,0.229,QW,,AGN,0.268,0.606,60212.9,346.8,49.4,118.24,167.51,37.78,39.76,210.3,3.47,3.73,0.0,0.0,19.4,46.0,45.0,0.0,0.0,0.0,0.0,0.0,0.0,0.0,0.0
J211800.96-141825.0,319.503996238658,-14.306955209307288,0.532,QW,,AGN,0.208,0.132,60263.1,287.9,273.2,61.03,70.21,31.21,31.37,210.3,2.78,3.41,0.0,1.0,25.6,61.0,61.0,0.0,0.0,0.0,0.0,0.0,0.0,0.0,0.0
J204925.59-154423.3,312.356619125614,-15.73982475103935,1.372,QW,,QSO,0.654,0.124,58870.3,459.5,179.7,33.19,47.49,32.54,31.7,206.4,3.2,3.54,0.0,0.0,31.1,41.0,45.0,0.0,0.0,0.0,0.0,0.0,0.0,0.0,0.0
J210120.73-133446.8,315.3363892571801,-13.579675709549626,0.586,Q,,QSO,0.37,0.191,58990.6,325.8,276.6,111.59,113.41,62.37,55.98,206.0,3.34,3.6,0.0,0.0,35.0,40.0,43.0,0.0,0.0,0.0,0.0,0.0,0.0,0.0,0.0
J204939.66-115039.2,312.41525330535563,-11.84423466015413,1.285,QW,,AGN,0.471,0.034,58936.9,809.6,449.8,20.65,41.94,62.83,60.25,292.1,3.28,4.04,0.0,1.0,31.1,73.0,115.0,0.0,0.0,0.0,0.0,0.0,0.0,0.0,0.0
J212447.06-105100.5,321.19609798278054,-10.850156736165664,1.159,QW,,,,,58420.1,107.8,136.4,15.64,21.17,13.28,16.1,234.3,3.06,3.23,0.0,0.0,15.7,20.0,26.0,0.0,0.0,0.0,0.0,0.0,0.0,0.0,0.0
J204536.07-123321.9,311.4002950455847,-12.556104440636066,0.102,Q,,AGN,0.687,0.131,58996.4,674.2,650.5,272.83,441.72,123.56,148.17,175.4,3.28,3.45,0.0,0.0,37.6,137.0,144.0,0.0,0.0,0.0,0.0,0.0,0.0,0.0,0.0
J203214.51-130900.2,308.0604583138003,-13.150074263136013,0.938,Q,,CV/Nova,0.077,0.062,58346.8,1.9,29.8,27.47,37.06,29.85,42.9,204.3,5.18,5.92,1.0,0.0,37.4,3.0,6.0,0.0,0.0,0.0,0.0,0.0,0.0,0.0,0.0
J203331.13-110224.1,308.37969611423085,-11.040027364807392,0.926,Q,,,,,59542.9,0.2,34.3,21.3,25.93,29.26,31.49,230.3,4.47,9.24,1.0,0.0,50.0,2.0,6.0,0.0,0.0,0.0,0.0,0.0,0.0,0.0,0.0
J205442.91-053645.9,313.6787938202192,-5.61277373765323,1.845,QW,,,,,59319.7,119.3,593.9,29.52,31.26,15.96,13.65,177.3,3.8,3.99,0.0,0.0,18.7,67.0,79.0,0.0,0.0,0.0,0.0,0.0,0.0,0.0,0.0
J204738.55-033259.6,311.9106098489732,-3.5498972982867616,0.603,Q,,SLSN,0.017,0.049,60438.2,106.2,107.1,34.96,36.37,53.94,43.31,198.3,4.44,4.08,0.0,0.0,28.4,22.0,25.0,0.0,0.0,0.0,0.0,0.0,0.0,0.0,0.0
J000557.49-070303.3,1.4895507,-7.0509202,,W,,,,,59400.4,0.0,846.5,17.29,22.29,13.21,13.07,243.2,3.74,3.18,0.0,1.0,29.6,49.0,65.0,0.0,0.0,0.0,0.0,0.0,0.0,0.0,0.0
J001014.65-215727.0,2.5610382,-21.9575057,,W,,,,,58387.3,1.5,0.4,31.98,31.16,25.64,28.04,275.8,3.6,3.96,0.0,0.0,22.7,1.0,1.0,0.0,0.0,0.0,0.0,0.0,0.0,0.0,0.0
J001824.39-074441.4,4.6016042,-7.7448347,,W,,,,,58435.3,0.6,1.4,54.96,82.26,40.75,51.31,223.2,4.42,4.83,0.0,1.0,29.5,2.0,1.0,0.0,0.0,0.0,0.0,0.0,0.0,0.0,0.0
J001952.54+264732.0,4.9689189,26.7922468,,W,,Blazar,0.455,0.192,59841.9,47.4,2.6,12.18,21.05,48.65,95.61,252.3,4.71,6.97,0.0,0.0,139.5,17.0,16.0,0.0,0.0,0.0,0.0,0.0,0.0,0.0,0.0
J002255.67+820930.2,5.7319627,82.1584083,,W,,SLSN,0.028,0.066,59050.2,128.4,30.4,18.85,41.32,48.9,67.12,244.4,3.47,4.16,0.0,0.0,64.2,30.0,38.0,0.0,0.0,0.0,0.0,0.0,0.0,0.0,0.0
J002332.25-070119.6,5.884358,-7.0221155,,W,,,,,58474.1,34.7,96.1,35.73,74.39,21.01,20.05,271.2,4.96,4.78,1.0,0.0,15.0,14.0,16.0,0.0,0.0,0.0,0.0,0.0,0.0,0.0,0.0
J002443.40+485127.9,6.1808416,48.8577514,,W,,,,,59185.2,23.6,10.7,21.93,63.38,15.04,23.81,213.3,4.72,5.9,1.0,0.0,67.5,4.0,8.0,0.0,0.0,0.0,0.0,0.0,0.0,0.0,0.0
J002531.05+491118.2,6.3793791,49.1883933,,W,,,,,58637.9,90.0,342.0,20.66,58.13,45.87,23.93,231.4,4.08,8.07,1.0,0.0,179.8,55.0,76.0,0.0,0.0,0.0,0.0,0.0,0.0,0.0,0.0
J002546.53+505740.9,6.4438606,50.9613672,,W,,,,,58435.2,83.0,132.1,13.21,37.06,11.14,12.01,243.2,3.02,3.95,1.0,0.0,13.5,37.0,48.0,0.0,0.0,0.0,0.0,0.0,0.0,0.0,0.0
J003302.72-213000.1,8.2613252,-21.5000517,,W,,,,,58832.2,13.4,3.8,58.83,125.04,46.09,143.55,253.3,3.58,6.1,0.0,0.0,45.6,1.0,2.0,0.0,0.0,0.0,0.0,0.0,0.0,0.0,0.0
J003559.38+045721.7,8.9974011,4.956052,,W,,AGN,0.084,0.071,58431.8,177.8,127.7,17.68,39.13,54.69,47.43,247.2,3.57,3.73,0.0,0.0,45.3,35.0,36.0,0.0,0.0,0.0,0.0,0.0,0.0,0.0,0.0
J004013.75+235403.7,10.0573021,23.9010434,,W,,SN,0.77,0.637,59438.4,13.1,6.0,36.78,85.86,29.16,32.85,172.2,5.94,4.31,0.0,2.0,79.4,5.0,6.0,0.0,0.0,0.0,0.0,0.0,0.0,0.0,0.0
J004259.04+273050.7,10.7459842,27.5140833,,W,,SN,0.42,0.449,60406.4,165.3,37.6,16.43,22.87,37.02,45.26,209.8,4.75,5.64,0.0,0.0,51.2,17.0,25.0,0.0,0.0,0.0,0.0,0.0,0.0,0.0,0.0
J004406.48-032438.7,11.026997,-3.4107724,,W,,,,,58435.7,16.1,2.7,45.39,84.61,25.09,42.79,251.2,3.54,4.89,1.0,1.0,26.4,3.0,5.0,0.0,0.0,0.0,0.0,0.0,0.0,0.0,0.0
J004515.42-045612.0,11.3142635,-4.9366733,,W,,,,,59227.2,5.0,0.0,57.41,102.69,72.26,64.19,324.1,6.82,3.32,0.0,1.0,46.5,2.0,1.0,0.0,0.0,0.0,0.0,0.0,0.0,0.0,0.0
J004553.05-001350.6,11.4710441,-0.2307334,,W,,,,,58438.1,19.1,3.6,23.23,57.9,20.23,35.15,237.2,3.73,4.36,1.0,0.0,24.9,2.0,4.0,0.0,0.0,0.0,0.0,0.0,0.0,0.0,0.0
J005140.93-131906.0,12.9205532,-13.3183522,,W,SN,SNII,0.325,0.921,58671.9,48.9,81.6,296.21,408.65,214.94,511.93,231.2,5.66,4.84,0.0,0.0,143.4,14.0,14.0,0.0,0.0,0.0,0.0,0.0,0.0,0.0,0.0
J005733.44-234725.0,14.3893488,-23.7902894,,W,,AGN,0.7,0.497,59151.9,129.1,444.6,54.11,130.47,46.76,43.86,338.6,2.54,3.07,0.0,0.0,13.8,47.0,44.0,0.0,0.0,0.0,0.0,0.0,0.0,0.0,0.0
J005839.07+151801.0,14.6627725,15.3002913,,W,,AGN,0.445,0.11,58909.8,328.2,77.3,48.78,127.36,66.06,74.64,143.0,3.82,4.71,0.0,0.0,45.7,75.0,82.0,0.0,0.0,0.0,0.0,0.0,0.0,0.0,0.0
J010349.53+420829.8,15.9563819,42.1416141,,W,,YSO,0.062,2.837,59278.5,486.1,289.8,36.53,60.27,20.7,16.42,153.3,3.83,3.1,0.0,1.0,13.4,108.0,131.0,0.0,0.0,0.0,0.0,0.0,0.0,0.0,0.0
J010532.46+142112.3,16.3852439,14.3534229,,W,,SNIa,0.327,1.205,58704.8,17.3,7.2,97.94,185.8,57.3,68.35,165.3,6.28,5.23,1.0,0.0,140.1,4.0,7.0,0.0,0.0,0.0,0.0,0.0,0.0,0.0,0.0
J010834.94+440821.7,17.1455649,44.1393782,,W,,,,,59354.5,151.3,33.8,13.36,18.34,19.46,17.45,216.3,3.09,4.87,0.0,1.0,10.5,29.0,45.0,0.0,0.0,0.0,0.0,0.0,0.0,0.0,0.0
J011043.91+041314.0,17.6829544,4.2205728,,W,,CV/Nova,0.042,1.449,59531.0,6.4,8.2,30.22,47.15,57.79,80.24,207.2,3.24,2.96,1.0,0.0,18.4,4.0,3.0,0.0,0.0,0.0,0.0,0.0,0.0,0.0,0.0
J011622.37-110417.7,19.0932107,-11.0716025,,W,SN,SN,0.405,0.558,60341.1,0.0,14.0,133.58,259.07,348.73,282.62,238.2,8.88,10.89,0.0,0.0,288.6,2.0,1.0,0.0,0.0,0.0,0.0,0.0,0.0,0.0,0.0
J012142.31-015432.6,20.4262894,-1.9090759,,W,,,,,58431.3,8.1,0.3,24.63,66.93,34.74,29.34,253.1,4.65,3.27,2.0,0.0,14.4,2.0,4.0,0.0,0.0,0.0,0.0,0.0,0.0,0.0,0.0
J012513.45+324953.3,21.3060362,32.8314853,,W,,,,,59926.4,130.1,17.3,28.86,48.77,10.68,14.52,166.2,4.37,6.56,1.0,1.0,54.7,16.0,20.0,0.0,0.0,0.0,0.0,0.0,0.0,0.0,0.0
J012927.72-252049.5,22.3654826,-25.3471047,,W,,,,,58429.9,49.2,0.5,46.52,151.48,37.96,44.14,295.1,3.83,4.39,0.0,0.0,21.5,3.0,6.0,0.0,0.0,0.0,0.0,0.0,0.0,0.0,0.0
J013227.22+152633.5,23.1134341,15.4426599,,W,,,,,58713.5,54.1,264.5,14.1,31.12,162.66,243.74,242.1,3.14,6.14,1.0,0.0,127.8,21.0,33.0,0.0,0.0,0.0,0.0,0.0,0.0,0.0,0.0
J013241.65+411613.7,23.1735565,41.2704826,,W,,SLSN,0.005,1.917,59005.5,172.2,77.8,11.53,22.81,17.28,17.32,239.1,4.04,4.49,0.0,0.0,69.6,38.0,50.0,0.0,0.0,0.0,0.0,0.0,0.0,0.0,0.0
J013312.97-144621.8,23.30403,-14.77274,,W,,,,,59146.0,4.8,0.0,36.74,69.75,74.61,30.21,259.2,5.76,2.96,1.0,0.0,16.4,1.0,2.0,0.0,0.0,0.0,0.0,0.0,0.0,0.0,0.0
J015006.50+120520.2,27.5270782,12.0889647,,W,,AGN,0.657,0.131,58434.3,210.2,115.8,46.59,112.43,29.34,29.66,252.2,3.14,4.06,1.0,1.0,54.8,38.0,41.0,0.0,0.0,0.0,0.0,0.0,0.0,0.0,0.0
J020118.53-182911.6,30.3271916,-18.4865677,,W,,,,,59190.1,0.0,7.7,20.0,21.17,27.04,28.77,269.2,3.58,4.38,0.0,1.0,10.1,1.0,1.0,0.0,0.0,0.0,0.0,0.0,0.0,0.0,0.0
J021554.98+052425.3,33.9790845,5.4070462,,W,,Blazar,0.436,0.504,59066.4,21.0,10.7,16.3,19.67,60.37,103.31,412.9,3.47,4.07,0.0,0.0,50.6,8.0,9.0,0.0,0.0,0.0,0.0,0.0,0.0,0.0,0.0
J022126.07-273438.6,35.358613,-27.5774138,,W,,,,,59023.7,124.9,351.4,68.81,154.1,51.78,40.38,281.2,3.3,3.03,0.0,1.0,28.6,35.0,36.0,0.0,0.0,0.0,0.0,0.0,0.0,0.0,0.0
J022259.42-220959.6,35.7475764,-22.1665706,,W,,,,,59159.5,114.7,12.9,15.26,18.27,27.39,31.69,438.8,2.97,3.0,0.0,0.0,43.1,12.0,19.0,0.0,0.0,0.0,0.0,0.0,0.0,0.0,0.0
J022607.10+032148.5,36.5295829,3.3634928,,W,,,,,60190.3,7.5,12.7,31.79,77.16,27.27,36.28,253.2,5.15,7.64,0.0,0.0,79.4,4.0,5.0,0.0,0.0,0.0,0.0,0.0,0.0,0.0,0.0
J023206.48+225255.0,38.0270204,22.8819503,,W,,,,,59064.6,3.3,0.0,12.52,26.75,25.81,15.26,245.2,4.93,3.3,1.0,1.0,16.9,1.0,2.0,0.0,0.0,0.0,0.0,0.0,0.0,0.0,0.0
J023521.28+404133.1,38.8386711,40.692545,,W,,AGN,0.76,0.068,60326.2,0.1,7.8,66.23,126.82,58.39,49.51,183.2,3.83,3.2,0.0,0.0,25.8,1.0,1.0,0.0,0.0,0.0,0.0,0.0,0.0,0.0,0.0
J024022.36+113411.1,40.0931834,11.5697524,,W,,AGN,0.088,0.082,59708.0,201.3,92.8,13.08,22.28,23.72,35.52,265.2,3.36,3.29,0.0,0.0,13.0,29.0,31.0,0.0,0.0,0.0,0.0,0.0,0.0,0.0,0.0
J024406.24-030432.7,41.0260019,-3.0757747,,W,,AGN,0.612,1.757,58611.9,315.0,139.4,33.33,32.51,33.42,27.05,180.3,2.7,4.85,0.0,0.0,39.7,46.0,42.0,0.0,0.0,0.0,0.0,0.0,0.0,0.0,0.0
J024650.77+392235.9,41.7115267,39.3766568,,W,,,,,58771.8,3.5,1.5,9.4,15.99,65.41,58.01,264.7,10.01,3.8,0.0,2.0,182.8,1.0,1.0,0.0,0.0,0.0,0.0,0.0,0.0,0.0,0.0
J024739.83+253834.8,41.9159597,25.643015,,W,,,,,60378.2,214.5,12.6,14.67,22.86,13.54,23.53,256.2,2.77,5.16,2.0,0.0,30.3,14.0,21.0,0.0,0.0,0.0,0.0,0.0,0.0,0.0,0.0
J024957.51+195644.3,42.4896236,19.945654,,W,,,,,59971.0,45.6,17.2,32.03,78.75,24.3,18.74,177.3,5.36,3.62,1.0,1.0,31.9,5.0,6.0,0.0,0.0,0.0,0.0,0.0,0.0,0.0,0.0
J025305.80-055137.8,43.2741474,-5.8605145,,W,,,,,59958.1,28.9,2.9,64.1,125.32,51.47,76.37,172.3,3.37,4.27,2.0,0.0,36.2,3.0,3.0,0.0,0.0,0.0,0.0,0.0,0.0,0.0,0.0
J025351.47+113244.4,43.4644635,11.5456873,,W,,AGN,0.457,0.283,59854.2,21.0,9.2,44.89,106.68,28.38,45.68,177.3,4.0,5.25,1.0,1.0,50.5,7.0,9.0,0.0,0.0,0.0,0.0,0.0,0.0,0.0,0.0
J025411.02+255325.1,43.5459027,25.8903138,,W,,AGN,0.44,0.152,58913.2,64.6,168.9,17.8,44.23,30.01,27.04,188.3,3.01,3.78,0.0,0.0,39.3,36.0,39.0,0.0,0.0,0.0,0.0,0.0,0.0,0.0,0.0
J025446.96-131237.7,43.6956476,-13.2104828,,W,,CV/Nova,0.03,1.369,58833.3,49.1,0.1,134.73,116.54,31.09,108.04,180.3,4.11,3.84,0.0,2.0,30.3,9.0,7.0,0.0,0.0,0.0,0.0,0.0,0.0,0.0,0.0
J025537.15-160331.4,43.9047758,-16.058734,,W,,,,,58510.2,0.0,3.5,38.19,95.87,30.03,20.65,276.2,5.07,3.66,0.0,2.0,12.6,2.0,2.0,0.0,0.0,0.0,0.0,0.0,0.0,0.0,0.0
J030121.26+424400.9,45.3385873,42.7335978,,W,,QSO,0.038,1.146,60456.4,125.2,435.6,19.22,21.68,24.05,25.04,180.3,4.0,3.97,0.0,0.0,11.6,49.0,70.0,0.0,0.0,0.0,0.0,0.0,0.0,0.0,0.0
J031132.53+413424.4,47.8855362,41.5734638,,W,,Blazar,0.569,0.023,58628.8,67.1,95.3,56.16,92.12,118.81,184.17,192.2,7.07,6.71,0.0,0.0,25.6,11.0,15.0,0.0,0.0,0.0,0.0,0.0,0.0,0.0,0.0
J032512.36-144323.1,51.3015028,-14.723082,,W,,,,,59967.7,11.2,1.5,49.29,109.2,47.19,53.29,222.3,5.02,3.8,0.0,2.0,16.6,2.0,2.0,0.0,0.0,0.0,0.0,0.0,0.0,0.0,0.0
J032812.02-224402.0,52.0501007,-22.733894,,W,,,,,59980.9,1.6,6.0,29.91,70.63,36.51,135.53,309.9,2.98,6.57,0.0,1.0,26.8,1.0,1.0,0.0,0.0,0.0,0.0,0.0,0.0,0.0,0.0
J033835.05+181512.0,54.6460509,18.2533367,,W,,AGN,0.29,0.837,60252.7,24.4,7.9,55.18,123.92,68.15,71.58,163.3,6.2,6.64,0.0,0.0,167.0,5.0,5.0,0.0,0.0,0.0,0.0,0.0,0.0,0.0,0.0
J034018.25+823645.9,55.0760481,82.6127635,,W,,,,,59211.1,66.5,41.0,55.57,68.6,23.95,22.31,166.3,3.49,3.0,1.0,0.0,24.9,25.0,24.0,0.0,0.0,0.0,0.0,0.0,0.0,0.0,0.0
J034701.71-110053.6,56.7571183,-11.0148894,,W,,AGN,0.054,0.378,58748.5,39.6,2.2,13.4,21.55,40.54,55.39,371.0,3.22,5.01,0.0,1.0,58.3,7.0,5.0,0.0,0.0,0.0,0.0,0.0,0.0,0.0,0.0
J034734.33-274452.5,56.8930456,-27.7479403,,W,,bogus,0.013,0.808,59875.6,13.6,4.6,76.77,157.82,55.43,46.2,229.4,4.51,3.93,1.0,0.0,16.9,4.0,4.0,0.0,0.0,0.0,0.0,0.0,0.0,0.0,0.0
J034932.67-271115.2,57.3861044,-27.1875689,,W,,,,,58849.7,52.9,238.9,99.17,142.47,31.04,40.2,223.6,3.04,4.82,1.0,0.0,12.4,19.0,18.0,0.0,0.0,0.0,0.0,0.0,0.0,0.0,0.0
J041241.76+140308.5,63.1740033,14.0523688,,W,,VS,0.321,0.119,59491.9,24.8,16.5,55.26,385.18,76.53,652.37,177.2,4.44,4.07,0.0,0.0,13.1,6.0,6.0,0.0,0.0,0.0,0.0,0.0,0.0,0.0,0.0
J041518.49+172143.0,63.8270413,17.3619521,,W,,,,,58931.1,250.4,8.4,19.98,50.75,22.11,27.39,176.3,3.94,3.89,1.0,0.0,13.3,20.0,30.0,0.0,0.0,0.0,0.0,0.0,0.0,0.0,0.0
J041915.95+064240.1,64.8164477,6.7111541,,W,,,,,58709.6,111.1,188.2,16.26,23.24,23.98,26.9,192.3,3.48,3.81,0.0,0.0,23.8,31.0,35.0,0.0,0.0,0.0,0.0,0.0,0.0,0.0,0.0
J042418.62-173727.1,66.0775825,-17.62421,,W,,AGN,0.063,0.172,60094.9,256.6,118.1,58.58,94.81,205.9,180.61,199.3,3.07,2.81,0.0,0.0,25.9,32.0,29.0,0.0,0.0,0.0,0.0,0.0,0.0,0.0,0.0
J042709.00-233323.7,66.7875028,-23.5565941,,W,,Blazar,0.34,0.063,60251.6,90.3,34.0,20.99,29.18,26.1,39.31,314.1,3.57,4.34,0.0,0.0,11.7,10.0,16.0,0.0,0.0,0.0,0.0,0.0,0.0,0.0,0.0
J043026.12-154626.3,67.6088332,-15.7739853,,W,,AGN,0.192,0.299,58860.1,169.7,142.4,68.11,117.18,35.71,34.58,227.2,3.72,2.97,1.0,0.0,19.8,34.0,30.0,0.0,0.0,0.0,0.0,0.0,0.0,0.0,0.0
J043447.13-201415.6,68.6963824,-20.2376714,,W,,AGN,0.694,0.321,59993.3,32.1,107.2,29.46,77.41,28.93,23.55,202.3,3.54,3.16,0.0,2.0,31.8,16.0,22.0,0.0,0.0,0.0,0.0,0.0,0.0,0.0,0.0
J044128.86+040839.7,70.3702649,4.1443728,,W,,Blazar,0.35,0.144,59187.9,13.1,5.0,43.13,97.53,43.11,79.32,183.2,4.09,3.79,0.0,0.0,22.4,6.0,6.0,0.0,0.0,0.0,0.0,0.0,0.0,0.0,0.0
J044325.89+693032.8,70.8578954,69.5091258,,W,,,,,58435.4,1.9,2.9,28.77,60.18,13.73,46.69,153.3,3.43,5.07,1.0,1.0,10.2,1.0,1.0,0.0,0.0,0.0,0.0,0.0,0.0,0.0,0.0
J044647.26-230704.1,71.6969358,-23.1178077,,W,,,,,59972.2,32.0,77.7,27.12,31.74,20.9,15.81,303.2,2.98,3.66,0.0,0.0,16.9,9.0,10.0,0.0,0.0,0.0,0.0,0.0,0.0,0.0,0.0
J045917.02+220044.8,74.8209353,22.0124666,,W,,AGN,0.116,0.116,59666.2,50.1,48.0,12.09,27.46,70.15,120.43,271.3,4.25,7.09,0.0,0.0,198.7,5.0,7.0,0.0,0.0,0.0,0.0,0.0,0.0,0.0,0.0
J051623.77+623918.3,79.0990567,62.6550897,,W,,,,,58818.4,286.5,63.0,10.34,16.19,4.87,8.92,211.2,4.42,4.0,1.0,0.0,10.6,18.0,48.0,0.0,0.0,0.0,0.0,0.0,0.0,0.0,0.0
J052743.22-184432.1,81.9300882,-18.7422662,,W,,,,,59246.1,110.5,261.8,30.34,33.76,20.0,15.3,217.2,2.94,3.84,1.0,1.0,18.3,37.0,38.0,0.0,0.0,0.0,0.0,0.0,0.0,0.0,0.0
J060826.67+555909.8,92.1111222,55.9860819,,W,,SNIbc,0.104,0.231,60246.6,4.0,5.9,13.13,18.69,95.73,177.23,292.1,7.68,9.53,0.0,0.0,425.9,1.0,1.0,0.0,0.0,0.0,0.0,0.0,0.0,0.0,0.0
J061641.81-104108.4,94.1742001,-10.6856927,,W,,VS,0.173,0.024,59144.5,37.2,16.3,17.27,35.82,9.73,27.16,294.2,2.84,3.03,0.0,2.0,13.2,7.0,13.0,0.0,0.0,0.0,0.0,0.0,0.0,0.0,0.0
J061709.74+830046.6,94.2905649,83.0129613,,W,,AGN,0.821,0.679,58875.5,306.7,117.6,48.24,106.41,39.82,42.82,147.2,3.16,3.5,0.0,0.0,78.3,48.0,59.0,0.0,0.0,0.0,0.0,0.0,0.0,0.0,0.0
J061948.11+603330.7,94.9504656,60.5585341,,W,,SN,0.651,0.135,59287.0,23.4,6.5,11.47,24.85,51.83,60.95,292.0,5.85,6.26,0.0,0.0,212.4,5.0,6.0,0.0,0.0,0.0,0.0,0.0,0.0,0.0,0.0
J063115.07+735351.0,97.8127998,73.8975081,,W,,,,,58521.2,108.6,120.7,15.49,21.03,131.1,41.5,198.3,4.05,3.9,1.0,0.0,105.5,15.0,14.0,0.0,0.0,0.0,0.0,0.0,0.0,0.0,0.0
J063304.73+330930.4,98.2697147,33.1584477,,W,,,,,58534.2,293.8,291.4,23.82,33.9,20.44,19.01,150.3,4.23,3.02,1.0,0.0,13.2,59.0,78.0,0.0,0.0,0.0,0.0,0.0,0.0,0.0,0.0
J063637.98+520715.1,99.1582455,52.1208775,,W,,,,,59721.5,134.4,295.8,16.35,29.26,10.73,9.74,147.3,3.07,3.54,1.0,1.0,42.5,25.0,39.0,0.0,0.0,0.0,0.0,0.0,0.0,0.0,0.0
J063758.12+840856.4,99.4921603,84.14901,,W,,,,,58763.5,7.7,0.2,16.79,23.59,80.09,94.67,315.3,5.09,6.31,0.0,1.0,130.5,3.0,3.0,0.0,0.0,0.0,0.0,0.0,0.0,0.0,0.0
J063826.73+284215.6,99.6113784,28.7043358,,W,,AGN,0.238,0.653,58289.6,114.0,50.0,16.76,45.21,31.28,30.31,215.3,3.35,2.92,1.0,1.0,47.5,11.0,12.0,0.0,0.0,0.0,0.0,0.0,0.0,0.0,0.0
J063831.33+500127.7,99.6305364,50.0243677,,W,,,,,59214.7,195.2,170.0,12.27,17.99,16.52,10.05,334.0,3.33,2.87,0.0,1.0,34.8,52.0,62.0,0.0,0.0,0.0,0.0,0.0,0.0,0.0,0.0
J070003.45+355008.3,105.0143703,35.8356407,,W,,,,,58561.8,0.4,3.6,48.3,84.27,19.11,50.86,157.3,3.84,4.45,1.0,1.0,11.5,2.0,1.0,0.0,0.0,0.0,0.0,0.0,0.0,0.0,0.0
J070326.68+274615.7,105.8611764,27.7710539,,W,,Blazar,0.165,0.038,60168.1,76.4,13.2,51.13,90.15,60.74,64.81,144.3,4.83,5.51,0.0,0.0,52.7,8.0,13.0,0.0,0.0,0.0,0.0,0.0,0.0,0.0,0.0
J070905.71+524852.2,107.2737948,52.8145259,,W,,,,,59903.0,140.3,87.1,31.86,72.97,16.18,15.17,139.2,3.42,3.43,0.0,1.0,98.1,24.0,40.0,0.0,0.0,0.0,0.0,0.0,0.0,0.0,0.0
J071019.54+714444.6,107.5814075,71.7457217,,W,,,,,58509.1,0.4,13.0,48.61,102.62,49.45,35.82,144.3,7.21,3.62,1.0,1.0,56.1,2.0,3.0,0.0,0.0,0.0,0.0,0.0,0.0,0.0,0.0
J071805.14+194302.7,109.5214025,19.7174288,,W,,SN,0.571,0.442,58365.8,26.5,62.4,23.29,58.65,30.86,53.99,199.3,4.72,6.25,0.0,1.0,117.8,6.0,9.0,0.0,0.0,0.0,0.0,0.0,0.0,0.0,0.0
J072209.43+412644.8,110.5392996,41.445791,,W,,,,,58529.7,69.7,17.8,27.23,35.0,44.32,24.99,139.3,6.51,3.71,0.0,2.0,35.7,16.0,17.0,0.0,0.0,0.0,0.0,0.0,0.0,0.0,0.0
J072418.60+124625.5,111.0774923,12.7737683,,W,,,,,58735.4,164.4,372.5,21.15,38.11,15.39,26.48,200.2,2.7,3.48,2.0,0.0,52.9,49.0,67.0,0.0,0.0,0.0,0.0,0.0,0.0,0.0,0.0
J072950.08+352856.3,112.4586547,35.4823239,,W,,SN,0.655,0.191,58723.4,20.8,21.2,113.28,231.67,66.5,106.32,146.3,6.76,6.04,0.0,0.0,144.6,6.0,5.0,0.0,0.0,0.0,0.0,0.0,0.0,0.0,0.0
J074845.64+030124.2,117.190184,3.0234072,,W,,SN,0.388,0.111,58853.2,11.5,201.0,36.13,80.57,27.27,26.65,167.3,3.37,3.56,0.0,0.0,28.8,15.0,19.0,0.0,0.0,0.0,0.0,0.0,0.0,0.0,0.0
J075108.94+224426.9,117.7872358,22.7408315,,W,SN,SN,0.129,0.93,58951.4,18.8,7.6,94.21,181.41,507.35,676.53,163.3,7.97,8.46,0.0,0.0,425.1,5.0,5.0,0.0,0.0,0.0,0.0,0.0,0.0,0.0,0.0
J075147.28+323641.9,117.9470016,32.6116401,,W,,,,,58784.0,1.5,2.0,24.55,45.47,30.78,73.03,236.2,3.52,7.01,0.0,2.0,36.8,1.0,1.0,0.0,0.0,0.0,0.0,0.0,0.0,0.0,0.0
J075236.81+660139.6,118.1533728,66.0276728,,W,,,,,59274.5,2.4,3.9,13.23,25.33,15.16,18.7,205.1,5.16,4.36,0.0,2.0,27.1,2.0,2.0,0.0,0.0,0.0,0.0,0.0,0.0,0.0,0.0
J082009.71+425941.0,125.0404574,42.9947388,,W,,SNII,0.008,1.043,59529.2,261.0,153.1,41.72,63.36,65.12,91.43,155.3,3.5,3.41,0.0,0.0,59.4,31.0,43.0,0.0,0.0,0.0,0.0,0.0,0.0,0.0,0.0
J082134.03+405833.6,125.3918074,40.9760244,,W,,AGN,0.793,0.194,60181.2,87.9,6.0,109.14,198.16,59.87,71.44,156.2,4.0,6.18,0.0,0.0,59.7,9.0,15.0,0.0,0.0,0.0,0.0,0.0,0.0,0.0,0.0
J082215.55+092538.2,125.5647855,9.4272787,,W,,,,,59693.1,18.5,15.3,31.31,69.37,22.94,29.72,198.4,4.18,4.71,0.0,0.0,53.5,7.0,6.0,0.0,0.0,0.0,0.0,0.0,0.0,0.0,0.0
J082539.51+262112.5,126.4146171,26.3534902,,W,,QSO,0.672,0.967,59004.2,255.1,190.6,21.16,27.82,16.19,14.84,173.3,3.2,3.95,0.0,0.0,18.4,54.0,64.0,0.0,0.0,0.0,0.0,0.0,0.0,0.0,0.0
J082544.81+224035.9,126.436699,22.6766383,,W,,,,,60230.8,0.0,7.0,67.52,106.37,44.67,36.12,162.3,6.34,3.93,0.0,0.0,26.8,1.0,1.0,0.0,0.0,0.0,0.0,0.0,0.0,0.0,0.0
J082625.03+213510.5,126.6042788,21.5862639,,W,,,,,60229.5,0.0,6.1,49.57,96.58,45.85,37.1,168.3,4.42,3.7,0.0,2.0,10.1,1.0,1.0,0.0,0.0,0.0,0.0,0.0,0.0,0.0,0.0
J082748.80+030747.0,126.9533256,3.1297337,,W,,,,,58834.2,60.1,166.4,16.45,24.91,17.65,16.31,335.0,3.25,4.0,0.0,0.0,26.6,18.0,25.0,0.0,0.0,0.0,0.0,0.0,0.0,0.0,0.0
J082810.76-025438.1,127.0448456,-2.9105975,,W,,AGN,0.261,0.099,58618.2,110.3,139.6,108.66,219.38,97.51,97.79,165.3,4.27,4.42,0.0,0.0,11.7,17.0,16.0,0.0,0.0,0.0,0.0,0.0,0.0,0.0,0.0
J082852.42+471557.1,127.2184256,47.2658707,,W,,SN,0.023,0.623,60386.5,20.5,7.9,18.58,47.25,39.38,47.99,162.3,6.33,7.72,0.0,1.0,151.1,5.0,3.0,0.0,0.0,0.0,0.0,0.0,0.0,0.0,0.0
J083118.35+263024.5,127.8264538,26.5068111,,W,,CV/Nova,0.128,0.741,60340.3,135.5,102.0,23.94,35.67,154.93,229.32,385.9,4.03,4.95,1.0,0.0,69.8,25.0,26.0,0.0,0.0,0.0,0.0,0.0,0.0,0.0,0.0
J083359.71+310011.7,128.4987944,31.0032694,,W,,,,,58505.9,170.0,130.7,46.31,118.17,18.6,28.14,157.3,2.99,3.6,1.0,0.0,16.5,27.0,41.0,0.0,0.0,0.0,0.0,0.0,0.0,0.0,0.0
J084443.46+230208.1,131.1810908,23.0356041,,W,,,,,60131.3,204.6,112.2,14.41,31.71,19.11,23.84,178.3,3.01,4.09,0.0,1.0,31.0,20.0,31.0,0.0,0.0,0.0,0.0,0.0,0.0,0.0,0.0
J085125.68+065341.2,132.8570046,6.8947934,,W,,SN,0.629,2.187,58887.5,23.9,6.5,21.04,36.06,51.5,55.53,188.3,4.76,5.5,0.0,1.0,169.0,9.0,7.0,0.0,0.0,0.0,0.0,0.0,0.0,0.0,0.0
J085553.59+480925.9,133.973294,48.157205,,W,,AGN,0.149,0.139,59639.8,245.6,94.0,12.13,19.34,23.06,22.24,160.3,3.16,3.41,1.0,0.0,46.8,29.0,42.0,0.0,0.0,0.0,0.0,0.0,0.0,0.0,0.0
J090337.83+551544.0,135.9076054,55.2622318,,W,,,,,60246.5,62.4,5.4,15.47,38.68,20.39,8.0,157.8,8.19,3.85,0.0,2.0,25.8,8.0,10.0,0.0,0.0,0.0,0.0,0.0,0.0,0.0,0.0
J090804.35+235422.3,137.018142,23.9062144,,W,,AGN,0.566,0.102,60416.0,167.5,300.1,26.26,58.09,27.33,25.17,165.3,3.22,3.61,0.0,0.0,15.0,25.0,34.0,0.0,0.0,0.0,0.0,0.0,0.0,0.0,0.0
J091243.10+575641.6,138.1796032,57.9448904,,W,,,,,59320.8,22.0,4.8,31.71,106.04,15.79,22.11,157.8,3.79,4.05,1.0,1.0,34.9,8.0,8.0,0.0,0.0,0.0,0.0,0.0,0.0,0.0,0.0
J091851.42+085411.4,139.7142514,8.903167,,W,,SN,0.554,1.034,59280.3,13.5,4.6,39.45,102.93,55.9,48.66,179.3,5.8,3.87,1.0,1.0,80.5,3.0,3.0,0.0,0.0,0.0,0.0,0.0,0.0,0.0,0.0
J092216.55+181141.6,140.5689735,18.1949137,,W,,,,,58784.1,0.8,2.4,52.9,85.68,29.06,75.64,189.4,4.81,6.47,1.0,1.0,41.9,1.0,1.0,0.0,0.0,0.0,0.0,0.0,0.0,0.0,0.0
J094142.90+254714.5,145.4287375,25.7873674,,W,,Blazar,0.319,0.265,59514.7,11.1,7.3,22.5,29.23,68.5,87.44,408.8,3.44,4.81,0.0,0.0,11.2,2.0,2.0,0.0,0.0,0.0,0.0,0.0,0.0,0.0,0.0
J094952.30+065220.1,147.4679104,6.8722502,,W,,,,,58783.1,2.0,1.8,49.58,85.87,111.39,110.98,182.3,7.54,6.43,0.0,0.0,121.3,2.0,2.0,0.0,0.0,0.0,0.0,0.0,0.0,0.0,0.0
J095700.45+235709.6,149.251857,23.9526773,,W,,,,,58784.2,0.9,5.1,113.67,153.54,77.11,103.07,151.2,6.84,6.49,0.0,2.0,97.2,2.0,2.0,0.0,0.0,0.0,0.0,0.0,0.0,0.0,0.0
J101056.57+191809.0,152.735728,19.30252,,W,,,,,59194.8,22.2,7.4,81.31,148.57,49.64,56.39,159.3,5.55,3.95,0.0,2.0,79.8,4.0,4.0,0.0,0.0,0.0,0.0,0.0,0.0,0.0,0.0
J101603.54+730715.4,154.0147605,73.1209644,,W,,AGN,0.025,0.625,60117.1,220.3,86.2,16.73,20.06,37.9,34.44,173.3,4.02,3.74,0.0,0.0,76.7,18.0,29.0,0.0,0.0,0.0,0.0,0.0,0.0,0.0,0.0
J102353.88+400724.9,155.9745093,40.1235927,,W,,,,,58505.8,2.2,1.8,34.11,84.08,54.44,38.0,147.2,8.73,6.49,0.0,2.0,102.8,1.0,1.0,0.0,0.0,0.0,0.0,0.0,0.0,0.0,0.0
J103001.82+081302.1,157.5075773,8.2172723,,W,,AGN,0.229,0.216,60335.4,247.5,312.6,18.85,33.53,54.14,44.3,166.3,3.4,2.96,0.0,0.0,21.9,44.0,51.0,0.0,0.0,0.0,0.0,0.0,0.0,0.0,0.0
J103447.90+152922.5,158.6995804,15.4896059,,W,,Blazar,0.378,0.102,59515.2,309.5,15.3,127.71,215.59,315.8,344.41,142.3,4.07,4.36,0.0,0.0,240.0,31.0,33.0,0.0,0.0,0.0,0.0,0.0,0.0,0.0,0.0
J103814.05+333310.3,159.5585258,33.5528643,,W,,AGN,0.108,1.153,59756.7,415.0,48.4,16.31,21.76,21.14,23.22,155.3,3.69,4.66,1.0,0.0,13.5,36.0,45.0,0.0,0.0,0.0,0.0,0.0,0.0,0.0,0.0
J104303.88+521049.8,160.7661586,52.1804987,,W,,,,,59348.4,358.6,20.7,15.42,23.59,17.07,21.38,154.8,3.5,3.4,2.0,0.0,77.2,27.0,39.0,0.0,0.0,0.0,0.0,0.0,0.0,0.0,0.0
J111421.39+174739.6,168.5891159,17.7943556,,W,,SN,0.144,0.46,58533.1,38.5,11.2,29.44,55.23,47.82,50.39,180.2,4.37,5.01,0.0,1.0,71.9,6.0,3.0,0.0,0.0,0.0,0.0,0.0,0.0,0.0,0.0
J112213.27-162100.0,170.5553112,-16.3500163,,W,,AGN,0.276,0.658,59474.9,193.6,260.1,71.71,135.24,32.07,29.34,255.1,3.25,2.94,0.0,0.0,20.5,26.0,34.0,0.0,0.0,0.0,0.0,0.0,0.0,0.0,0.0
J112608.05-275422.2,171.533524,-27.9061841,,W,,SN,0.279,1.58,59285.4,18.9,9.6,30.39,42.17,27.81,40.27,358.0,2.77,3.36,0.0,0.0,21.1,3.0,3.0,0.0,0.0,0.0,0.0,0.0,0.0,0.0,0.0
J112925.65+362836.5,172.3568949,36.4768188,,W,,,,,58833.4,3.3,0.3,38.35,98.78,28.34,42.85,198.1,5.92,5.02,0.0,2.0,32.8,1.0,1.0,0.0,0.0,0.0,0.0,0.0,0.0,0.0,0.0
J113518.62+175152.9,173.8275732,17.8647021,,W,,AGN,0.308,0.76,59716.3,174.4,98.8,25.93,73.17,29.33,22.07,172.2,4.25,3.57,0.0,0.0,27.3,19.0,26.0,0.0,0.0,0.0,0.0,0.0,0.0,0.0,0.0
J113659.73-023107.7,174.2488797,-2.5188296,,W,,,,,58837.3,0.2,3.8,56.13,106.21,102.16,72.11,197.3,5.25,4.94,0.0,0.0,48.2,1.0,2.0,0.0,0.0,0.0,0.0,0.0,0.0,0.0,0.0
J114319.43+122417.7,175.8309777,12.4049322,,W,,AGN,0.05,0.199,59233.0,110.3,21.0,26.5,63.16,51.22,83.61,180.2,3.82,4.16,0.0,0.0,170.9,32.0,35.0,0.0,0.0,0.0,0.0,0.0,0.0,0.0,0.0
J115538.38-041100.4,178.9099248,-4.1834496,,W,,,,,59968.3,0.1,17.1,36.58,75.26,44.94,65.6,217.3,4.13,3.62,0.0,2.0,14.3,1.0,1.0,0.0,0.0,0.0,0.0,0.0,0.0,0.0,0.0
J115928.42+232225.1,179.8684126,23.3736412,,W,,Blazar,0.144,0.166,59216.5,296.7,72.5,26.39,34.57,79.72,68.59,162.6,3.11,3.38,0.0,0.0,32.9,62.0,69.0,0.0,0.0,0.0,0.0,0.0,0.0,0.0,0.0
J120232.10-203820.2,180.6337323,-20.6389562,,W,,,,,58507.2,4.3,2.4,84.39,152.47,44.84,48.67,226.2,4.54,4.45,0.0,1.0,14.5,2.0,2.0,0.0,0.0,0.0,0.0,0.0,0.0,0.0,0.0
J120919.15-203340.9,182.329778,-20.5613743,,W,,bogus,0.177,0.913,60393.9,49.3,185.2,40.97,46.99,24.28,18.26,264.2,3.25,2.99,0.0,0.0,10.1,17.0,19.0,0.0,0.0,0.0,0.0,0.0,0.0,0.0,0.0
J120955.00+644804.6,182.4791562,64.8012838,,W,,SNII,0.011,0.099,59329.7,55.9,0.0,52.34,103.96,60.67,58.55,154.3,6.61,6.04,0.0,1.0,221.6,18.0,17.0,0.0,0.0,0.0,0.0,0.0,0.0,0.0,0.0
J121012.24+285938.1,182.551001,28.9939325,,W,,,,,58989.0,25.6,10.9,34.85,57.99,16.53,25.03,203.4,4.27,5.44,2.0,0.0,63.3,7.0,6.0,0.0,0.0,0.0,0.0,0.0,0.0,0.0,0.0
J121122.87+534914.6,182.8452721,53.820734,,W,,SNIa,0.195,0.19,59017.9,23.9,6.7,26.5,58.09,71.41,77.51,136.1,7.27,6.44,0.0,0.0,285.3,6.0,8.0,0.0,0.0,0.0,0.0,0.0,0.0,0.0,0.0
J121357.49+415722.3,183.4895535,41.9562004,,W,,,,,58884.0,4.6,0.0,10.7,21.98,29.27,18.98,267.2,4.83,3.95,0.0,1.0,29.6,1.0,2.0,0.0,0.0,0.0,0.0,0.0,0.0,0.0,0.0
J121415.99+204012.8,183.566638,20.6702459,,W,,AGN,0.325,0.28,60309.5,155.9,94.4,14.88,28.66,33.92,31.47,292.0,3.9,6.0,0.0,0.0,35.1,27.0,15.0,0.0,0.0,0.0,0.0,0.0,0.0,0.0,0.0
J121553.93+125734.3,183.9747057,12.9595352,,W,,Blazar,0.575,0.251,60100.3,276.2,130.8,16.77,37.26,37.74,62.04,242.3,4.67,4.94,0.0,0.0,82.6,34.0,40.0,0.0,0.0,0.0,0.0,0.0,0.0,0.0,0.0
J121834.48+065949.8,184.6436613,6.9971899,,W,,Blazar,0.666,0.085,59622.0,21.6,13.5,15.55,22.67,56.67,91.57,302.5,4.82,5.58,0.0,2.0,49.5,5.0,4.0,0.0,0.0,0.0,0.0,0.0,0.0,0.0,0.0
J122134.16+231427.9,185.3923158,23.2410955,,W,,QSO,0.46,2.068,59809.1,419.3,276.2,29.35,48.3,19.88,19.43,236.3,3.44,3.01,0.0,1.0,72.4,60.0,68.0,0.0,0.0,0.0,0.0,0.0,0.0,0.0,0.0
J130134.78+654310.5,195.3949031,65.7195915,,W,,AGN,0.25,0.135,59607.2,98.4,261.4,14.25,23.72,29.9,26.4,194.3,3.27,3.41,0.0,0.0,48.8,40.0,43.0,0.0,0.0,0.0,0.0,0.0,0.0,0.0,0.0
J131319.72+670356.3,198.3321587,67.0656377,,W,,SNIa,0.037,0.097,59749.1,16.3,10.0,45.67,98.77,50.66,66.74,157.3,6.92,6.94,0.0,0.0,261.4,7.0,8.0,0.0,0.0,0.0,0.0,0.0,0.0,0.0,0.0
J131613.68-223330.1,199.0570033,-22.5583606,,W,SN,SNII,0.003,0.102,58930.8,102.0,9.3,83.4,161.31,1131.88,1224.19,240.3,4.49,4.02,0.0,0.0,348.0,8.0,10.0,0.0,0.0,0.0,0.0,0.0,0.0,0.0,0.0
J131641.51+243505.6,199.1729757,24.5848969,,W,,,,,59273.4,1.7,1.7,12.19,17.46,53.12,17.09,244.1,8.84,3.73,0.0,1.0,72.4,1.0,1.0,0.0,0.0,0.0,0.0,0.0,0.0,0.0,0.0
J132419.46+295651.8,201.0811039,29.9477281,,W,,AGN,0.174,0.256,59415.3,67.6,35.3,27.31,50.52,48.66,38.4,194.3,4.49,4.63,0.0,0.0,41.5,15.0,19.0,0.0,0.0,0.0,0.0,0.0,0.0,0.0,0.0
J133337.14-204022.6,203.4047431,-20.6729679,,W,,AGN,0.572,0.218,58672.2,413.5,271.7,72.13,141.53,43.43,45.68,224.2,3.85,2.96,0.0,0.0,21.2,42.0,53.0,0.0,0.0,0.0,0.0,0.0,0.0,0.0,0.0
J133803.78+681640.9,204.5157693,68.2780396,,W,,AGN,0.673,0.149,58370.2,93.8,148.5,84.14,206.15,82.0,74.38,117.2,4.18,4.69,0.0,0.0,99.3,45.0,47.0,0.0,0.0,0.0,0.0,0.0,0.0,0.0,0.0
J134307.44+350625.0,205.7810073,35.1069633,,W,,QSO,0.462,1.186,58519.3,137.3,114.1,23.72,32.76,27.01,23.29,194.3,4.54,4.04,0.0,0.0,22.7,26.0,30.0,0.0,0.0,0.0,0.0,0.0,0.0,0.0,0.0
J134434.39+590458.7,206.1432956,59.0829963,,W,,,,,59972.0,11.8,33.3,81.97,134.56,36.32,32.08,168.1,3.33,3.88,1.0,1.0,24.9,3.0,5.0,0.0,0.0,0.0,0.0,0.0,0.0,0.0,0.0
J135521.63+022357.0,208.840112,2.399188,,W,,,,,59203.5,0.0,13.1,18.6,40.65,13.2,32.7,239.2,3.63,5.52,1.0,1.0,16.4,1.0,2.0,0.0,0.0,0.0,0.0,0.0,0.0,0.0,0.0
J140943.70+591404.9,212.4320685,59.2346955,,W,,,,,58370.9,331.8,117.1,10.95,15.21,12.47,11.14,268.5,3.87,3.75,1.0,0.0,21.6,46.0,62.0,0.0,0.0,0.0,0.0,0.0,0.0,0.0,0.0
J141236.75+014607.1,213.1531173,1.7686515,,W,,AGN,0.521,0.244,58267.4,16.5,7.3,56.82,115.53,57.58,55.65,177.2,7.45,5.03,0.0,1.0,136.6,6.0,5.0,0.0,0.0,0.0,0.0,0.0,0.0,0.0,0.0
J141946.56+174202.4,214.943989,17.7006723,,W,,SN,0.323,0.072,58668.2,18.1,6.5,48.94,129.73,38.87,45.51,308.1,4.44,3.4,1.0,1.0,51.7,5.0,7.0,0.0,0.0,0.0,0.0,0.0,0.0,0.0,0.0
J142114.53+155020.3,215.3105506,15.8389776,,W,,,,,60056.1,19.9,6.1,97.64,169.66,55.22,59.85,170.3,5.58,4.98,1.0,0.0,136.4,7.0,6.0,0.0,0.0,0.0,0.0,0.0,0.0,0.0,0.0
J143631.27-133944.4,219.1302894,-13.6623589,,W,,AGN,0.472,0.316,60092.2,158.5,151.7,30.34,60.82,41.85,38.6,245.3,2.75,3.27,0.0,0.0,14.6,25.0,29.0,0.0,0.0,0.0,0.0,0.0,0.0,0.0,0.0
J143803.24+034022.3,219.5134927,3.6728814,,W,,,,,59304.4,0.0,3.1,48.49,112.64,58.06,36.71,193.3,7.6,3.67,0.0,2.0,71.3,1.0,1.0,0.0,0.0,0.0,0.0,0.0,0.0,0.0,0.0
J144013.57-085317.3,220.0565222,-8.8881449,,W,,Blazar,0.375,0.165,58265.7,7.0,4.2,31.64,55.94,159.34,242.72,353.0,4.02,6.49,0.0,0.0,125.2,2.0,2.0,0.0,0.0,0.0,0.0,0.0,0.0,0.0,0.0
J144013.71+164109.6,220.0571297,16.6860091,,W,,QSO,0.717,0.605,59373.4,369.1,234.3,15.25,22.88,47.65,62.08,183.2,3.2,3.58,0.0,0.0,45.3,85.0,99.0,0.0,0.0,0.0,0.0,0.0,0.0,0.0,0.0
J144051.22+532423.8,220.2134194,53.4066211,,W,,,,,58506.5,0.0,4.7,156.39,222.06,265.35,389.15,117.3,3.09,2.99,0.0,0.0,52.6,2.0,1.0,0.0,0.0,0.0,0.0,0.0,0.0,0.0,0.0
J144916.91-111330.8,222.3204553,-11.2252273,,W,,QSO,0.211,1.634,58829.8,86.5,195.8,28.98,45.98,30.67,42.96,267.2,3.19,3.55,0.0,0.0,21.0,15.0,18.0,0.0,0.0,0.0,0.0,0.0,0.0,0.0,0.0
J150724.67-110432.8,226.852796,-11.0757802,,W,,AGN,0.374,0.246,59295.4,531.6,120.0,34.06,80.73,27.93,26.24,206.2,3.06,3.01,0.0,1.0,15.8,56.0,73.0,0.0,0.0,0.0,0.0,0.0,0.0,0.0,0.0
J150844.78-012624.9,227.1865804,-1.4402722,,W,,,,,58507.3,11.0,1.9,82.14,139.56,61.03,49.28,178.3,6.18,3.16,0.0,2.0,40.8,2.0,1.0,0.0,0.0,0.0,0.0,0.0,0.0,0.0,0.0
J151208.22-055922.4,228.034256,-5.9895638,,W,,,,,58682.1,197.2,30.2,31.27,77.72,29.25,25.82,202.4,3.85,3.98,0.0,1.0,10.8,13.0,13.0,0.0,0.0,0.0,0.0,0.0,0.0,0.0,0.0
J151730.91+255426.8,229.3787961,25.9074543,,W,,AGN,0.5,0.065,58636.0,342.8,70.2,13.49,32.69,18.43,17.58,172.3,3.51,3.7,0.0,1.0,18.0,57.0,77.0,0.0,0.0,0.0,0.0,0.0,0.0,0.0,0.0
J152158.33+270044.8,230.4930521,27.0124682,,W,,,,,59212.8,4.8,14.4,42.33,103.18,26.01,98.52,150.3,3.52,8.92,2.0,0.0,95.1,2.0,2.0,0.0,0.0,0.0,0.0,0.0,0.0,0.0,0.0
J152544.75-030409.1,231.4364627,-3.0691973,,W,,AGN,0.783,0.116,60433.9,108.3,297.8,42.21,114.26,38.0,39.34,183.4,3.0,3.01,0.0,0.0,105.3,45.0,43.0,0.0,0.0,0.0,0.0,0.0,0.0,0.0,0.0
J153801.22-091350.9,234.5050924,-9.2308092,,W,,,,,58647.5,54.8,5.6,14.61,19.56,24.37,20.23,300.2,3.34,3.87,0.0,0.0,36.7,5.0,8.0,0.0,0.0,0.0,0.0,0.0,0.0,0.0,0.0
J153811.32+693826.0,234.5471784,69.6405588,,W,,AGN,0.073,0.063,58600.2,182.2,247.6,29.09,51.56,48.01,44.27,136.3,3.88,4.28,0.0,0.0,18.9,72.0,77.0,0.0,0.0,0.0,0.0,0.0,0.0,0.0,0.0
J154036.27-105547.7,235.1511388,-10.9299391,,W,,,,,58308.9,76.5,62.3,26.62,67.96,16.15,20.33,240.3,3.51,3.45,0.0,0.0,13.7,12.0,14.0,0.0,0.0,0.0,0.0,0.0,0.0,0.0,0.0
J154222.83-074314.4,235.595105,-7.7206693,,W,,AGN,0.87,0.212,59348.5,63.4,64.9,68.25,124.49,34.21,36.59,203.2,2.76,3.35,0.0,1.0,38.6,27.0,30.0,0.0,0.0,0.0,0.0,0.0,0.0,0.0,0.0
J154253.22-061401.8,235.7217518,-6.2338497,,W,,Blazar,0.377,0.252,59748.3,60.4,0.5,16.31,24.82,17.37,50.51,339.1,3.04,2.98,0.0,0.0,19.4,5.0,12.0,0.0,0.0,0.0,0.0,0.0,0.0,0.0,0.0
J154317.01+235531.1,235.8208737,23.9253107,,W,,,,,59216.5,6.4,30.3,20.61,65.85,14.27,22.51,154.4,3.34,5.39,1.0,1.0,25.8,2.0,3.0,0.0,0.0,0.0,0.0,0.0,0.0,0.0,0.0
J154434.14+634152.5,236.1422509,63.6979166,,W,,,,,59746.7,22.4,84.8,15.95,38.99,15.4,16.47,150.2,3.77,4.41,1.0,1.0,28.0,21.0,28.0,0.0,0.0,0.0,0.0,0.0,0.0,0.0,0.0
J154923.56+252247.0,237.348151,25.3797279,,W,,,,,60255.3,134.9,204.6,8.77,26.09,11.82,11.52,239.3,4.98,4.95,1.0,1.0,20.0,36.0,50.0,0.0,0.0,0.0,0.0,0.0,0.0,0.0,0.0
J155226.14+031509.5,238.1088996,3.2526496,,W,,Blazar,0.662,0.187,60369.4,80.8,130.0,13.19,21.84,46.95,79.61,269.3,3.95,4.38,0.0,0.0,38.6,17.0,18.0,0.0,0.0,0.0,0.0,0.0,0.0,0.0,0.0
J155403.35-131837.4,238.5139495,-13.3103971,,W,,AGN,0.6,0.128,60265.4,186.0,224.3,32.77,94.86,59.68,56.78,207.3,3.31,3.2,0.0,0.0,57.1,47.0,58.0,0.0,0.0,0.0,0.0,0.0,0.0,0.0,0.0
J160306.36+020024.2,240.7764894,2.0067362,,W,,QSO,0.316,1.318,58521.4,803.2,314.7,29.07,33.93,54.65,43.69,148.8,2.93,4.5,0.0,0.0,84.2,108.0,147.0,0.0,0.0,0.0,0.0,0.0,0.0,0.0,0.0
J160526.58+184151.2,241.3607687,18.6975727,,W,,,,,59219.4,0.3,26.9,62.75,113.26,39.55,24.6,136.4,5.66,3.17,1.0,1.0,20.4,2.0,4.0,0.0,0.0,0.0,0.0,0.0,0.0,0.0,0.0
J161740.55+121709.5,244.4189685,12.285991,,W,,Blazar,0.116,0.067,60095.2,2.0,2.6,15.99,23.88,97.02,139.62,254.3,7.11,10.14,0.0,1.0,286.7,1.0,1.0,0.0,0.0,0.0,0.0,0.0,0.0,0.0,0.0
J162749.76+093516.1,246.9573261,9.5878097,,W,,,,,59392.4,52.7,3.7,49.12,66.71,75.63,91.99,138.3,5.57,4.35,0.0,0.0,244.1,18.0,17.0,0.0,0.0,0.0,0.0,0.0,0.0,0.0,0.0
J163054.95+274621.8,247.7289402,27.7727256,,W,,bogus,0.06,2.053,59356.7,3.2,15.7,9.93,12.74,45.2,18.09,258.2,6.58,4.19,0.0,1.0,52.6,1.0,3.0,0.0,0.0,0.0,0.0,0.0,0.0,0.0,0.0
J164203.48+421102.4,250.5144991,42.1840156,,W,,QSO,0.68,0.845,59319.7,247.3,109.9,11.95,12.82,19.71,19.87,151.8,4.47,3.81,0.0,0.0,49.2,71.0,80.0,0.0,0.0,0.0,0.0,0.0,0.0,0.0,0.0
J164746.24+471029.9,251.9426846,47.1749795,,W,,AGN,0.234,0.096,60145.2,194.8,45.0,13.81,33.1,21.61,28.63,140.9,5.08,5.46,0.0,0.0,114.2,29.0,37.0,0.0,0.0,0.0,0.0,0.0,0.0,0.0,0.0
J170059.28+661227.0,255.2469987,66.2075156,,W,,Blazar,0.445,0.623,60016.2,74.1,66.4,12.41,17.38,55.3,55.29,355.8,4.83,6.82,0.0,0.0,50.1,11.0,16.0,0.0,0.0,0.0,0.0,0.0,0.0,0.0,0.0
J171103.66+064410.7,257.7652652,6.7363296,,W,,Blazar,0.004,0.114,59098.7,140.5,48.6,18.87,30.01,96.13,111.2,209.7,3.67,4.05,0.0,0.0,113.1,20.0,28.0,0.0,0.0,0.0,0.0,0.0,0.0,0.0,0.0
J171625.60+262032.4,259.1066762,26.3423579,,W,,AGN,0.581,0.113,59888.2,132.8,70.8,38.89,85.56,28.89,52.68,144.4,5.43,4.89,0.0,1.0,74.7,17.0,20.0,0.0,0.0,0.0,0.0,0.0,0.0,0.0,0.0
J171658.89+044156.7,259.2453715,4.6991045,,W,,AGN,0.521,0.311,60381.7,41.7,225.8,29.58,94.97,25.8,26.74,135.8,5.85,4.51,0.0,1.0,17.9,24.0,34.0,0.0,0.0,0.0,0.0,0.0,0.0,0.0,0.0
J172525.81+324722.9,261.3575398,32.7897135,,W,,Blazar,0.287,0.051,59846.4,9.7,3.9,15.84,26.86,108.89,187.38,191.3,7.99,10.94,1.0,0.0,287.1,4.0,4.0,0.0,0.0,0.0,0.0,0.0,0.0,0.0,0.0
J173242.74+463533.5,263.1780882,46.5926626,,W,,QSO,0.84,0.25,59831.8,278.7,165.8,8.17,10.2,31.42,29.6,188.3,2.6,3.26,0.0,0.0,35.3,75.0,81.0,0.0,0.0,0.0,0.0,0.0,0.0,0.0,0.0
J173527.19+664831.7,263.8632798,66.8088178,,W,,QSO,0.1,0.08,59301.1,669.3,410.7,10.66,12.79,23.08,22.82,151.2,2.68,4.31,0.0,0.0,17.9,181.0,202.0,0.0,0.0,0.0,0.0,0.0,0.0,0.0,0.0
J174100.53+540158.4,265.2522054,54.0328888,,W,,,,,59181.1,84.2,205.8,15.36,27.35,9.78,12.33,128.6,6.88,4.48,1.0,0.0,36.9,43.0,55.0,0.0,0.0,0.0,0.0,0.0,0.0,0.0,0.0
J175102.03+612905.6,267.7584433,61.4849148,,W,,QSO,0.395,1.406,59588.2,124.8,339.6,69.63,61.57,45.51,33.33,98.1,3.18,4.14,1.0,0.0,98.4,94.0,93.0,0.0,0.0,0.0,0.0,0.0,0.0,0.0,0.0
J175151.04+134853.0,267.9626629,13.8147265,,W,,,,,59489.1,21.6,6.7,40.99,98.6,37.32,44.68,168.7,5.89,5.66,1.0,1.0,146.5,4.0,4.0,0.0,0.0,0.0,0.0,0.0,0.0,0.0,0.0
J175816.69+320317.1,269.5695446,32.0547535,,W,,,,,59094.9,202.3,27.7,11.22,29.45,9.12,16.06,150.4,5.33,3.95,0.0,1.0,51.8,27.0,38.0,0.0,0.0,0.0,0.0,0.0,0.0,0.0,0.0
J180604.87+681315.9,271.5203067,68.2210981,,W,,AGN,0.5,0.357,60412.1,53.2,155.4,13.52,34.57,24.33,27.25,116.3,4.78,5.75,1.0,0.0,49.7,20.0,22.0,0.0,0.0,0.0,0.0,0.0,0.0,0.0,0.0
J181350.84+141339.1,273.4618436,14.2275409,,W,,AGN,0.718,0.284,58465.2,203.6,187.3,136.51,228.54,43.85,45.96,132.9,3.23,2.9,0.0,0.0,17.8,55.0,69.0,0.0,0.0,0.0,0.0,0.0,0.0,0.0,0.0
J181412.61+175618.1,273.5525496,17.9383862,,W,,Blazar,0.275,0.553,58611.1,14.6,22.6,46.5,95.05,84.63,130.55,129.4,5.44,5.88,0.0,0.0,63.8,8.0,8.0,0.0,0.0,0.0,0.0,0.0,0.0,0.0,0.0
J181626.19+123627.6,274.1091279,12.6076739,,W,,Blazar,0.014,0.166,58497.4,138.3,33.4,17.31,35.88,57.83,105.3,258.3,3.66,4.25,0.0,0.0,34.5,14.0,23.0,0.0,0.0,0.0,0.0,0.0,0.0,0.0,0.0
J182916.34+265415.1,277.3180625,26.9042206,,W,,,,,58592.4,573.6,307.7,10.28,15.97,20.43,20.02,171.3,3.71,3.36,0.0,0.0,32.9,118.0,142.0,0.0,0.0,0.0,0.0,0.0,0.0,0.0,0.0
J183255.41+414143.8,278.2308812,41.6955104,,W,,SN,0.259,0.199,58628.5,0.0,4.0,13.68,28.16,80.58,68.03,209.3,9.34,9.25,0.0,0.0,296.1,1.0,1.0,0.0,0.0,0.0,0.0,0.0,0.0,0.0,0.0
J183515.40+295609.7,278.8141503,29.9360456,,W,,,,,59239.0,118.7,297.9,17.98,22.06,10.12,10.46,153.4,5.92,4.55,2.0,0.0,16.3,68.0,82.0,0.0,0.0,0.0,0.0,0.0,0.0,0.0,0.0
J184623.28+702727.5,281.5969873,70.4576418,,W,,,,,58741.3,0.6,3.4,18.17,18.67,22.62,15.55,169.2,4.64,3.56,0.0,1.0,11.8,1.0,1.0,0.0,0.0,0.0,0.0,0.0,0.0,0.0,0.0
J190327.02+463244.3,285.8625676,46.5456395,,W,,QSO,0.493,1.566,59307.5,0.6,4.2,60.26,85.59,40.74,22.95,105.4,4.03,3.81,1.0,0.0,26.2,1.0,1.0,0.0,0.0,0.0,0.0,0.0,0.0,0.0,0.0
J190525.62+693722.8,286.3567478,69.6230006,,W,,Blazar,0.626,0.261,59796.6,8.2,12.9,18.81,28.07,55.33,95.81,163.3,4.8,6.01,0.0,0.0,44.1,6.0,4.0,0.0,0.0,0.0,0.0,0.0,0.0,0.0,0.0
J193510.34+421209.9,293.7930628,42.2027727,,W,,,,,60262.2,206.1,86.6,10.45,15.48,9.32,11.55,210.2,3.81,3.27,0.0,0.0,44.0,17.0,34.0,0.0,0.0,0.0,0.0,0.0,0.0,0.0,0.0
J200651.84+105936.5,301.7160204,10.9934732,,W,,Blazar,0.537,0.08,59013.4,100.8,85.4,30.49,70.32,109.85,204.14,174.7,4.27,4.28,0.0,0.0,71.2,38.0,38.0,0.0,0.0,0.0,0.0,0.0,0.0,0.0,0.0
J201238.68+110310.3,303.1611586,11.0528655,,W,,AGN,0.475,1.524,59255.8,485.2,367.4,20.96,34.8,23.67,24.12,177.3,3.99,3.46,0.0,1.0,139.8,113.0,132.0,0.0,0.0,0.0,0.0,0.0,0.0,0.0,0.0
J201639.46+690441.7,304.1644221,69.0782528,,W,,AGN,0.057,0.361,59414.5,157.6,29.3,27.78,63.43,33.36,60.72,101.4,4.17,4.66,1.0,0.0,73.8,23.0,39.0,0.0,0.0,0.0,0.0,0.0,0.0,0.0,0.0
J201850.49-121030.0,304.7103555,-12.1750137,,W,,AGN,0.422,0.114,58356.8,623.3,5.4,40.32,71.34,21.17,21.59,179.4,3.3,7.49,0.0,1.0,40.4,34.0,41.0,0.0,0.0,0.0,0.0,0.0,0.0,0.0,0.0
J202039.36-062610.5,305.1639793,-6.4362584,,W,,,,,58634.5,324.4,110.5,16.46,19.89,16.34,15.89,218.3,3.07,2.91,0.0,1.0,31.5,30.0,27.0,0.0,0.0,0.0,0.0,0.0,0.0,0.0,0.0
J202759.70-234209.3,306.9987486,-23.7025834,,W,,CV/Nova,0.36,0.213,59412.4,72.7,83.1,108.97,157.15,494.32,623.14,266.2,3.48,4.01,0.0,0.0,61.9,26.0,24.0,0.0,0.0,0.0,0.0,0.0,0.0,0.0,0.0
J203336.84-275303.9,308.4035183,-27.8844299,,W,,SN,0.523,0.373,60498.8,28.1,8.9,42.51,96.53,33.13,37.85,266.2,3.33,3.87,0.0,0.0,41.5,5.0,6.0,0.0,0.0,0.0,0.0,0.0,0.0,0.0,0.0
J203350.45+145250.3,308.4602079,14.8806412,,W,,,,,59492.8,14.8,7.5,26.56,43.44,151.64,162.14,209.2,6.11,7.94,0.0,0.0,279.7,5.0,3.0,0.0,0.0,0.0,0.0,0.0,0.0,0.0,0.0
J203746.41+862134.2,309.4433895,86.3595206,,W,,,,,58833.1,0.0,31.4,14.24,21.59,33.05,11.51,214.1,5.85,3.36,0.0,2.0,50.6,2.0,4.0,0.0,0.0,0.0,0.0,0.0,0.0,0.0,0.0
J210440.92+164532.8,316.1704925,16.7591194,,W,,SN,0.071,0.278,58639.8,12.5,48.8,8.87,20.2,14.68,38.73,304.1,3.6,6.86,0.0,0.0,41.4,5.0,6.0,0.0,0.0,0.0,0.0,0.0,0.0,0.0,0.0
J210934.40-261656.7,317.3933362,-26.28242,,W,,AGN,0.541,0.093,59236.6,294.1,185.4,75.72,108.36,49.31,46.45,243.3,3.42,3.24,0.0,0.0,59.1,30.0,40.0,0.0,0.0,0.0,0.0,0.0,0.0,0.0,0.0
J211337.85-131934.4,318.4077183,-13.3262326,,W,,,,,58447.2,362.3,150.0,15.33,16.45,17.09,17.79,287.2,4.32,4.35,0.0,1.0,29.6,37.0,44.0,0.0,0.0,0.0,0.0,0.0,0.0,0.0,0.0
J211447.76+085604.0,318.6990154,8.9344586,,W,,AGN,0.329,0.074,59376.9,355.8,248.2,27.89,97.3,25.62,21.87,172.3,3.61,5.35,0.0,1.0,62.1,87.0,112.0,0.0,0.0,0.0,0.0,0.0,0.0,0.0,0.0
J211650.47+295853.8,319.2102785,29.9816142,,W,,AGN,0.588,0.047,59731.4,140.5,121.3,30.69,82.45,27.45,26.81,137.3,4.74,3.56,0.0,0.0,56.1,48.0,52.0,0.0,0.0,0.0,0.0,0.0,0.0,0.0,0.0
J211728.40+231629.1,319.3683343,23.2747488,,W,,AGN,0.268,0.537,59267.1,43.1,180.7,14.81,18.72,24.24,20.01,207.3,4.03,3.1,0.0,0.0,39.8,21.0,25.0,0.0,0.0,0.0,0.0,0.0,0.0,0.0,0.0
J212156.29+765308.4,320.4845371,76.8856924,,W,,Blazar,0.336,0.282,59497.3,23.0,28.3,13.48,21.05,12.36,48.73,335.1,3.03,5.56,0.0,0.0,13.1,6.0,10.0,0.0,0.0,0.0,0.0,0.0,0.0,0.0,0.0
J212439.42+235820.4,321.1642416,23.972349,,W,,,,,59687.4,12.5,2.5,30.09,71.13,26.87,25.76,182.3,7.19,3.31,1.0,1.0,51.6,3.0,2.0,0.0,0.0,0.0,0.0,0.0,0.0,0.0,0.0
J212448.08-163435.5,321.2003231,-16.5765389,,W,,,,,59869.1,10.2,4.4,18.78,21.28,1900.95,1240.56,258.3,7.56,7.35,0.0,0.0,540.2,2.0,3.0,0.0,0.0,0.0,0.0,0.0,0.0,0.0,0.0
J213215.31+305044.4,323.0637834,30.8456715,,W,,AGN,0.758,0.47,58336.3,0.7,3.4,11.57,19.59,63.47,32.41,188.3,8.03,6.46,1.0,1.0,154.7,1.0,2.0,0.0,0.0,0.0,0.0,0.0,0.0,0.0,0.0
J213530.77-220304.4,323.8782,-22.0512262,,W,,AGN,0.61,0.235,59845.7,29.0,4.3,126.66,264.64,54.89,54.87,246.3,4.63,3.28,1.0,1.0,53.4,9.0,10.0,0.0,0.0,0.0,0.0,0.0,0.0,0.0,0.0
J213542.16-063605.5,323.9256564,-6.6015288,,W,,,,,58846.1,11.1,74.7,49.06,69.63,25.5,21.06,183.3,4.63,3.93,0.0,0.0,11.8,6.0,10.0,0.0,0.0,0.0,0.0,0.0,0.0,0.0,0.0
J214250.85+324909.1,325.711889,32.8192191,,W,,AGN,0.192,0.28,60405.1,191.3,49.0,16.15,29.19,28.01,35.36,159.3,6.26,5.45,1.0,0.0,80.7,41.0,47.0,0.0,0.0,0.0,0.0,0.0,0.0,0.0,0.0
J215242.05-102629.5,328.1752278,-10.4415527,,W,,,,,59240.9,138.9,265.9,27.07,34.35,23.79,22.33,213.2,4.04,3.05,0.0,0.0,32.0,37.0,46.0,0.0,0.0,0.0,0.0,0.0,0.0,0.0,0.0
J215433.50+311455.2,328.6396007,31.2486723,,W,,VS,0.222,0.977,58441.3,101.6,85.4,50.4,63.3,20.33,17.97,161.3,4.3,4.78,0.0,2.0,36.8,23.0,24.0,0.0,0.0,0.0,0.0,0.0,0.0,0.0,0.0
J221112.79+111205.9,332.8033,11.2016647,,W,,,,,59339.0,99.9,193.1,30.61,29.83,27.51,17.0,176.3,3.41,3.21,0.0,0.0,37.9,45.0,56.0,0.0,0.0,0.0,0.0,0.0,0.0,0.0,0.0
J221123.50-144327.6,332.8479003,-14.7243324,,W,,AGN,0.571,0.23,58774.6,170.3,270.1,69.25,164.65,31.96,36.4,213.3,3.77,3.28,0.0,0.0,43.7,26.0,24.0,0.0,0.0,0.0,0.0,0.0,0.0,0.0,0.0
J221207.64+113941.9,333.0318212,11.6616551,,W,,,,,59860.0,307.9,83.0,14.01,17.59,9.81,10.78,269.3,3.86,3.13,1.0,1.0,26.0,48.0,58.0,0.0,0.0,0.0,0.0,0.0,0.0,0.0,0.0
J221314.61-101135.1,333.3108767,-10.1930897,,W,,Blazar,0.44,0.052,60578.6,9.3,1.6,36.08,40.84,42.46,36.14,211.4,3.5,3.53,0.0,0.0,31.8,1.0,2.0,0.0,0.0,0.0,0.0,0.0,0.0,0.0,0.0
J221527.70+004635.8,333.8654173,0.7766207,,W,,,,,58482.1,27.0,31.5,53.56,98.75,20.22,26.29,184.3,3.85,4.96,1.0,1.0,22.1,4.0,7.0,0.0,0.0,0.0,0.0,0.0,0.0,0.0,0.0
J221644.83-262555.4,334.186812,-26.4320546,,W,,,,,58822.1,15.3,67.1,42.09,49.69,33.42,32.72,240.3,5.31,3.46,0.0,1.0,10.4,10.0,9.0,0.0,0.0,0.0,0.0,0.0,0.0,0.0,0.0
J221907.48-122139.7,334.7811826,-12.361039,,W,,Blazar,0.317,0.069,59167.8,30.1,5.2,15.33,30.95,24.31,34.98,332.1,3.57,4.22,0.0,0.0,13.8,5.0,7.0,0.0,0.0,0.0,0.0,0.0,0.0,0.0,0.0
J221919.54-173318.6,334.8314313,-17.5551769,,W,,AGN,0.175,0.21,58830.1,965.9,323.5,73.36,191.95,65.31,77.08,190.3,3.04,2.97,0.0,0.0,93.7,93.0,109.0,0.0,0.0,0.0,0.0,0.0,0.0,0.0,0.0
J222027.84+340920.0,335.1160096,34.1555786,,W,,QSO,0.52,0.303,59181.4,417.1,326.0,7.65,14.88,16.78,19.1,215.2,2.92,3.53,0.0,1.0,59.8,85.0,110.0,0.0,0.0,0.0,0.0,0.0,0.0,0.0,0.0
J222420.65+325333.5,336.0860305,32.8926635,,W,,,,,58330.2,3.2,2.9,8.51,12.0,19.62,11.42,276.1,5.89,3.72,0.0,0.0,26.2,1.0,2.0,0.0,0.0,0.0,0.0,0.0,0.0,0.0,0.0
J222647.62+092450.2,336.6984109,9.4139593,,W,,QSO,0.55,1.162,58725.5,224.9,236.3,55.36,60.93,40.19,41.35,182.2,3.19,3.16,0.0,0.0,56.0,39.0,44.0,0.0,0.0,0.0,0.0,0.0,0.0,0.0,0.0
J222747.47-192204.4,336.947802,-19.3678966,,W,,Blazar,0.418,0.116,59795.3,0.2,1.1,25.77,50.05,148.73,163.51,338.0,5.49,7.68,1.0,0.0,157.9,1.0,2.0,0.0,0.0,0.0,0.0,0.0,0.0,0.0,0.0
J223051.52-101553.8,337.7146734,-10.2649691,,W,,AGN,0.425,0.469,59106.1,328.4,54.0,26.31,59.52,53.97,62.62,242.1,3.47,2.8,0.0,0.0,41.6,39.0,57.0,0.0,0.0,0.0,0.0,0.0,0.0,0.0,0.0
J223256.56-224758.7,338.2356625,-22.7996611,,W,,,,,58454.4,304.7,78.8,73.58,114.54,24.6,30.59,246.8,4.64,3.05,1.0,0.0,19.2,29.0,24.0,0.0,0.0,0.0,0.0,0.0,0.0,0.0,0.0
J223856.16-194538.7,339.734005,-19.7607554,,W,,,,,59903.9,0.2,3.2,78.51,171.48,21.46,108.42,230.2,3.15,6.25,0.0,1.0,18.0,2.0,1.0,0.0,0.0,0.0,0.0,0.0,0.0,0.0,0.0
J224508.03+124636.1,341.2834435,12.7766969,,W,,,,,59400.4,13.7,1.4,18.26,18.06,121.4,20.95,211.3,5.73,2.75,0.0,1.0,23.0,3.0,4.0,0.0,0.0,0.0,0.0,0.0,0.0,0.0,0.0
J224521.99-023141.5,341.3416363,-2.5281935,,W,,,,,58741.0,504.9,279.0,21.25,26.3,17.57,13.24,213.3,3.06,3.4,1.0,1.0,61.4,62.0,83.0,0.0,0.0,0.0,0.0,0.0,0.0,0.0,0.0
J224959.60-125116.8,342.4983522,-12.8546695,,W,,Blazar,0.467,0.132,58371.2,0.9,4.4,29.68,51.33,116.21,203.62,219.3,5.88,6.61,0.0,2.0,210.3,2.0,2.0,0.0,0.0,0.0,0.0,0.0,0.0,0.0,0.0
J225252.03+402222.9,343.2168093,40.373027,,W,,,,,58640.7,14.6,3.7,10.3,48.53,334.77,124.11,355.1,4.93,4.77,0.0,0.0,107.8,2.0,2.0,0.0,0.0,0.0,0.0,0.0,0.0,0.0,0.0
J225713.84+300047.5,344.3076569,30.0132176,,W,,bogus,0.685,2.391,60156.4,23.2,2.8,6.4,9.75,21.36,21.87,326.1,3.39,3.22,0.0,1.0,39.6,4.0,4.0,0.0,0.0,0.0,0.0,0.0,0.0,0.0,0.0
J225752.81-100821.1,344.4700554,-10.1392107,,W,,,,,59218.2,0.4,17.2,36.31,59.52,71.77,31.27,204.3,8.9,4.2,0.0,2.0,118.2,1.0,2.0,0.0,0.0,0.0,0.0,0.0,0.0,0.0,0.0
J230148.46+133053.9,345.4519374,13.5149975,,W,,,,,58433.2,27.7,0.0,35.05,89.47,21.61,23.44,194.3,4.91,3.55,0.0,2.0,21.8,3.0,2.0,0.0,0.0,0.0,0.0,0.0,0.0,0.0,0.0
J230257.70-083029.9,345.7403966,-8.5083313,,W,,,,,59219.0,0.0,13.1,47.84,76.7,64.28,34.76,203.4,8.46,3.74,0.0,0.0,66.5,1.0,1.0,0.0,0.0,0.0,0.0,0.0,0.0,0.0,0.0
J230434.13-032257.7,346.1422056,-3.3826963,,W,,,,,59896.0,289.8,37.8,12.51,12.97,14.77,22.95,310.0,3.42,3.68,0.0,0.0,53.1,19.0,25.0,0.0,0.0,0.0,0.0,0.0,0.0,0.0,0.0
J230628.08+034004.3,346.6169918,3.6678754,,W,,,,,58435.2,40.6,0.3,33.29,57.39,21.1,33.82,210.2,4.5,5.04,0.0,2.0,33.8,3.0,5.0,0.0,0.0,0.0,0.0,0.0,0.0,0.0,0.0
J230634.81-040215.1,346.645036,-4.0375349,,W,,Blazar,0.551,0.288,58440.9,2.9,5.7,22.37,30.81,68.55,111.22,279.1,4.11,5.17,0.0,0.0,33.1,1.0,2.0,0.0,0.0,0.0,0.0,0.0,0.0,0.0,0.0
J230759.65-141145.3,346.9985431,-14.1959407,,W,,,,,58434.9,3.9,1.6,22.9,55.57,18.63,39.53,233.3,3.77,5.89,1.0,1.0,30.5,1.0,1.0,0.0,0.0,0.0,0.0,0.0,0.0,0.0,0.0
J232006.52+224601.5,350.0271648,22.7671091,,W,,AGN,0.831,0.042,60222.3,283.7,210.0,92.41,180.17,72.7,77.94,187.2,3.39,3.18,0.0,0.0,38.3,48.0,61.0,0.0,0.0,0.0,0.0,0.0,0.0,0.0,0.0
J232112.20+395902.7,350.3008372,39.984105,,W,,,,,60100.4,102.4,26.4,18.64,28.42,23.53,22.36,266.2,6.15,4.56,0.0,1.0,47.2,16.0,11.0,0.0,0.0,0.0,0.0,0.0,0.0,0.0,0.0
J232400.07+400425.1,351.0003079,40.0736446,,W,,SNII,0.036,0.097,60190.0,139.1,21.7,39.34,69.2,68.27,97.34,151.3,4.31,4.58,0.0,0.0,234.3,33.0,32.0,0.0,0.0,0.0,0.0,0.0,0.0,0.0,0.0
J232431.09-154503.9,351.1295249,-15.7511063,,W,,,,,58436.6,0.0,2.5,36.84,44.33,32.84,64.51,230.2,3.99,6.5,1.0,1.0,88.9,2.0,1.0,0.0,0.0,0.0,0.0,0.0,0.0,0.0,0.0
J232548.55-065952.9,351.4522868,-6.9980428,,W,,,,,59108.8,233.4,63.0,12.89,18.72,23.23,40.06,293.1,3.58,2.6,0.0,0.0,43.8,27.0,38.0,0.0,0.0,0.0,0.0,0.0,0.0,0.0,0.0
J232929.99+075825.4,352.3749751,7.9737263,,W,,,,,58436.7,0.1,1.9,37.28,102.64,14.83,60.22,202.2,2.99,6.36,1.0,1.0,35.7,1.0,2.0,0.0,0.0,0.0,0.0,0.0,0.0,0.0,0.0
J233331.22-175230.7,353.3800748,-17.8751936,,W,,SN,0.436,0.461,59401.5,22.3,9.4,65.71,72.18,69.07,90.49,213.3,6.29,5.89,0.0,0.0,127.1,4.0,5.0,0.0,0.0,0.0,0.0,0.0,0.0,0.0,0.0
J235141.97-173359.4,357.9248572,-17.5665201,,W,,,,,58833.1,66.3,50.8,14.61,28.68,24.11,30.51,276.2,3.01,5.02,0.0,1.0,20.7,9.0,10.0,0.0,0.0,0.0,0.0,0.0,0.0,0.0,0.0
J235301.57+421139.7,358.2565236,42.1943839,,W,,Blazar,0.509,0.445,59872.6,206.1,0.0,34.56,36.96,96.44,91.92,191.3,3.36,3.39,1.0,1.0,117.5,14.0,26.0,0.0,0.0,0.0,0.0,0.0,0.0,0.0,0.0
J235336.66-085818.8,358.4027366,-8.9719037,,W,,,,,58431.7,11.4,0.0,42.79,78.78,42.71,154.0,212.3,3.72,7.86,1.0,1.0,83.9,3.0,1.0,0.0,0.0,0.0,0.0,0.0,0.0,0.0,0.0
J235900.33+452919.7,359.7513742,45.4888069,,W,SN,SNIa,0.276,1.62,58756.0,13.0,6.8,104.24,219.85,66.8,59.0,132.6,7.79,5.13,1.0,0.0,209.0,7.0,5.0,0.0,0.0,0.0,0.0,0.0,0.0,0.0,0.0
